target,target_label,combination,n_features,model,cv_accuracy_mean,cv_accuracy_std
asic_area,ASIC7 Area (um2),luts,1,LogisticRegression,0.4667,0.1886
asic_area,ASIC7 Area (um2),luts,1,Perceptron,0.4667,0.1886
asic_area,ASIC7 Area (um2),luts,1,SGDClassifier,0.4667,0.1886
asic_area,ASIC7 Area (um2),fmax,1,LogisticRegression,0.7333,0.0943
asic_area,ASIC7 Area (um2),fmax,1,Perceptron,0.5333,0.0943
asic_area,ASIC7 Area (um2),fmax,1,SGDClassifier,0.6,0.0
asic_area,ASIC7 Area (um2),power,1,LogisticRegression,0.2667,0.0943
asic_area,ASIC7 Area (um2),power,1,Perceptron,0.2667,0.0943
asic_area,ASIC7 Area (um2),power,1,SGDClassifier,0.4,0.1633
asic_area,ASIC7 Area (um2),nets,1,LogisticRegression,0.5333,0.2494
asic_area,ASIC7 Area (um2),nets,1,Perceptron,0.4667,0.1886
asic_area,ASIC7 Area (um2),nets,1,SGDClassifier,0.4667,0.1886
asic_area,ASIC7 Area (um2),ffs,1,LogisticRegression,0.4667,0.1886
asic_area,ASIC7 Area (um2),ffs,1,Perceptron,0.5333,0.0943
asic_area,ASIC7 Area (um2),ffs,1,SGDClassifier,0.4,0.1633
asic_area,ASIC7 Area (um2),distram,1,LogisticRegression,0.2,0.0
asic_area,ASIC7 Area (um2),distram,1,Perceptron,0.2,0.1633
asic_area,ASIC7 Area (um2),distram,1,SGDClassifier,0.2,0.1633
asic_area,ASIC7 Area (um2),unicontrolsets,1,LogisticRegression,0.4667,0.2494
asic_area,ASIC7 Area (um2),unicontrolsets,1,Perceptron,0.3333,0.1886
asic_area,ASIC7 Area (um2),unicontrolsets,1,SGDClassifier,0.4667,0.1886
asic_area,ASIC7 Area (um2),luts + fmax,2,LogisticRegression,0.6667,0.0943
asic_area,ASIC7 Area (um2),luts + fmax,2,Perceptron,0.6,0.0
asic_area,ASIC7 Area (um2),luts + fmax,2,SGDClassifier,0.6,0.0
asic_area,ASIC7 Area (um2),luts + power,2,LogisticRegression,0.5333,0.2494
asic_area,ASIC7 Area (um2),luts + power,2,Perceptron,0.5333,0.0943
asic_area,ASIC7 Area (um2),luts + power,2,SGDClassifier,0.6,0.0
asic_area,ASIC7 Area (um2),luts + nets,2,LogisticRegression,0.5333,0.2494
asic_area,ASIC7 Area (um2),luts + nets,2,Perceptron,0.3333,0.1886
asic_area,ASIC7 Area (um2),luts + nets,2,SGDClassifier,0.5333,0.0943
asic_area,ASIC7 Area (um2),luts + ffs,2,LogisticRegression,0.5333,0.2494
asic_area,ASIC7 Area (um2),luts + ffs,2,Perceptron,0.6,0.1633
asic_area,ASIC7 Area (um2),luts + ffs,2,SGDClassifier,0.5333,0.0943
asic_area,ASIC7 Area (um2),luts + distram,2,LogisticRegression,0.5333,0.0943
asic_area,ASIC7 Area (um2),luts + distram,2,Perceptron,0.6667,0.0943
asic_area,ASIC7 Area (um2),luts + distram,2,SGDClassifier,0.5333,0.2494
asic_area,ASIC7 Area (um2),luts + unicontrolsets,2,LogisticRegression,0.4667,0.1886
asic_area,ASIC7 Area (um2),luts + unicontrolsets,2,Perceptron,0.4667,0.1886
asic_area,ASIC7 Area (um2),luts + unicontrolsets,2,SGDClassifier,0.4,0.1633
asic_area,ASIC7 Area (um2),fmax + power,2,LogisticRegression,0.6,0.1633
asic_area,ASIC7 Area (um2),fmax + power,2,Perceptron,0.6,0.0
asic_area,ASIC7 Area (um2),fmax + power,2,SGDClassifier,0.6,0.0
asic_area,ASIC7 Area (um2),fmax + nets,2,LogisticRegression,0.7333,0.0943
asic_area,ASIC7 Area (um2),fmax + nets,2,Perceptron,0.6667,0.0943
asic_area,ASIC7 Area (um2),fmax + nets,2,SGDClassifier,0.6,0.0
asic_area,ASIC7 Area (um2),fmax + ffs,2,LogisticRegression,0.7333,0.0943
asic_area,ASIC7 Area (um2),fmax + ffs,2,Perceptron,0.7333,0.0943
asic_area,ASIC7 Area (um2),fmax + ffs,2,SGDClassifier,0.7333,0.0943
asic_area,ASIC7 Area (um2),fmax + distram,2,LogisticRegression,0.6,0.0
asic_area,ASIC7 Area (um2),fmax + distram,2,Perceptron,0.6,0.1633
asic_area,ASIC7 Area (um2),fmax + distram,2,SGDClassifier,0.6,0.0
asic_area,ASIC7 Area (um2),fmax + unicontrolsets,2,LogisticRegression,0.6667,0.0943
asic_area,ASIC7 Area (um2),fmax + unicontrolsets,2,Perceptron,0.5333,0.0943
asic_area,ASIC7 Area (um2),fmax + unicontrolsets,2,SGDClassifier,0.6,0.0
asic_area,ASIC7 Area (um2),power + nets,2,LogisticRegression,0.5333,0.2494
asic_area,ASIC7 Area (um2),power + nets,2,Perceptron,0.5333,0.0943
asic_area,ASIC7 Area (um2),power + nets,2,SGDClassifier,0.4667,0.1886
asic_area,ASIC7 Area (um2),power + ffs,2,LogisticRegression,0.4667,0.2494
asic_area,ASIC7 Area (um2),power + ffs,2,Perceptron,0.4667,0.0943
asic_area,ASIC7 Area (um2),power + ffs,2,SGDClassifier,0.4667,0.1886
asic_area,ASIC7 Area (um2),power + distram,2,LogisticRegression,0.3333,0.0943
asic_area,ASIC7 Area (um2),power + distram,2,Perceptron,0.3333,0.0943
asic_area,ASIC7 Area (um2),power + distram,2,SGDClassifier,0.2,0.1633
asic_area,ASIC7 Area (um2),power + unicontrolsets,2,LogisticRegression,0.4667,0.1886
asic_area,ASIC7 Area (um2),power + unicontrolsets,2,Perceptron,0.3333,0.0943
asic_area,ASIC7 Area (um2),power + unicontrolsets,2,SGDClassifier,0.3333,0.0943
asic_area,ASIC7 Area (um2),nets + ffs,2,LogisticRegression,0.6,0.1633
asic_area,ASIC7 Area (um2),nets + ffs,2,Perceptron,0.6667,0.0943
asic_area,ASIC7 Area (um2),nets + ffs,2,SGDClassifier,0.5333,0.2494
asic_area,ASIC7 Area (um2),nets + distram,2,LogisticRegression,0.6,0.1633
asic_area,ASIC7 Area (um2),nets + distram,2,Perceptron,0.4667,0.1886
asic_area,ASIC7 Area (um2),nets + distram,2,SGDClassifier,0.5333,0.0943
asic_area,ASIC7 Area (um2),nets + unicontrolsets,2,LogisticRegression,0.5333,0.2494
asic_area,ASIC7 Area (um2),nets + unicontrolsets,2,Perceptron,0.4,0.1633
asic_area,ASIC7 Area (um2),nets + unicontrolsets,2,SGDClassifier,0.4,0.1633
asic_area,ASIC7 Area (um2),ffs + distram,2,LogisticRegression,0.6,0.1633
asic_area,ASIC7 Area (um2),ffs + distram,2,Perceptron,0.6667,0.0943
asic_area,ASIC7 Area (um2),ffs + distram,2,SGDClassifier,0.6667,0.1886
asic_area,ASIC7 Area (um2),ffs + unicontrolsets,2,LogisticRegression,0.4,0.1633
asic_area,ASIC7 Area (um2),ffs + unicontrolsets,2,Perceptron,0.4,0.1633
asic_area,ASIC7 Area (um2),ffs + unicontrolsets,2,SGDClassifier,0.4,0.1633
asic_area,ASIC7 Area (um2),distram + unicontrolsets,2,LogisticRegression,0.5333,0.1886
asic_area,ASIC7 Area (um2),distram + unicontrolsets,2,Perceptron,0.5333,0.0943
asic_area,ASIC7 Area (um2),distram + unicontrolsets,2,SGDClassifier,0.4,0.1633
asic_area,ASIC7 Area (um2),luts + fmax + power,3,LogisticRegression,0.6667,0.0943
asic_area,ASIC7 Area (um2),luts + fmax + power,3,Perceptron,0.4667,0.0943
asic_area,ASIC7 Area (um2),luts + fmax + power,3,SGDClassifier,0.5333,0.0943
asic_area,ASIC7 Area (um2),luts + fmax + nets,3,LogisticRegression,0.7333,0.0943
asic_area,ASIC7 Area (um2),luts + fmax + nets,3,Perceptron,0.6667,0.0943
asic_area,ASIC7 Area (um2),luts + fmax + nets,3,SGDClassifier,0.7333,0.1886
asic_area,ASIC7 Area (um2),luts + fmax + ffs,3,LogisticRegression,0.7333,0.0943
asic_area,ASIC7 Area (um2),luts + fmax + ffs,3,Perceptron,0.6,0.0
asic_area,ASIC7 Area (um2),luts + fmax + ffs,3,SGDClassifier,0.5333,0.0943
asic_area,ASIC7 Area (um2),luts + fmax + distram,3,LogisticRegression,0.6,0.0
asic_area,ASIC7 Area (um2),luts + fmax + distram,3,Perceptron,0.6,0.1633
asic_area,ASIC7 Area (um2),luts + fmax + distram,3,SGDClassifier,0.5333,0.2494
asic_area,ASIC7 Area (um2),luts + fmax + unicontrolsets,3,LogisticRegression,0.6667,0.0943
asic_area,ASIC7 Area (um2),luts + fmax + unicontrolsets,3,Perceptron,0.5333,0.0943
asic_area,ASIC7 Area (um2),luts + fmax + unicontrolsets,3,SGDClassifier,0.5333,0.0943
asic_area,ASIC7 Area (um2),luts + power + nets,3,LogisticRegression,0.5333,0.0943
asic_area,ASIC7 Area (um2),luts + power + nets,3,Perceptron,0.5333,0.0943
asic_area,ASIC7 Area (um2),luts + power + nets,3,SGDClassifier,0.4667,0.1886
asic_area,ASIC7 Area (um2),luts + power + ffs,3,LogisticRegression,0.5333,0.0943
asic_area,ASIC7 Area (um2),luts + power + ffs,3,Perceptron,0.4667,0.1886
asic_area,ASIC7 Area (um2),luts + power + ffs,3,SGDClassifier,0.5333,0.0943
asic_area,ASIC7 Area (um2),luts + power + distram,3,LogisticRegression,0.5333,0.0943
asic_area,ASIC7 Area (um2),luts + power + distram,3,Perceptron,0.4667,0.0943
asic_area,ASIC7 Area (um2),luts + power + distram,3,SGDClassifier,0.4667,0.0943
asic_area,ASIC7 Area (um2),luts + power + unicontrolsets,3,LogisticRegression,0.4667,0.1886
asic_area,ASIC7 Area (um2),luts + power + unicontrolsets,3,Perceptron,0.4,0.1633
asic_area,ASIC7 Area (um2),luts + power + unicontrolsets,3,SGDClassifier,0.3333,0.1886
asic_area,ASIC7 Area (um2),luts + nets + ffs,3,LogisticRegression,0.6,0.1633
asic_area,ASIC7 Area (um2),luts + nets + ffs,3,Perceptron,0.4,0.1633
asic_area,ASIC7 Area (um2),luts + nets + ffs,3,SGDClassifier,0.4667,0.0943
asic_area,ASIC7 Area (um2),luts + nets + distram,3,LogisticRegression,0.5333,0.2494
asic_area,ASIC7 Area (um2),luts + nets + distram,3,Perceptron,0.6667,0.0943
asic_area,ASIC7 Area (um2),luts + nets + distram,3,SGDClassifier,0.7333,0.0943
asic_area,ASIC7 Area (um2),luts + nets + unicontrolsets,3,LogisticRegression,0.5333,0.2494
asic_area,ASIC7 Area (um2),luts + nets + unicontrolsets,3,Perceptron,0.4667,0.1886
asic_area,ASIC7 Area (um2),luts + nets + unicontrolsets,3,SGDClassifier,0.4667,0.1886
asic_area,ASIC7 Area (um2),luts + ffs + distram,3,LogisticRegression,0.5333,0.2494
asic_area,ASIC7 Area (um2),luts + ffs + distram,3,Perceptron,0.6,0.0
asic_area,ASIC7 Area (um2),luts + ffs + distram,3,SGDClassifier,0.6,0.0
asic_area,ASIC7 Area (um2),luts + ffs + unicontrolsets,3,LogisticRegression,0.5333,0.0943
asic_area,ASIC7 Area (um2),luts + ffs + unicontrolsets,3,Perceptron,0.5333,0.0943
asic_area,ASIC7 Area (um2),luts + ffs + unicontrolsets,3,SGDClassifier,0.4,0.1633
asic_area,ASIC7 Area (um2),luts + distram + unicontrolsets,3,LogisticRegression,0.4667,0.1886
asic_area,ASIC7 Area (um2),luts + distram + unicontrolsets,3,Perceptron,0.5333,0.0943
asic_area,ASIC7 Area (um2),luts + distram + unicontrolsets,3,SGDClassifier,0.6,0.1633
asic_area,ASIC7 Area (um2),fmax + power + nets,3,LogisticRegression,0.6667,0.0943
asic_area,ASIC7 Area (um2),fmax + power + nets,3,Perceptron,0.6667,0.0943
asic_area,ASIC7 Area (um2),fmax + power + nets,3,SGDClassifier,0.6667,0.0943
asic_area,ASIC7 Area (um2),fmax + power + ffs,3,LogisticRegression,0.6667,0.0943
asic_area,ASIC7 Area (um2),fmax + power + ffs,3,Perceptron,0.7333,0.0943
asic_area,ASIC7 Area (um2),fmax + power + ffs,3,SGDClassifier,0.6667,0.0943
asic_area,ASIC7 Area (um2),fmax + power + distram,3,LogisticRegression,0.6,0.1633
asic_area,ASIC7 Area (um2),fmax + power + distram,3,Perceptron,0.5333,0.0943
asic_area,ASIC7 Area (um2),fmax + power + distram,3,SGDClassifier,0.5333,0.0943
asic_area,ASIC7 Area (um2),fmax + power + unicontrolsets,3,LogisticRegression,0.6667,0.0943
asic_area,ASIC7 Area (um2),fmax + power + unicontrolsets,3,Perceptron,0.4,0.1633
asic_area,ASIC7 Area (um2),fmax + power + unicontrolsets,3,SGDClassifier,0.4,0.1633
asic_area,ASIC7 Area (um2),fmax + nets + ffs,3,LogisticRegression,0.7333,0.0943
asic_area,ASIC7 Area (um2),fmax + nets + ffs,3,Perceptron,0.6667,0.0943
asic_area,ASIC7 Area (um2),fmax + nets + ffs,3,SGDClassifier,0.6,0.0
asic_area,ASIC7 Area (um2),fmax + nets + distram,3,LogisticRegression,0.6667,0.0943
asic_area,ASIC7 Area (um2),fmax + nets + distram,3,Perceptron,0.6,0.1633
asic_area,ASIC7 Area (um2),fmax + nets + distram,3,SGDClassifier,0.6,0.1633
asic_area,ASIC7 Area (um2),fmax + nets + unicontrolsets,3,LogisticRegression,0.7333,0.0943
asic_area,ASIC7 Area (um2),fmax + nets + unicontrolsets,3,Perceptron,0.6,0.0
asic_area,ASIC7 Area (um2),fmax + nets + unicontrolsets,3,SGDClassifier,0.6,0.0
asic_area,ASIC7 Area (um2),fmax + ffs + distram,3,LogisticRegression,0.7333,0.0943
asic_area,ASIC7 Area (um2),fmax + ffs + distram,3,Perceptron,0.6667,0.0943
asic_area,ASIC7 Area (um2),fmax + ffs + distram,3,SGDClassifier,0.7333,0.0943
asic_area,ASIC7 Area (um2),fmax + ffs + unicontrolsets,3,LogisticRegression,0.6667,0.0943
asic_area,ASIC7 Area (um2),fmax + ffs + unicontrolsets,3,Perceptron,0.6,0.0
asic_area,ASIC7 Area (um2),fmax + ffs + unicontrolsets,3,SGDClassifier,0.5333,0.0943
asic_area,ASIC7 Area (um2),fmax + distram + unicontrolsets,3,LogisticRegression,0.6,0.0
asic_area,ASIC7 Area (um2),fmax + distram + unicontrolsets,3,Perceptron,0.5333,0.2494
asic_area,ASIC7 Area (um2),fmax + distram + unicontrolsets,3,SGDClassifier,0.4,0.2828
asic_area,ASIC7 Area (um2),power + nets + ffs,3,LogisticRegression,0.5333,0.0943
asic_area,ASIC7 Area (um2),power + nets + ffs,3,Perceptron,0.4,0.1633
asic_area,ASIC7 Area (um2),power + nets + ffs,3,SGDClassifier,0.6,0.0
asic_area,ASIC7 Area (um2),power + nets + distram,3,LogisticRegression,0.5333,0.0943
asic_area,ASIC7 Area (um2),power + nets + distram,3,Perceptron,0.5333,0.0943
asic_area,ASIC7 Area (um2),power + nets + distram,3,SGDClassifier,0.5333,0.0943
asic_area,ASIC7 Area (um2),power + nets + unicontrolsets,3,LogisticRegression,0.5333,0.2494
asic_area,ASIC7 Area (um2),power + nets + unicontrolsets,3,Perceptron,0.4,0.1633
asic_area,ASIC7 Area (um2),power + nets + unicontrolsets,3,SGDClassifier,0.4,0.1633
asic_area,ASIC7 Area (um2),power + ffs + distram,3,LogisticRegression,0.4667,0.1886
asic_area,ASIC7 Area (um2),power + ffs + distram,3,Perceptron,0.6,0.0
asic_area,ASIC7 Area (um2),power + ffs + distram,3,SGDClassifier,0.4667,0.0943
asic_area,ASIC7 Area (um2),power + ffs + unicontrolsets,3,LogisticRegression,0.4,0.2828
asic_area,ASIC7 Area (um2),power + ffs + unicontrolsets,3,Perceptron,0.3333,0.1886
asic_area,ASIC7 Area (um2),power + ffs + unicontrolsets,3,SGDClassifier,0.3333,0.1886
asic_area,ASIC7 Area (um2),power + distram + unicontrolsets,3,LogisticRegression,0.4,0.1633
asic_area,ASIC7 Area (um2),power + distram + unicontrolsets,3,Perceptron,0.4667,0.2494
asic_area,ASIC7 Area (um2),power + distram + unicontrolsets,3,SGDClassifier,0.4,0.1633
asic_area,ASIC7 Area (um2),nets + ffs + distram,3,LogisticRegression,0.6,0.1633
asic_area,ASIC7 Area (um2),nets + ffs + distram,3,Perceptron,0.6,0.0
asic_area,ASIC7 Area (um2),nets + ffs + distram,3,SGDClassifier,0.6667,0.0943
asic_area,ASIC7 Area (um2),nets + ffs + unicontrolsets,3,LogisticRegression,0.5333,0.0943
asic_area,ASIC7 Area (um2),nets + ffs + unicontrolsets,3,Perceptron,0.4,0.1633
asic_area,ASIC7 Area (um2),nets + ffs + unicontrolsets,3,SGDClassifier,0.4,0.1633
asic_area,ASIC7 Area (um2),nets + distram + unicontrolsets,3,LogisticRegression,0.4667,0.1886
asic_area,ASIC7 Area (um2),nets + distram + unicontrolsets,3,Perceptron,0.4,0.1633
asic_area,ASIC7 Area (um2),nets + distram + unicontrolsets,3,SGDClassifier,0.6,0.0
asic_area,ASIC7 Area (um2),ffs + distram + unicontrolsets,3,LogisticRegression,0.5333,0.0943
asic_area,ASIC7 Area (um2),ffs + distram + unicontrolsets,3,Perceptron,0.6,0.0
asic_area,ASIC7 Area (um2),ffs + distram + unicontrolsets,3,SGDClassifier,0.6,0.1633
asic_area,ASIC7 Area (um2),luts + fmax + power + nets,4,LogisticRegression,0.6667,0.0943
asic_area,ASIC7 Area (um2),luts + fmax + power + nets,4,Perceptron,0.8,0.1633
asic_area,ASIC7 Area (um2),luts + fmax + power + nets,4,SGDClassifier,0.8,0.1633
asic_area,ASIC7 Area (um2),luts + fmax + power + ffs,4,LogisticRegression,0.7333,0.0943
asic_area,ASIC7 Area (um2),luts + fmax + power + ffs,4,Perceptron,0.7333,0.0943
asic_area,ASIC7 Area (um2),luts + fmax + power + ffs,4,SGDClassifier,0.6667,0.0943
asic_area,ASIC7 Area (um2),luts + fmax + power + distram,4,LogisticRegression,0.6,0.0
asic_area,ASIC7 Area (um2),luts + fmax + power + distram,4,Perceptron,0.5333,0.0943
asic_area,ASIC7 Area (um2),luts + fmax + power + distram,4,SGDClassifier,0.5333,0.0943
asic_area,ASIC7 Area (um2),luts + fmax + power + unicontrolsets,4,LogisticRegression,0.6667,0.0943
asic_area,ASIC7 Area (um2),luts + fmax + power + unicontrolsets,4,Perceptron,0.5333,0.0943
asic_area,ASIC7 Area (um2),luts + fmax + power + unicontrolsets,4,SGDClassifier,0.5333,0.0943
asic_area,ASIC7 Area (um2),luts + fmax + nets + ffs,4,LogisticRegression,0.7333,0.0943
asic_area,ASIC7 Area (um2),luts + fmax + nets + ffs,4,Perceptron,0.6,0.1633
asic_area,ASIC7 Area (um2),luts + fmax + nets + ffs,4,SGDClassifier,0.6667,0.0943
asic_area,ASIC7 Area (um2),luts + fmax + nets + distram,4,LogisticRegression,0.6667,0.0943
asic_area,ASIC7 Area (um2),luts + fmax + nets + distram,4,Perceptron,0.6,0.1633
asic_area,ASIC7 Area (um2),luts + fmax + nets + distram,4,SGDClassifier,0.5333,0.2494
asic_area,ASIC7 Area (um2),luts + fmax + nets + unicontrolsets,4,LogisticRegression,0.7333,0.0943
asic_area,ASIC7 Area (um2),luts + fmax + nets + unicontrolsets,4,Perceptron,0.6,0.0
asic_area,ASIC7 Area (um2),luts + fmax + nets + unicontrolsets,4,SGDClassifier,0.5333,0.0943
asic_area,ASIC7 Area (um2),luts + fmax + ffs + distram,4,LogisticRegression,0.7333,0.0943
asic_area,ASIC7 Area (um2),luts + fmax + ffs + distram,4,Perceptron,0.6,0.0
asic_area,ASIC7 Area (um2),luts + fmax + ffs + distram,4,SGDClassifier,0.6,0.0
asic_area,ASIC7 Area (um2),luts + fmax + ffs + unicontrolsets,4,LogisticRegression,0.6667,0.0943
asic_area,ASIC7 Area (um2),luts + fmax + ffs + unicontrolsets,4,Perceptron,0.6,0.0
asic_area,ASIC7 Area (um2),luts + fmax + ffs + unicontrolsets,4,SGDClassifier,0.6,0.1633
asic_area,ASIC7 Area (um2),luts + fmax + distram + unicontrolsets,4,LogisticRegression,0.6,0.0
asic_area,ASIC7 Area (um2),luts + fmax + distram + unicontrolsets,4,Perceptron,0.5333,0.0943
asic_area,ASIC7 Area (um2),luts + fmax + distram + unicontrolsets,4,SGDClassifier,0.5333,0.0943
asic_area,ASIC7 Area (um2),luts + power + nets + ffs,4,LogisticRegression,0.6,0.1633
asic_area,ASIC7 Area (um2),luts + power + nets + ffs,4,Perceptron,0.5333,0.0943
asic_area,ASIC7 Area (um2),luts + power + nets + ffs,4,SGDClassifier,0.4,0.1633
asic_area,ASIC7 Area (um2),luts + power + nets + distram,4,LogisticRegression,0.4667,0.1886
asic_area,ASIC7 Area (um2),luts + power + nets + distram,4,Perceptron,0.6667,0.0943
asic_area,ASIC7 Area (um2),luts + power + nets + distram,4,SGDClassifier,0.6,0.1633
asic_area,ASIC7 Area (um2),luts + power + nets + unicontrolsets,4,LogisticRegression,0.6,0.1633
asic_area,ASIC7 Area (um2),luts + power + nets + unicontrolsets,4,Perceptron,0.4,0.1633
asic_area,ASIC7 Area (um2),luts + power + nets + unicontrolsets,4,SGDClassifier,0.5333,0.0943
asic_area,ASIC7 Area (um2),luts + power + ffs + distram,4,LogisticRegression,0.4667,0.1886
asic_area,ASIC7 Area (um2),luts + power + ffs + distram,4,Perceptron,0.5333,0.0943
asic_area,ASIC7 Area (um2),luts + power + ffs + distram,4,SGDClassifier,0.4667,0.0943
asic_area,ASIC7 Area (um2),luts + power + ffs + unicontrolsets,4,LogisticRegression,0.4667,0.0943
asic_area,ASIC7 Area (um2),luts + power + ffs + unicontrolsets,4,Perceptron,0.4,0.1633
asic_area,ASIC7 Area (um2),luts + power + ffs + unicontrolsets,4,SGDClassifier,0.4667,0.0943
asic_area,ASIC7 Area (um2),luts + power + distram + unicontrolsets,4,LogisticRegression,0.4667,0.1886
asic_area,ASIC7 Area (um2),luts + power + distram + unicontrolsets,4,Perceptron,0.5333,0.0943
asic_area,ASIC7 Area (um2),luts + power + distram + unicontrolsets,4,SGDClassifier,0.4,0.0
asic_area,ASIC7 Area (um2),luts + nets + ffs + distram,4,LogisticRegression,0.5333,0.2494
asic_area,ASIC7 Area (um2),luts + nets + ffs + distram,4,Perceptron,0.5333,0.0943
asic_area,ASIC7 Area (um2),luts + nets + ffs + distram,4,SGDClassifier,0.4667,0.0943
asic_area,ASIC7 Area (um2),luts + nets + ffs + unicontrolsets,4,LogisticRegression,0.5333,0.0943
asic_area,ASIC7 Area (um2),luts + nets + ffs + unicontrolsets,4,Perceptron,0.4,0.1633
asic_area,ASIC7 Area (um2),luts + nets + ffs + unicontrolsets,4,SGDClassifier,0.4667,0.0943
asic_area,ASIC7 Area (um2),luts + nets + distram + unicontrolsets,4,LogisticRegression,0.4667,0.1886
asic_area,ASIC7 Area (um2),luts + nets + distram + unicontrolsets,4,Perceptron,0.5333,0.0943
asic_area,ASIC7 Area (um2),luts + nets + distram + unicontrolsets,4,SGDClassifier,0.6667,0.0943
asic_area,ASIC7 Area (um2),luts + ffs + distram + unicontrolsets,4,LogisticRegression,0.4667,0.1886
asic_area,ASIC7 Area (um2),luts + ffs + distram + unicontrolsets,4,Perceptron,0.5333,0.0943
asic_area,ASIC7 Area (um2),luts + ffs + distram + unicontrolsets,4,SGDClassifier,0.4667,0.0943
asic_area,ASIC7 Area (um2),fmax + power + nets + ffs,4,LogisticRegression,0.7333,0.0943
asic_area,ASIC7 Area (um2),fmax + power + nets + ffs,4,Perceptron,0.5333,0.0943
asic_area,ASIC7 Area (um2),fmax + power + nets + ffs,4,SGDClassifier,0.5333,0.0943
asic_area,ASIC7 Area (um2),fmax + power + nets + distram,4,LogisticRegression,0.6,0.0
asic_area,ASIC7 Area (um2),fmax + power + nets + distram,4,Perceptron,0.5333,0.0943
asic_area,ASIC7 Area (um2),fmax + power + nets + distram,4,SGDClassifier,0.4667,0.1886
asic_area,ASIC7 Area (um2),fmax + power + nets + unicontrolsets,4,LogisticRegression,0.6667,0.0943
asic_area,ASIC7 Area (um2),fmax + power + nets + unicontrolsets,4,Perceptron,0.6,0.0
asic_area,ASIC7 Area (um2),fmax + power + nets + unicontrolsets,4,SGDClassifier,0.5333,0.0943
asic_area,ASIC7 Area (um2),fmax + power + ffs + distram,4,LogisticRegression,0.6,0.0
asic_area,ASIC7 Area (um2),fmax + power + ffs + distram,4,Perceptron,0.5333,0.0943
asic_area,ASIC7 Area (um2),fmax + power + ffs + distram,4,SGDClassifier,0.6,0.1633
asic_area,ASIC7 Area (um2),fmax + power + ffs + unicontrolsets,4,LogisticRegression,0.6667,0.0943
asic_area,ASIC7 Area (um2),fmax + power + ffs + unicontrolsets,4,Perceptron,0.6,0.1633
asic_area,ASIC7 Area (um2),fmax + power + ffs + unicontrolsets,4,SGDClassifier,0.4667,0.1886
asic_area,ASIC7 Area (um2),fmax + power + distram + unicontrolsets,4,LogisticRegression,0.5333,0.0943
asic_area,ASIC7 Area (um2),fmax + power + distram + unicontrolsets,4,Perceptron,0.4667,0.1886
asic_area,ASIC7 Area (um2),fmax + power + distram + unicontrolsets,4,SGDClassifier,0.5333,0.0943
asic_area,ASIC7 Area (um2),fmax + nets + ffs + distram,4,LogisticRegression,0.7333,0.0943
asic_area,ASIC7 Area (um2),fmax + nets + ffs + distram,4,Perceptron,0.6667,0.0943
asic_area,ASIC7 Area (um2),fmax + nets + ffs + distram,4,SGDClassifier,0.5333,0.0943
asic_area,ASIC7 Area (um2),fmax + nets + ffs + unicontrolsets,4,LogisticRegression,0.6667,0.0943
asic_area,ASIC7 Area (um2),fmax + nets + ffs + unicontrolsets,4,Perceptron,0.7333,0.0943
asic_area,ASIC7 Area (um2),fmax + nets + ffs + unicontrolsets,4,SGDClassifier,0.5333,0.0943
asic_area,ASIC7 Area (um2),fmax + nets + distram + unicontrolsets,4,LogisticRegression,0.6,0.0
asic_area,ASIC7 Area (um2),fmax + nets + distram + unicontrolsets,4,Perceptron,0.4,0.1633
asic_area,ASIC7 Area (um2),fmax + nets + distram + unicontrolsets,4,SGDClassifier,0.4667,0.1886
asic_area,ASIC7 Area (um2),fmax + ffs + distram + unicontrolsets,4,LogisticRegression,0.6667,0.0943
asic_area,ASIC7 Area (um2),fmax + ffs + distram + unicontrolsets,4,Perceptron,0.6667,0.0943
asic_area,ASIC7 Area (um2),fmax + ffs + distram + unicontrolsets,4,SGDClassifier,0.5333,0.0943
asic_area,ASIC7 Area (um2),power + nets + ffs + distram,4,LogisticRegression,0.4667,0.1886
asic_area,ASIC7 Area (um2),power + nets + ffs + distram,4,Perceptron,0.6,0.0
asic_area,ASIC7 Area (um2),power + nets + ffs + distram,4,SGDClassifier,0.5333,0.0943
asic_area,ASIC7 Area (um2),power + nets + ffs + unicontrolsets,4,LogisticRegression,0.4667,0.0943
asic_area,ASIC7 Area (um2),power + nets + ffs + unicontrolsets,4,Perceptron,0.3333,0.1886
asic_area,ASIC7 Area (um2),power + nets + ffs + unicontrolsets,4,SGDClassifier,0.5333,0.0943
asic_area,ASIC7 Area (um2),power + nets + distram + unicontrolsets,4,LogisticRegression,0.4667,0.1886
asic_area,ASIC7 Area (um2),power + nets + distram + unicontrolsets,4,Perceptron,0.5333,0.0943
asic_area,ASIC7 Area (um2),power + nets + distram + unicontrolsets,4,SGDClassifier,0.4,0.1633
asic_area,ASIC7 Area (um2),power + ffs + distram + unicontrolsets,4,LogisticRegression,0.4,0.1633
asic_area,ASIC7 Area (um2),power + ffs + distram + unicontrolsets,4,Perceptron,0.5333,0.0943
asic_area,ASIC7 Area (um2),power + ffs + distram + unicontrolsets,4,SGDClassifier,0.4,0.1633
asic_area,ASIC7 Area (um2),nets + ffs + distram + unicontrolsets,4,LogisticRegression,0.4667,0.1886
asic_area,ASIC7 Area (um2),nets + ffs + distram + unicontrolsets,4,Perceptron,0.4667,0.0943
asic_area,ASIC7 Area (um2),nets + ffs + distram + unicontrolsets,4,SGDClassifier,0.5333,0.0943
asic_area,ASIC7 Area (um2),luts + fmax + power + nets + ffs,5,LogisticRegression,0.7333,0.0943
asic_area,ASIC7 Area (um2),luts + fmax + power + nets + ffs,5,Perceptron,0.5333,0.0943
asic_area,ASIC7 Area (um2),luts + fmax + power + nets + ffs,5,SGDClassifier,0.5333,0.0943
asic_area,ASIC7 Area (um2),luts + fmax + power + nets + distram,5,LogisticRegression,0.6,0.0
asic_area,ASIC7 Area (um2),luts + fmax + power + nets + distram,5,Perceptron,0.6,0.1633
asic_area,ASIC7 Area (um2),luts + fmax + power + nets + distram,5,SGDClassifier,0.4667,0.1886
asic_area,ASIC7 Area (um2),luts + fmax + power + nets + unicontrolsets,5,LogisticRegression,0.6667,0.0943
asic_area,ASIC7 Area (um2),luts + fmax + power + nets + unicontrolsets,5,Perceptron,0.5333,0.0943
asic_area,ASIC7 Area (um2),luts + fmax + power + nets + unicontrolsets,5,SGDClassifier,0.6,0.1633
asic_area,ASIC7 Area (um2),luts + fmax + power + ffs + distram,5,LogisticRegression,0.6,0.0
asic_area,ASIC7 Area (um2),luts + fmax + power + ffs + distram,5,Perceptron,0.5333,0.0943
asic_area,ASIC7 Area (um2),luts + fmax + power + ffs + distram,5,SGDClassifier,0.6,0.1633
asic_area,ASIC7 Area (um2),luts + fmax + power + ffs + unicontrolsets,5,LogisticRegression,0.6667,0.0943
asic_area,ASIC7 Area (um2),luts + fmax + power + ffs + unicontrolsets,5,Perceptron,0.5333,0.0943
asic_area,ASIC7 Area (um2),luts + fmax + power + ffs + unicontrolsets,5,SGDClassifier,0.5333,0.0943
asic_area,ASIC7 Area (um2),luts + fmax + power + distram + unicontrolsets,5,LogisticRegression,0.6,0.0
asic_area,ASIC7 Area (um2),luts + fmax + power + distram + unicontrolsets,5,Perceptron,0.4,0.1633
asic_area,ASIC7 Area (um2),luts + fmax + power + distram + unicontrolsets,5,SGDClassifier,0.4,0.1633
asic_area,ASIC7 Area (um2),luts + fmax + nets + ffs + distram,5,LogisticRegression,0.6667,0.0943
asic_area,ASIC7 Area (um2),luts + fmax + nets + ffs + distram,5,Perceptron,0.6,0.0
asic_area,ASIC7 Area (um2),luts + fmax + nets + ffs + distram,5,SGDClassifier,0.6,0.1633
asic_area,ASIC7 Area (um2),luts + fmax + nets + ffs + unicontrolsets,5,LogisticRegression,0.6667,0.0943
asic_area,ASIC7 Area (um2),luts + fmax + nets + ffs + unicontrolsets,5,Perceptron,0.6,0.0
asic_area,ASIC7 Area (um2),luts + fmax + nets + ffs + unicontrolsets,5,SGDClassifier,0.6,0.0
asic_area,ASIC7 Area (um2),luts + fmax + nets + distram + unicontrolsets,5,LogisticRegression,0.6,0.0
asic_area,ASIC7 Area (um2),luts + fmax + nets + distram + unicontrolsets,5,Perceptron,0.4667,0.1886
asic_area,ASIC7 Area (um2),luts + fmax + nets + distram + unicontrolsets,5,SGDClassifier,0.6,0.0
asic_area,ASIC7 Area (um2),luts + fmax + ffs + distram + unicontrolsets,5,LogisticRegression,0.6,0.0
asic_area,ASIC7 Area (um2),luts + fmax + ffs + distram + unicontrolsets,5,Perceptron,0.5333,0.0943
asic_area,ASIC7 Area (um2),luts + fmax + ffs + distram + unicontrolsets,5,SGDClassifier,0.4667,0.0943
asic_area,ASIC7 Area (um2),luts + power + nets + ffs + distram,5,LogisticRegression,0.5333,0.2494
asic_area,ASIC7 Area (um2),luts + power + nets + ffs + distram,5,Perceptron,0.5333,0.0943
asic_area,ASIC7 Area (um2),luts + power + nets + ffs + distram,5,SGDClassifier,0.4,0.1633
asic_area,ASIC7 Area (um2),luts + power + nets + ffs + unicontrolsets,5,LogisticRegression,0.5333,0.0943
asic_area,ASIC7 Area (um2),luts + power + nets + ffs + unicontrolsets,5,Perceptron,0.4667,0.1886
asic_area,ASIC7 Area (um2),luts + power + nets + ffs + unicontrolsets,5,SGDClassifier,0.6,0.1633
asic_area,ASIC7 Area (um2),luts + power + nets + distram + unicontrolsets,5,LogisticRegression,0.4667,0.1886
asic_area,ASIC7 Area (um2),luts + power + nets + distram + unicontrolsets,5,Perceptron,0.5333,0.0943
asic_area,ASIC7 Area (um2),luts + power + nets + distram + unicontrolsets,5,SGDClassifier,0.4667,0.0943
asic_area,ASIC7 Area (um2),luts + power + ffs + distram + unicontrolsets,5,LogisticRegression,0.4667,0.1886
asic_area,ASIC7 Area (um2),luts + power + ffs + distram + unicontrolsets,5,Perceptron,0.5333,0.0943
asic_area,ASIC7 Area (um2),luts + power + ffs + distram + unicontrolsets,5,SGDClassifier,0.3333,0.0943
asic_area,ASIC7 Area (um2),luts + nets + ffs + distram + unicontrolsets,5,LogisticRegression,0.4667,0.1886
asic_area,ASIC7 Area (um2),luts + nets + ffs + distram + unicontrolsets,5,Perceptron,0.4667,0.0943
asic_area,ASIC7 Area (um2),luts + nets + ffs + distram + unicontrolsets,5,SGDClassifier,0.4,0.0
asic_area,ASIC7 Area (um2),fmax + power + nets + ffs + distram,5,LogisticRegression,0.6667,0.0943
asic_area,ASIC7 Area (um2),fmax + power + nets + ffs + distram,5,Perceptron,0.6,0.1633
asic_area,ASIC7 Area (um2),fmax + power + nets + ffs + distram,5,SGDClassifier,0.6667,0.0943
asic_area,ASIC7 Area (um2),fmax + power + nets + ffs + unicontrolsets,5,LogisticRegression,0.6667,0.0943
asic_area,ASIC7 Area (um2),fmax + power + nets + ffs + unicontrolsets,5,Perceptron,0.5333,0.0943
asic_area,ASIC7 Area (um2),fmax + power + nets + ffs + unicontrolsets,5,SGDClassifier,0.6667,0.0943
asic_area,ASIC7 Area (um2),fmax + power + nets + distram + unicontrolsets,5,LogisticRegression,0.6,0.0
asic_area,ASIC7 Area (um2),fmax + power + nets + distram + unicontrolsets,5,Perceptron,0.4667,0.0943
asic_area,ASIC7 Area (um2),fmax + power + nets + distram + unicontrolsets,5,SGDClassifier,0.4667,0.0943
asic_area,ASIC7 Area (um2),fmax + power + ffs + distram + unicontrolsets,5,LogisticRegression,0.6,0.0
asic_area,ASIC7 Area (um2),fmax + power + ffs + distram + unicontrolsets,5,Perceptron,0.4667,0.0943
asic_area,ASIC7 Area (um2),fmax + power + ffs + distram + unicontrolsets,5,SGDClassifier,0.4667,0.0943
asic_area,ASIC7 Area (um2),fmax + nets + ffs + distram + unicontrolsets,5,LogisticRegression,0.6667,0.0943
asic_area,ASIC7 Area (um2),fmax + nets + ffs + distram + unicontrolsets,5,Perceptron,0.6,0.0
asic_area,ASIC7 Area (um2),fmax + nets + ffs + distram + unicontrolsets,5,SGDClassifier,0.6,0.0
asic_area,ASIC7 Area (um2),power + nets + ffs + distram + unicontrolsets,5,LogisticRegression,0.4,0.1633
asic_area,ASIC7 Area (um2),power + nets + ffs + distram + unicontrolsets,5,Perceptron,0.5333,0.0943
asic_area,ASIC7 Area (um2),power + nets + ffs + distram + unicontrolsets,5,SGDClassifier,0.5333,0.0943
asic_area,ASIC7 Area (um2),luts + fmax + power + nets + ffs + distram,6,LogisticRegression,0.6667,0.0943
asic_area,ASIC7 Area (um2),luts + fmax + power + nets + ffs + distram,6,Perceptron,0.6,0.0
asic_area,ASIC7 Area (um2),luts + fmax + power + nets + ffs + distram,6,SGDClassifier,0.6,0.0
asic_area,ASIC7 Area (um2),luts + fmax + power + nets + ffs + unicontrolsets,6,LogisticRegression,0.6667,0.0943
asic_area,ASIC7 Area (um2),luts + fmax + power + nets + ffs + unicontrolsets,6,Perceptron,0.5333,0.0943
asic_area,ASIC7 Area (um2),luts + fmax + power + nets + ffs + unicontrolsets,6,SGDClassifier,0.6,0.1633
asic_area,ASIC7 Area (um2),luts + fmax + power + nets + distram + unicontrolsets,6,LogisticRegression,0.6,0.0
asic_area,ASIC7 Area (um2),luts + fmax + power + nets + distram + unicontrolsets,6,Perceptron,0.4667,0.0943
asic_area,ASIC7 Area (um2),luts + fmax + power + nets + distram + unicontrolsets,6,SGDClassifier,0.4667,0.0943
asic_area,ASIC7 Area (um2),luts + fmax + power + ffs + distram + unicontrolsets,6,LogisticRegression,0.6,0.0
asic_area,ASIC7 Area (um2),luts + fmax + power + ffs + distram + unicontrolsets,6,Perceptron,0.4667,0.0943
asic_area,ASIC7 Area (um2),luts + fmax + power + ffs + distram + unicontrolsets,6,SGDClassifier,0.4667,0.0943
asic_area,ASIC7 Area (um2),luts + fmax + nets + ffs + distram + unicontrolsets,6,LogisticRegression,0.6,0.0
asic_area,ASIC7 Area (um2),luts + fmax + nets + ffs + distram + unicontrolsets,6,Perceptron,0.5333,0.0943
asic_area,ASIC7 Area (um2),luts + fmax + nets + ffs + distram + unicontrolsets,6,SGDClassifier,0.5333,0.0943
asic_area,ASIC7 Area (um2),luts + power + nets + ffs + distram + unicontrolsets,6,LogisticRegression,0.4667,0.1886
asic_area,ASIC7 Area (um2),luts + power + nets + ffs + distram + unicontrolsets,6,Perceptron,0.4667,0.0943
asic_area,ASIC7 Area (um2),luts + power + nets + ffs + distram + unicontrolsets,6,SGDClassifier,0.5333,0.0943
asic_area,ASIC7 Area (um2),fmax + power + nets + ffs + distram + unicontrolsets,6,LogisticRegression,0.6,0.0
asic_area,ASIC7 Area (um2),fmax + power + nets + ffs + distram + unicontrolsets,6,Perceptron,0.5333,0.0943
asic_area,ASIC7 Area (um2),fmax + power + nets + ffs + distram + unicontrolsets,6,SGDClassifier,0.6,0.0
asic_area,ASIC7 Area (um2),luts + fmax + power + nets + ffs + distram + unicontrolsets,7,LogisticRegression,0.6,0.0
asic_area,ASIC7 Area (um2),luts + fmax + power + nets + ffs + distram + unicontrolsets,7,Perceptron,0.5333,0.0943
asic_area,ASIC7 Area (um2),luts + fmax + power + nets + ffs + distram + unicontrolsets,7,SGDClassifier,0.5333,0.0943
asic_fmax,ASIC7 Fmax (MHz),luts,1,LogisticRegression,0.4667,0.1886
asic_fmax,ASIC7 Fmax (MHz),luts,1,Perceptron,0.6,0.1633
asic_fmax,ASIC7 Fmax (MHz),luts,1,SGDClassifier,0.4667,0.1886
asic_fmax,ASIC7 Fmax (MHz),fmax,1,LogisticRegression,0.6667,0.0943
asic_fmax,ASIC7 Fmax (MHz),fmax,1,Perceptron,0.6667,0.0943
asic_fmax,ASIC7 Fmax (MHz),fmax,1,SGDClassifier,0.6,0.0
asic_fmax,ASIC7 Fmax (MHz),power,1,LogisticRegression,0.4,0.1633
asic_fmax,ASIC7 Fmax (MHz),power,1,Perceptron,0.3333,0.0943
asic_fmax,ASIC7 Fmax (MHz),power,1,SGDClassifier,0.4,0.1633
asic_fmax,ASIC7 Fmax (MHz),nets,1,LogisticRegression,0.5333,0.2494
asic_fmax,ASIC7 Fmax (MHz),nets,1,Perceptron,0.4667,0.1886
asic_fmax,ASIC7 Fmax (MHz),nets,1,SGDClassifier,0.5333,0.0943
asic_fmax,ASIC7 Fmax (MHz),ffs,1,LogisticRegression,0.4667,0.1886
asic_fmax,ASIC7 Fmax (MHz),ffs,1,Perceptron,0.6,0.0
asic_fmax,ASIC7 Fmax (MHz),ffs,1,SGDClassifier,0.5333,0.0943
asic_fmax,ASIC7 Fmax (MHz),distram,1,LogisticRegression,0.2,0.0
asic_fmax,ASIC7 Fmax (MHz),distram,1,Perceptron,0.2667,0.0943
asic_fmax,ASIC7 Fmax (MHz),distram,1,SGDClassifier,0.2667,0.0943
asic_fmax,ASIC7 Fmax (MHz),unicontrolsets,1,LogisticRegression,0.4667,0.2494
asic_fmax,ASIC7 Fmax (MHz),unicontrolsets,1,Perceptron,0.2667,0.0943
asic_fmax,ASIC7 Fmax (MHz),unicontrolsets,1,SGDClassifier,0.4,0.1633
asic_fmax,ASIC7 Fmax (MHz),luts + fmax,2,LogisticRegression,0.6667,0.0943
asic_fmax,ASIC7 Fmax (MHz),luts + fmax,2,Perceptron,0.8,0.1633
asic_fmax,ASIC7 Fmax (MHz),luts + fmax,2,SGDClassifier,0.8667,0.0943
asic_fmax,ASIC7 Fmax (MHz),luts + power,2,LogisticRegression,0.5333,0.2494
asic_fmax,ASIC7 Fmax (MHz),luts + power,2,Perceptron,0.6667,0.0943
asic_fmax,ASIC7 Fmax (MHz),luts + power,2,SGDClassifier,0.6667,0.0943
asic_fmax,ASIC7 Fmax (MHz),luts + nets,2,LogisticRegression,0.5333,0.2494
asic_fmax,ASIC7 Fmax (MHz),luts + nets,2,Perceptron,0.4667,0.1886
asic_fmax,ASIC7 Fmax (MHz),luts + nets,2,SGDClassifier,0.4,0.1633
asic_fmax,ASIC7 Fmax (MHz),luts + ffs,2,LogisticRegression,0.5333,0.2494
asic_fmax,ASIC7 Fmax (MHz),luts + ffs,2,Perceptron,0.4667,0.2494
asic_fmax,ASIC7 Fmax (MHz),luts + ffs,2,SGDClassifier,0.4,0.1633
asic_fmax,ASIC7 Fmax (MHz),luts + distram,2,LogisticRegression,0.5333,0.0943
asic_fmax,ASIC7 Fmax (MHz),luts + distram,2,Perceptron,0.5333,0.0943
asic_fmax,ASIC7 Fmax (MHz),luts + distram,2,SGDClassifier,0.5333,0.1886
asic_fmax,ASIC7 Fmax (MHz),luts + unicontrolsets,2,LogisticRegression,0.4667,0.1886
asic_fmax,ASIC7 Fmax (MHz),luts + unicontrolsets,2,Perceptron,0.5333,0.2494
asic_fmax,ASIC7 Fmax (MHz),luts + unicontrolsets,2,SGDClassifier,0.5333,0.2494
asic_fmax,ASIC7 Fmax (MHz),fmax + power,2,LogisticRegression,0.7333,0.0943
asic_fmax,ASIC7 Fmax (MHz),fmax + power,2,Perceptron,0.6667,0.0943
asic_fmax,ASIC7 Fmax (MHz),fmax + power,2,SGDClassifier,0.6667,0.0943
asic_fmax,ASIC7 Fmax (MHz),fmax + nets,2,LogisticRegression,0.7333,0.0943
asic_fmax,ASIC7 Fmax (MHz),fmax + nets,2,Perceptron,0.7333,0.0943
asic_fmax,ASIC7 Fmax (MHz),fmax + nets,2,SGDClassifier,0.9333,0.0943
asic_fmax,ASIC7 Fmax (MHz),fmax + ffs,2,LogisticRegression,0.7333,0.0943
asic_fmax,ASIC7 Fmax (MHz),fmax + ffs,2,Perceptron,0.7333,0.0943
asic_fmax,ASIC7 Fmax (MHz),fmax + ffs,2,SGDClassifier,0.7333,0.0943
asic_fmax,ASIC7 Fmax (MHz),fmax + distram,2,LogisticRegression,0.6667,0.0943
asic_fmax,ASIC7 Fmax (MHz),fmax + distram,2,Perceptron,0.6667,0.0943
asic_fmax,ASIC7 Fmax (MHz),fmax + distram,2,SGDClassifier,0.6,0.1633
asic_fmax,ASIC7 Fmax (MHz),fmax + unicontrolsets,2,LogisticRegression,0.6667,0.0943
asic_fmax,ASIC7 Fmax (MHz),fmax + unicontrolsets,2,Perceptron,0.6667,0.0943
asic_fmax,ASIC7 Fmax (MHz),fmax + unicontrolsets,2,SGDClassifier,0.6,0.0
asic_fmax,ASIC7 Fmax (MHz),power + nets,2,LogisticRegression,0.6,0.3266
asic_fmax,ASIC7 Fmax (MHz),power + nets,2,Perceptron,0.5333,0.0943
asic_fmax,ASIC7 Fmax (MHz),power + nets,2,SGDClassifier,0.5333,0.0943
asic_fmax,ASIC7 Fmax (MHz),power + ffs,2,LogisticRegression,0.4,0.1633
asic_fmax,ASIC7 Fmax (MHz),power + ffs,2,Perceptron,0.4,0.1633
asic_fmax,ASIC7 Fmax (MHz),power + ffs,2,SGDClassifier,0.4667,0.0943
asic_fmax,ASIC7 Fmax (MHz),power + distram,2,LogisticRegression,0.4,0.0
asic_fmax,ASIC7 Fmax (MHz),power + distram,2,Perceptron,0.2667,0.1886
asic_fmax,ASIC7 Fmax (MHz),power + distram,2,SGDClassifier,0.4,0.0
asic_fmax,ASIC7 Fmax (MHz),power + unicontrolsets,2,LogisticRegression,0.4,0.1633
asic_fmax,ASIC7 Fmax (MHz),power + unicontrolsets,2,Perceptron,0.4667,0.1886
asic_fmax,ASIC7 Fmax (MHz),power + unicontrolsets,2,SGDClassifier,0.4,0.1633
asic_fmax,ASIC7 Fmax (MHz),nets + ffs,2,LogisticRegression,0.5333,0.2494
asic_fmax,ASIC7 Fmax (MHz),nets + ffs,2,Perceptron,0.4,0.1633
asic_fmax,ASIC7 Fmax (MHz),nets + ffs,2,SGDClassifier,0.4,0.1633
asic_fmax,ASIC7 Fmax (MHz),nets + distram,2,LogisticRegression,0.6,0.1633
asic_fmax,ASIC7 Fmax (MHz),nets + distram,2,Perceptron,0.6,0.0
asic_fmax,ASIC7 Fmax (MHz),nets + distram,2,SGDClassifier,0.6,0.0
asic_fmax,ASIC7 Fmax (MHz),nets + unicontrolsets,2,LogisticRegression,0.5333,0.2494
asic_fmax,ASIC7 Fmax (MHz),nets + unicontrolsets,2,Perceptron,0.4,0.1633
asic_fmax,ASIC7 Fmax (MHz),nets + unicontrolsets,2,SGDClassifier,0.4667,0.1886
asic_fmax,ASIC7 Fmax (MHz),ffs + distram,2,LogisticRegression,0.4667,0.0943
asic_fmax,ASIC7 Fmax (MHz),ffs + distram,2,Perceptron,0.6,0.1633
asic_fmax,ASIC7 Fmax (MHz),ffs + distram,2,SGDClassifier,0.4667,0.0943
asic_fmax,ASIC7 Fmax (MHz),ffs + unicontrolsets,2,LogisticRegression,0.4,0.1633
asic_fmax,ASIC7 Fmax (MHz),ffs + unicontrolsets,2,Perceptron,0.4667,0.0943
asic_fmax,ASIC7 Fmax (MHz),ffs + unicontrolsets,2,SGDClassifier,0.4,0.1633
asic_fmax,ASIC7 Fmax (MHz),distram + unicontrolsets,2,LogisticRegression,0.5333,0.1886
asic_fmax,ASIC7 Fmax (MHz),distram + unicontrolsets,2,Perceptron,0.3333,0.0943
asic_fmax,ASIC7 Fmax (MHz),distram + unicontrolsets,2,SGDClassifier,0.3333,0.0943
asic_fmax,ASIC7 Fmax (MHz),luts + fmax + power,3,LogisticRegression,0.6667,0.0943
asic_fmax,ASIC7 Fmax (MHz),luts + fmax + power,3,Perceptron,0.8,0.1633
asic_fmax,ASIC7 Fmax (MHz),luts + fmax + power,3,SGDClassifier,0.8,0.0
asic_fmax,ASIC7 Fmax (MHz),luts + fmax + nets,3,LogisticRegression,0.7333,0.0943
asic_fmax,ASIC7 Fmax (MHz),luts + fmax + nets,3,Perceptron,0.6667,0.0943
asic_fmax,ASIC7 Fmax (MHz),luts + fmax + nets,3,SGDClassifier,0.8,0.1633
asic_fmax,ASIC7 Fmax (MHz),luts + fmax + ffs,3,LogisticRegression,0.7333,0.0943
asic_fmax,ASIC7 Fmax (MHz),luts + fmax + ffs,3,Perceptron,0.6,0.1633
asic_fmax,ASIC7 Fmax (MHz),luts + fmax + ffs,3,SGDClassifier,0.6667,0.1886
asic_fmax,ASIC7 Fmax (MHz),luts + fmax + distram,3,LogisticRegression,0.6667,0.0943
asic_fmax,ASIC7 Fmax (MHz),luts + fmax + distram,3,Perceptron,0.6667,0.0943
asic_fmax,ASIC7 Fmax (MHz),luts + fmax + distram,3,SGDClassifier,0.6667,0.0943
asic_fmax,ASIC7 Fmax (MHz),luts + fmax + unicontrolsets,3,LogisticRegression,0.6667,0.0943
asic_fmax,ASIC7 Fmax (MHz),luts + fmax + unicontrolsets,3,Perceptron,0.8,0.1633
asic_fmax,ASIC7 Fmax (MHz),luts + fmax + unicontrolsets,3,SGDClassifier,0.6667,0.0943
asic_fmax,ASIC7 Fmax (MHz),luts + power + nets,3,LogisticRegression,0.5333,0.2494
asic_fmax,ASIC7 Fmax (MHz),luts + power + nets,3,Perceptron,0.4667,0.1886
asic_fmax,ASIC7 Fmax (MHz),luts + power + nets,3,SGDClassifier,0.4667,0.1886
asic_fmax,ASIC7 Fmax (MHz),luts + power + ffs,3,LogisticRegression,0.5333,0.2494
asic_fmax,ASIC7 Fmax (MHz),luts + power + ffs,3,Perceptron,0.6,0.1633
asic_fmax,ASIC7 Fmax (MHz),luts + power + ffs,3,SGDClassifier,0.5333,0.0943
asic_fmax,ASIC7 Fmax (MHz),luts + power + distram,3,LogisticRegression,0.5333,0.0943
asic_fmax,ASIC7 Fmax (MHz),luts + power + distram,3,Perceptron,0.6,0.0
asic_fmax,ASIC7 Fmax (MHz),luts + power + distram,3,SGDClassifier,0.5333,0.0943
asic_fmax,ASIC7 Fmax (MHz),luts + power + unicontrolsets,3,LogisticRegression,0.4667,0.1886
asic_fmax,ASIC7 Fmax (MHz),luts + power + unicontrolsets,3,Perceptron,0.4667,0.1886
asic_fmax,ASIC7 Fmax (MHz),luts + power + unicontrolsets,3,SGDClassifier,0.5333,0.0943
asic_fmax,ASIC7 Fmax (MHz),luts + nets + ffs,3,LogisticRegression,0.5333,0.2494
asic_fmax,ASIC7 Fmax (MHz),luts + nets + ffs,3,Perceptron,0.4667,0.0943
asic_fmax,ASIC7 Fmax (MHz),luts + nets + ffs,3,SGDClassifier,0.4,0.1633
asic_fmax,ASIC7 Fmax (MHz),luts + nets + distram,3,LogisticRegression,0.6,0.1633
asic_fmax,ASIC7 Fmax (MHz),luts + nets + distram,3,Perceptron,0.4667,0.2494
asic_fmax,ASIC7 Fmax (MHz),luts + nets + distram,3,SGDClassifier,0.6,0.1633
asic_fmax,ASIC7 Fmax (MHz),luts + nets + unicontrolsets,3,LogisticRegression,0.5333,0.2494
asic_fmax,ASIC7 Fmax (MHz),luts + nets + unicontrolsets,3,Perceptron,0.4667,0.1886
asic_fmax,ASIC7 Fmax (MHz),luts + nets + unicontrolsets,3,SGDClassifier,0.4667,0.1886
asic_fmax,ASIC7 Fmax (MHz),luts + ffs + distram,3,LogisticRegression,0.6,0.1633
asic_fmax,ASIC7 Fmax (MHz),luts + ffs + distram,3,Perceptron,0.5333,0.0943
asic_fmax,ASIC7 Fmax (MHz),luts + ffs + distram,3,SGDClassifier,0.4667,0.0943
asic_fmax,ASIC7 Fmax (MHz),luts + ffs + unicontrolsets,3,LogisticRegression,0.4667,0.1886
asic_fmax,ASIC7 Fmax (MHz),luts + ffs + unicontrolsets,3,Perceptron,0.4667,0.0943
asic_fmax,ASIC7 Fmax (MHz),luts + ffs + unicontrolsets,3,SGDClassifier,0.4,0.1633
asic_fmax,ASIC7 Fmax (MHz),luts + distram + unicontrolsets,3,LogisticRegression,0.4667,0.1886
asic_fmax,ASIC7 Fmax (MHz),luts + distram + unicontrolsets,3,Perceptron,0.2667,0.0943
asic_fmax,ASIC7 Fmax (MHz),luts + distram + unicontrolsets,3,SGDClassifier,0.4,0.0
asic_fmax,ASIC7 Fmax (MHz),fmax + power + nets,3,LogisticRegression,0.6667,0.0943
asic_fmax,ASIC7 Fmax (MHz),fmax + power + nets,3,Perceptron,0.6667,0.0943
asic_fmax,ASIC7 Fmax (MHz),fmax + power + nets,3,SGDClassifier,0.7333,0.0943
asic_fmax,ASIC7 Fmax (MHz),fmax + power + ffs,3,LogisticRegression,0.8,0.1633
asic_fmax,ASIC7 Fmax (MHz),fmax + power + ffs,3,Perceptron,0.7333,0.0943
asic_fmax,ASIC7 Fmax (MHz),fmax + power + ffs,3,SGDClassifier,0.7333,0.0943
asic_fmax,ASIC7 Fmax (MHz),fmax + power + distram,3,LogisticRegression,0.7333,0.0943
asic_fmax,ASIC7 Fmax (MHz),fmax + power + distram,3,Perceptron,0.7333,0.0943
asic_fmax,ASIC7 Fmax (MHz),fmax + power + distram,3,SGDClassifier,0.7333,0.0943
asic_fmax,ASIC7 Fmax (MHz),fmax + power + unicontrolsets,3,LogisticRegression,0.6667,0.0943
asic_fmax,ASIC7 Fmax (MHz),fmax + power + unicontrolsets,3,Perceptron,0.7333,0.0943
asic_fmax,ASIC7 Fmax (MHz),fmax + power + unicontrolsets,3,SGDClassifier,0.7333,0.0943
asic_fmax,ASIC7 Fmax (MHz),fmax + nets + ffs,3,LogisticRegression,0.7333,0.0943
asic_fmax,ASIC7 Fmax (MHz),fmax + nets + ffs,3,Perceptron,0.8,0.1633
asic_fmax,ASIC7 Fmax (MHz),fmax + nets + ffs,3,SGDClassifier,0.8667,0.0943
asic_fmax,ASIC7 Fmax (MHz),fmax + nets + distram,3,LogisticRegression,0.7333,0.0943
asic_fmax,ASIC7 Fmax (MHz),fmax + nets + distram,3,Perceptron,0.6667,0.0943
asic_fmax,ASIC7 Fmax (MHz),fmax + nets + distram,3,SGDClassifier,0.6667,0.0943
asic_fmax,ASIC7 Fmax (MHz),fmax + nets + unicontrolsets,3,LogisticRegression,0.7333,0.0943
asic_fmax,ASIC7 Fmax (MHz),fmax + nets + unicontrolsets,3,Perceptron,0.6,0.0
asic_fmax,ASIC7 Fmax (MHz),fmax + nets + unicontrolsets,3,SGDClassifier,0.7333,0.1886
asic_fmax,ASIC7 Fmax (MHz),fmax + ffs + distram,3,LogisticRegression,0.7333,0.0943
asic_fmax,ASIC7 Fmax (MHz),fmax + ffs + distram,3,Perceptron,0.6667,0.0943
asic_fmax,ASIC7 Fmax (MHz),fmax + ffs + distram,3,SGDClassifier,0.7333,0.0943
asic_fmax,ASIC7 Fmax (MHz),fmax + ffs + unicontrolsets,3,LogisticRegression,0.6667,0.0943
asic_fmax,ASIC7 Fmax (MHz),fmax + ffs + unicontrolsets,3,Perceptron,0.7333,0.1886
asic_fmax,ASIC7 Fmax (MHz),fmax + ffs + unicontrolsets,3,SGDClassifier,0.6,0.1633
asic_fmax,ASIC7 Fmax (MHz),fmax + distram + unicontrolsets,3,LogisticRegression,0.6667,0.0943
asic_fmax,ASIC7 Fmax (MHz),fmax + distram + unicontrolsets,3,Perceptron,0.5333,0.2494
asic_fmax,ASIC7 Fmax (MHz),fmax + distram + unicontrolsets,3,SGDClassifier,0.5333,0.2494
asic_fmax,ASIC7 Fmax (MHz),power + nets + ffs,3,LogisticRegression,0.5333,0.2494
asic_fmax,ASIC7 Fmax (MHz),power + nets + ffs,3,Perceptron,0.4667,0.0943
asic_fmax,ASIC7 Fmax (MHz),power + nets + ffs,3,SGDClassifier,0.6,0.0
asic_fmax,ASIC7 Fmax (MHz),power + nets + distram,3,LogisticRegression,0.5333,0.0943
asic_fmax,ASIC7 Fmax (MHz),power + nets + distram,3,Perceptron,0.6,0.0
asic_fmax,ASIC7 Fmax (MHz),power + nets + distram,3,SGDClassifier,0.6,0.0
asic_fmax,ASIC7 Fmax (MHz),power + nets + unicontrolsets,3,LogisticRegression,0.6,0.3266
asic_fmax,ASIC7 Fmax (MHz),power + nets + unicontrolsets,3,Perceptron,0.4,0.1633
asic_fmax,ASIC7 Fmax (MHz),power + nets + unicontrolsets,3,SGDClassifier,0.4,0.1633
asic_fmax,ASIC7 Fmax (MHz),power + ffs + distram,3,LogisticRegression,0.5333,0.0943
asic_fmax,ASIC7 Fmax (MHz),power + ffs + distram,3,Perceptron,0.5333,0.0943
asic_fmax,ASIC7 Fmax (MHz),power + ffs + distram,3,SGDClassifier,0.5333,0.0943
asic_fmax,ASIC7 Fmax (MHz),power + ffs + unicontrolsets,3,LogisticRegression,0.3333,0.1886
asic_fmax,ASIC7 Fmax (MHz),power + ffs + unicontrolsets,3,Perceptron,0.2667,0.1886
asic_fmax,ASIC7 Fmax (MHz),power + ffs + unicontrolsets,3,SGDClassifier,0.3333,0.1886
asic_fmax,ASIC7 Fmax (MHz),power + distram + unicontrolsets,3,LogisticRegression,0.4,0.1633
asic_fmax,ASIC7 Fmax (MHz),power + distram + unicontrolsets,3,Perceptron,0.4667,0.2494
asic_fmax,ASIC7 Fmax (MHz),power + distram + unicontrolsets,3,SGDClassifier,0.5333,0.0943
asic_fmax,ASIC7 Fmax (MHz),nets + ffs + distram,3,LogisticRegression,0.6,0.1633
asic_fmax,ASIC7 Fmax (MHz),nets + ffs + distram,3,Perceptron,0.4,0.1633
asic_fmax,ASIC7 Fmax (MHz),nets + ffs + distram,3,SGDClassifier,0.4667,0.1886
asic_fmax,ASIC7 Fmax (MHz),nets + ffs + unicontrolsets,3,LogisticRegression,0.4667,0.1886
asic_fmax,ASIC7 Fmax (MHz),nets + ffs + unicontrolsets,3,Perceptron,0.4,0.1633
asic_fmax,ASIC7 Fmax (MHz),nets + ffs + unicontrolsets,3,SGDClassifier,0.4667,0.0943
asic_fmax,ASIC7 Fmax (MHz),nets + distram + unicontrolsets,3,LogisticRegression,0.4667,0.1886
asic_fmax,ASIC7 Fmax (MHz),nets + distram + unicontrolsets,3,Perceptron,0.4667,0.0943
asic_fmax,ASIC7 Fmax (MHz),nets + distram + unicontrolsets,3,SGDClassifier,0.4667,0.1886
asic_fmax,ASIC7 Fmax (MHz),ffs + distram + unicontrolsets,3,LogisticRegression,0.5333,0.0943
asic_fmax,ASIC7 Fmax (MHz),ffs + distram + unicontrolsets,3,Perceptron,0.5333,0.0943
asic_fmax,ASIC7 Fmax (MHz),ffs + distram + unicontrolsets,3,SGDClassifier,0.3333,0.1886
asic_fmax,ASIC7 Fmax (MHz),luts + fmax + power + nets,4,LogisticRegression,0.6667,0.0943
asic_fmax,ASIC7 Fmax (MHz),luts + fmax + power + nets,4,Perceptron,0.6667,0.2494
asic_fmax,ASIC7 Fmax (MHz),luts + fmax + power + nets,4,SGDClassifier,0.7333,0.0943
asic_fmax,ASIC7 Fmax (MHz),luts + fmax + power + ffs,4,LogisticRegression,0.7333,0.0943
asic_fmax,ASIC7 Fmax (MHz),luts + fmax + power + ffs,4,Perceptron,0.6667,0.0943
asic_fmax,ASIC7 Fmax (MHz),luts + fmax + power + ffs,4,SGDClassifier,0.7333,0.0943
asic_fmax,ASIC7 Fmax (MHz),luts + fmax + power + distram,4,LogisticRegression,0.6667,0.0943
asic_fmax,ASIC7 Fmax (MHz),luts + fmax + power + distram,4,Perceptron,0.6,0.0
asic_fmax,ASIC7 Fmax (MHz),luts + fmax + power + distram,4,SGDClassifier,0.6,0.0
asic_fmax,ASIC7 Fmax (MHz),luts + fmax + power + unicontrolsets,4,LogisticRegression,0.7333,0.1886
asic_fmax,ASIC7 Fmax (MHz),luts + fmax + power + unicontrolsets,4,Perceptron,0.6,0.0
asic_fmax,ASIC7 Fmax (MHz),luts + fmax + power + unicontrolsets,4,SGDClassifier,0.6,0.1633
asic_fmax,ASIC7 Fmax (MHz),luts + fmax + nets + ffs,4,LogisticRegression,0.7333,0.0943
asic_fmax,ASIC7 Fmax (MHz),luts + fmax + nets + ffs,4,Perceptron,0.6,0.1633
asic_fmax,ASIC7 Fmax (MHz),luts + fmax + nets + ffs,4,SGDClassifier,0.6667,0.1886
asic_fmax,ASIC7 Fmax (MHz),luts + fmax + nets + distram,4,LogisticRegression,0.6667,0.0943
asic_fmax,ASIC7 Fmax (MHz),luts + fmax + nets + distram,4,Perceptron,0.8,0.1633
asic_fmax,ASIC7 Fmax (MHz),luts + fmax + nets + distram,4,SGDClassifier,0.6667,0.0943
asic_fmax,ASIC7 Fmax (MHz),luts + fmax + nets + unicontrolsets,4,LogisticRegression,0.7333,0.0943
asic_fmax,ASIC7 Fmax (MHz),luts + fmax + nets + unicontrolsets,4,Perceptron,0.6667,0.0943
asic_fmax,ASIC7 Fmax (MHz),luts + fmax + nets + unicontrolsets,4,SGDClassifier,0.6667,0.0943
asic_fmax,ASIC7 Fmax (MHz),luts + fmax + ffs + distram,4,LogisticRegression,0.7333,0.0943
asic_fmax,ASIC7 Fmax (MHz),luts + fmax + ffs + distram,4,Perceptron,0.6667,0.0943
asic_fmax,ASIC7 Fmax (MHz),luts + fmax + ffs + distram,4,SGDClassifier,0.6,0.1633
asic_fmax,ASIC7 Fmax (MHz),luts + fmax + ffs + unicontrolsets,4,LogisticRegression,0.6667,0.0943
asic_fmax,ASIC7 Fmax (MHz),luts + fmax + ffs + unicontrolsets,4,Perceptron,0.8,0.1633
asic_fmax,ASIC7 Fmax (MHz),luts + fmax + ffs + unicontrolsets,4,SGDClassifier,0.6667,0.1886
asic_fmax,ASIC7 Fmax (MHz),luts + fmax + distram + unicontrolsets,4,LogisticRegression,0.6,0.0
asic_fmax,ASIC7 Fmax (MHz),luts + fmax + distram + unicontrolsets,4,Perceptron,0.4667,0.0943
asic_fmax,ASIC7 Fmax (MHz),luts + fmax + distram + unicontrolsets,4,SGDClassifier,0.5333,0.0943
asic_fmax,ASIC7 Fmax (MHz),luts + power + nets + ffs,4,LogisticRegression,0.6,0.2828
asic_fmax,ASIC7 Fmax (MHz),luts + power + nets + ffs,4,Perceptron,0.6667,0.0943
asic_fmax,ASIC7 Fmax (MHz),luts + power + nets + ffs,4,SGDClassifier,0.6,0.1633
asic_fmax,ASIC7 Fmax (MHz),luts + power + nets + distram,4,LogisticRegression,0.4667,0.1886
asic_fmax,ASIC7 Fmax (MHz),luts + power + nets + distram,4,Perceptron,0.5333,0.2494
asic_fmax,ASIC7 Fmax (MHz),luts + power + nets + distram,4,SGDClassifier,0.6,0.1633
asic_fmax,ASIC7 Fmax (MHz),luts + power + nets + unicontrolsets,4,LogisticRegression,0.6,0.3266
asic_fmax,ASIC7 Fmax (MHz),luts + power + nets + unicontrolsets,4,Perceptron,0.6,0.0
asic_fmax,ASIC7 Fmax (MHz),luts + power + nets + unicontrolsets,4,SGDClassifier,0.5333,0.0943
asic_fmax,ASIC7 Fmax (MHz),luts + power + ffs + distram,4,LogisticRegression,0.4667,0.1886
asic_fmax,ASIC7 Fmax (MHz),luts + power + ffs + distram,4,Perceptron,0.5333,0.0943
asic_fmax,ASIC7 Fmax (MHz),luts + power + ffs + distram,4,SGDClassifier,0.4,0.1633
asic_fmax,ASIC7 Fmax (MHz),luts + power + ffs + unicontrolsets,4,LogisticRegression,0.4667,0.2494
asic_fmax,ASIC7 Fmax (MHz),luts + power + ffs + unicontrolsets,4,Perceptron,0.4667,0.0943
asic_fmax,ASIC7 Fmax (MHz),luts + power + ffs + unicontrolsets,4,SGDClassifier,0.5333,0.1886
asic_fmax,ASIC7 Fmax (MHz),luts + power + distram + unicontrolsets,4,LogisticRegression,0.4667,0.1886
asic_fmax,ASIC7 Fmax (MHz),luts + power + distram + unicontrolsets,4,Perceptron,0.6,0.1633
asic_fmax,ASIC7 Fmax (MHz),luts + power + distram + unicontrolsets,4,SGDClassifier,0.6,0.1633
asic_fmax,ASIC7 Fmax (MHz),luts + nets + ffs + distram,4,LogisticRegression,0.6,0.1633
asic_fmax,ASIC7 Fmax (MHz),luts + nets + ffs + distram,4,Perceptron,0.5333,0.0943
asic_fmax,ASIC7 Fmax (MHz),luts + nets + ffs + distram,4,SGDClassifier,0.5333,0.0943
asic_fmax,ASIC7 Fmax (MHz),luts + nets + ffs + unicontrolsets,4,LogisticRegression,0.4667,0.1886
asic_fmax,ASIC7 Fmax (MHz),luts + nets + ffs + unicontrolsets,4,Perceptron,0.4667,0.0943
asic_fmax,ASIC7 Fmax (MHz),luts + nets + ffs + unicontrolsets,4,SGDClassifier,0.4,0.1633
asic_fmax,ASIC7 Fmax (MHz),luts + nets + distram + unicontrolsets,4,LogisticRegression,0.4667,0.1886
asic_fmax,ASIC7 Fmax (MHz),luts + nets + distram + unicontrolsets,4,Perceptron,0.6,0.0
asic_fmax,ASIC7 Fmax (MHz),luts + nets + distram + unicontrolsets,4,SGDClassifier,0.4,0.1633
asic_fmax,ASIC7 Fmax (MHz),luts + ffs + distram + unicontrolsets,4,LogisticRegression,0.5333,0.0943
asic_fmax,ASIC7 Fmax (MHz),luts + ffs + distram + unicontrolsets,4,Perceptron,0.5333,0.0943
asic_fmax,ASIC7 Fmax (MHz),luts + ffs + distram + unicontrolsets,4,SGDClassifier,0.4667,0.0943
asic_fmax,ASIC7 Fmax (MHz),fmax + power + nets + ffs,4,LogisticRegression,0.7333,0.0943
asic_fmax,ASIC7 Fmax (MHz),fmax + power + nets + ffs,4,Perceptron,0.8,0.0
asic_fmax,ASIC7 Fmax (MHz),fmax + power + nets + ffs,4,SGDClassifier,0.8,0.0
asic_fmax,ASIC7 Fmax (MHz),fmax + power + nets + distram,4,LogisticRegression,0.6,0.0
asic_fmax,ASIC7 Fmax (MHz),fmax + power + nets + distram,4,Perceptron,0.8667,0.1886
asic_fmax,ASIC7 Fmax (MHz),fmax + power + nets + distram,4,SGDClassifier,0.6667,0.0943
asic_fmax,ASIC7 Fmax (MHz),fmax + power + nets + unicontrolsets,4,LogisticRegression,0.7333,0.1886
asic_fmax,ASIC7 Fmax (MHz),fmax + power + nets + unicontrolsets,4,Perceptron,0.6667,0.0943
asic_fmax,ASIC7 Fmax (MHz),fmax + power + nets + unicontrolsets,4,SGDClassifier,0.7333,0.1886
asic_fmax,ASIC7 Fmax (MHz),fmax + power + ffs + distram,4,LogisticRegression,0.6667,0.0943
asic_fmax,ASIC7 Fmax (MHz),fmax + power + ffs + distram,4,Perceptron,0.7333,0.0943
asic_fmax,ASIC7 Fmax (MHz),fmax + power + ffs + distram,4,SGDClassifier,0.7333,0.0943
asic_fmax,ASIC7 Fmax (MHz),fmax + power + ffs + unicontrolsets,4,LogisticRegression,0.6667,0.0943
asic_fmax,ASIC7 Fmax (MHz),fmax + power + ffs + unicontrolsets,4,Perceptron,0.6667,0.0943
asic_fmax,ASIC7 Fmax (MHz),fmax + power + ffs + unicontrolsets,4,SGDClassifier,0.8,0.1633
asic_fmax,ASIC7 Fmax (MHz),fmax + power + distram + unicontrolsets,4,LogisticRegression,0.6,0.0
asic_fmax,ASIC7 Fmax (MHz),fmax + power + distram + unicontrolsets,4,Perceptron,0.6,0.0
asic_fmax,ASIC7 Fmax (MHz),fmax + power + distram + unicontrolsets,4,SGDClassifier,0.6667,0.0943
asic_fmax,ASIC7 Fmax (MHz),fmax + nets + ffs + distram,4,LogisticRegression,0.7333,0.0943
asic_fmax,ASIC7 Fmax (MHz),fmax + nets + ffs + distram,4,Perceptron,0.6667,0.0943
asic_fmax,ASIC7 Fmax (MHz),fmax + nets + ffs + distram,4,SGDClassifier,0.6667,0.2494
asic_fmax,ASIC7 Fmax (MHz),fmax + nets + ffs + unicontrolsets,4,LogisticRegression,0.6667,0.0943
asic_fmax,ASIC7 Fmax (MHz),fmax + nets + ffs + unicontrolsets,4,Perceptron,0.6,0.0
asic_fmax,ASIC7 Fmax (MHz),fmax + nets + ffs + unicontrolsets,4,SGDClassifier,0.6667,0.0943
asic_fmax,ASIC7 Fmax (MHz),fmax + nets + distram + unicontrolsets,4,LogisticRegression,0.6,0.0
asic_fmax,ASIC7 Fmax (MHz),fmax + nets + distram + unicontrolsets,4,Perceptron,0.6,0.0
asic_fmax,ASIC7 Fmax (MHz),fmax + nets + distram + unicontrolsets,4,SGDClassifier,0.6,0.0
asic_fmax,ASIC7 Fmax (MHz),fmax + ffs + distram + unicontrolsets,4,LogisticRegression,0.6667,0.0943
asic_fmax,ASIC7 Fmax (MHz),fmax + ffs + distram + unicontrolsets,4,Perceptron,0.6667,0.0943
asic_fmax,ASIC7 Fmax (MHz),fmax + ffs + distram + unicontrolsets,4,SGDClassifier,0.6,0.1633
asic_fmax,ASIC7 Fmax (MHz),power + nets + ffs + distram,4,LogisticRegression,0.4667,0.1886
asic_fmax,ASIC7 Fmax (MHz),power + nets + ffs + distram,4,Perceptron,0.5333,0.1886
asic_fmax,ASIC7 Fmax (MHz),power + nets + ffs + distram,4,SGDClassifier,0.5333,0.1886
asic_fmax,ASIC7 Fmax (MHz),power + nets + ffs + unicontrolsets,4,LogisticRegression,0.4,0.1633
asic_fmax,ASIC7 Fmax (MHz),power + nets + ffs + unicontrolsets,4,Perceptron,0.4667,0.0943
asic_fmax,ASIC7 Fmax (MHz),power + nets + ffs + unicontrolsets,4,SGDClassifier,0.4667,0.0943
asic_fmax,ASIC7 Fmax (MHz),power + nets + distram + unicontrolsets,4,LogisticRegression,0.4667,0.1886
asic_fmax,ASIC7 Fmax (MHz),power + nets + distram + unicontrolsets,4,Perceptron,0.5333,0.0943
asic_fmax,ASIC7 Fmax (MHz),power + nets + distram + unicontrolsets,4,SGDClassifier,0.4,0.1633
asic_fmax,ASIC7 Fmax (MHz),power + ffs + distram + unicontrolsets,4,LogisticRegression,0.4,0.1633
asic_fmax,ASIC7 Fmax (MHz),power + ffs + distram + unicontrolsets,4,Perceptron,0.4667,0.0943
asic_fmax,ASIC7 Fmax (MHz),power + ffs + distram + unicontrolsets,4,SGDClassifier,0.5333,0.2494
asic_fmax,ASIC7 Fmax (MHz),nets + ffs + distram + unicontrolsets,4,LogisticRegression,0.5333,0.0943
asic_fmax,ASIC7 Fmax (MHz),nets + ffs + distram + unicontrolsets,4,Perceptron,0.5333,0.0943
asic_fmax,ASIC7 Fmax (MHz),nets + ffs + distram + unicontrolsets,4,SGDClassifier,0.5333,0.0943
asic_fmax,ASIC7 Fmax (MHz),luts + fmax + power + nets + ffs,5,LogisticRegression,0.7333,0.0943
asic_fmax,ASIC7 Fmax (MHz),luts + fmax + power + nets + ffs,5,Perceptron,0.6667,0.0943
asic_fmax,ASIC7 Fmax (MHz),luts + fmax + power + nets + ffs,5,SGDClassifier,0.7333,0.0943
asic_fmax,ASIC7 Fmax (MHz),luts + fmax + power + nets + distram,5,LogisticRegression,0.6,0.0
asic_fmax,ASIC7 Fmax (MHz),luts + fmax + power + nets + distram,5,Perceptron,0.6,0.1633
asic_fmax,ASIC7 Fmax (MHz),luts + fmax + power + nets + distram,5,SGDClassifier,0.6667,0.0943
asic_fmax,ASIC7 Fmax (MHz),luts + fmax + power + nets + unicontrolsets,5,LogisticRegression,0.6667,0.0943
asic_fmax,ASIC7 Fmax (MHz),luts + fmax + power + nets + unicontrolsets,5,Perceptron,0.6667,0.0943
asic_fmax,ASIC7 Fmax (MHz),luts + fmax + power + nets + unicontrolsets,5,SGDClassifier,0.6667,0.0943
asic_fmax,ASIC7 Fmax (MHz),luts + fmax + power + ffs + distram,5,LogisticRegression,0.6,0.0
asic_fmax,ASIC7 Fmax (MHz),luts + fmax + power + ffs + distram,5,Perceptron,0.7333,0.0943
asic_fmax,ASIC7 Fmax (MHz),luts + fmax + power + ffs + distram,5,SGDClassifier,0.6667,0.0943
asic_fmax,ASIC7 Fmax (MHz),luts + fmax + power + ffs + unicontrolsets,5,LogisticRegression,0.6667,0.0943
asic_fmax,ASIC7 Fmax (MHz),luts + fmax + power + ffs + unicontrolsets,5,Perceptron,0.6667,0.2494
asic_fmax,ASIC7 Fmax (MHz),luts + fmax + power + ffs + unicontrolsets,5,SGDClassifier,0.6667,0.1886
asic_fmax,ASIC7 Fmax (MHz),luts + fmax + power + distram + unicontrolsets,5,LogisticRegression,0.6,0.0
asic_fmax,ASIC7 Fmax (MHz),luts + fmax + power + distram + unicontrolsets,5,Perceptron,0.5333,0.0943
asic_fmax,ASIC7 Fmax (MHz),luts + fmax + power + distram + unicontrolsets,5,SGDClassifier,0.5333,0.0943
asic_fmax,ASIC7 Fmax (MHz),luts + fmax + nets + ffs + distram,5,LogisticRegression,0.7333,0.0943
asic_fmax,ASIC7 Fmax (MHz),luts + fmax + nets + ffs + distram,5,Perceptron,0.6667,0.0943
asic_fmax,ASIC7 Fmax (MHz),luts + fmax + nets + ffs + distram,5,SGDClassifier,0.6667,0.0943
asic_fmax,ASIC7 Fmax (MHz),luts + fmax + nets + ffs + unicontrolsets,5,LogisticRegression,0.6667,0.0943
asic_fmax,ASIC7 Fmax (MHz),luts + fmax + nets + ffs + unicontrolsets,5,Perceptron,0.6667,0.0943
asic_fmax,ASIC7 Fmax (MHz),luts + fmax + nets + ffs + unicontrolsets,5,SGDClassifier,0.6667,0.1886
asic_fmax,ASIC7 Fmax (MHz),luts + fmax + nets + distram + unicontrolsets,5,LogisticRegression,0.6,0.0
asic_fmax,ASIC7 Fmax (MHz),luts + fmax + nets + distram + unicontrolsets,5,Perceptron,0.6,0.0
asic_fmax,ASIC7 Fmax (MHz),luts + fmax + nets + distram + unicontrolsets,5,SGDClassifier,0.6,0.0
asic_fmax,ASIC7 Fmax (MHz),luts + fmax + ffs + distram + unicontrolsets,5,LogisticRegression,0.6667,0.0943
asic_fmax,ASIC7 Fmax (MHz),luts + fmax + ffs + distram + unicontrolsets,5,Perceptron,0.6667,0.2494
asic_fmax,ASIC7 Fmax (MHz),luts + fmax + ffs + distram + unicontrolsets,5,SGDClassifier,0.6,0.1633
asic_fmax,ASIC7 Fmax (MHz),luts + power + nets + ffs + distram,5,LogisticRegression,0.5333,0.2494
asic_fmax,ASIC7 Fmax (MHz),luts + power + nets + ffs + distram,5,Perceptron,0.4,0.0
asic_fmax,ASIC7 Fmax (MHz),luts + power + nets + ffs + distram,5,SGDClassifier,0.4,0.1633
asic_fmax,ASIC7 Fmax (MHz),luts + power + nets + ffs + unicontrolsets,5,LogisticRegression,0.5333,0.2494
asic_fmax,ASIC7 Fmax (MHz),luts + power + nets + ffs + unicontrolsets,5,Perceptron,0.4667,0.0943
asic_fmax,ASIC7 Fmax (MHz),luts + power + nets + ffs + unicontrolsets,5,SGDClassifier,0.4667,0.0943
asic_fmax,ASIC7 Fmax (MHz),luts + power + nets + distram + unicontrolsets,5,LogisticRegression,0.4667,0.1886
asic_fmax,ASIC7 Fmax (MHz),luts + power + nets + distram + unicontrolsets,5,Perceptron,0.5333,0.0943
asic_fmax,ASIC7 Fmax (MHz),luts + power + nets + distram + unicontrolsets,5,SGDClassifier,0.4667,0.0943
asic_fmax,ASIC7 Fmax (MHz),luts + power + ffs + distram + unicontrolsets,5,LogisticRegression,0.4667,0.1886
asic_fmax,ASIC7 Fmax (MHz),luts + power + ffs + distram + unicontrolsets,5,Perceptron,0.5333,0.0943
asic_fmax,ASIC7 Fmax (MHz),luts + power + ffs + distram + unicontrolsets,5,SGDClassifier,0.4667,0.0943
asic_fmax,ASIC7 Fmax (MHz),luts + nets + ffs + distram + unicontrolsets,5,LogisticRegression,0.4667,0.1886
asic_fmax,ASIC7 Fmax (MHz),luts + nets + ffs + distram + unicontrolsets,5,Perceptron,0.4667,0.0943
asic_fmax,ASIC7 Fmax (MHz),luts + nets + ffs + distram + unicontrolsets,5,SGDClassifier,0.4667,0.0943
asic_fmax,ASIC7 Fmax (MHz),fmax + power + nets + ffs + distram,5,LogisticRegression,0.7333,0.0943
asic_fmax,ASIC7 Fmax (MHz),fmax + power + nets + ffs + distram,5,Perceptron,0.7333,0.0943
asic_fmax,ASIC7 Fmax (MHz),fmax + power + nets + ffs + distram,5,SGDClassifier,0.8667,0.0943
asic_fmax,ASIC7 Fmax (MHz),fmax + power + nets + ffs + unicontrolsets,5,LogisticRegression,0.6667,0.0943
asic_fmax,ASIC7 Fmax (MHz),fmax + power + nets + ffs + unicontrolsets,5,Perceptron,0.6667,0.0943
asic_fmax,ASIC7 Fmax (MHz),fmax + power + nets + ffs + unicontrolsets,5,SGDClassifier,0.7333,0.0943
asic_fmax,ASIC7 Fmax (MHz),fmax + power + nets + distram + unicontrolsets,5,LogisticRegression,0.6,0.0
asic_fmax,ASIC7 Fmax (MHz),fmax + power + nets + distram + unicontrolsets,5,Perceptron,0.4667,0.0943
asic_fmax,ASIC7 Fmax (MHz),fmax + power + nets + distram + unicontrolsets,5,SGDClassifier,0.6667,0.0943
asic_fmax,ASIC7 Fmax (MHz),fmax + power + ffs + distram + unicontrolsets,5,LogisticRegression,0.6667,0.0943
asic_fmax,ASIC7 Fmax (MHz),fmax + power + ffs + distram + unicontrolsets,5,Perceptron,0.6,0.1633
asic_fmax,ASIC7 Fmax (MHz),fmax + power + ffs + distram + unicontrolsets,5,SGDClassifier,0.6667,0.1886
asic_fmax,ASIC7 Fmax (MHz),fmax + nets + ffs + distram + unicontrolsets,5,LogisticRegression,0.6667,0.0943
asic_fmax,ASIC7 Fmax (MHz),fmax + nets + ffs + distram + unicontrolsets,5,Perceptron,0.6667,0.0943
asic_fmax,ASIC7 Fmax (MHz),fmax + nets + ffs + distram + unicontrolsets,5,SGDClassifier,0.6667,0.0943
asic_fmax,ASIC7 Fmax (MHz),power + nets + ffs + distram + unicontrolsets,5,LogisticRegression,0.4,0.1633
asic_fmax,ASIC7 Fmax (MHz),power + nets + ffs + distram + unicontrolsets,5,Perceptron,0.6,0.0
asic_fmax,ASIC7 Fmax (MHz),power + nets + ffs + distram + unicontrolsets,5,SGDClassifier,0.5333,0.0943
asic_fmax,ASIC7 Fmax (MHz),luts + fmax + power + nets + ffs + distram,6,LogisticRegression,0.6667,0.0943
asic_fmax,ASIC7 Fmax (MHz),luts + fmax + power + nets + ffs + distram,6,Perceptron,0.6667,0.0943
asic_fmax,ASIC7 Fmax (MHz),luts + fmax + power + nets + ffs + distram,6,SGDClassifier,0.6667,0.0943
asic_fmax,ASIC7 Fmax (MHz),luts + fmax + power + nets + ffs + unicontrolsets,6,LogisticRegression,0.6667,0.0943
asic_fmax,ASIC7 Fmax (MHz),luts + fmax + power + nets + ffs + unicontrolsets,6,Perceptron,0.6667,0.1886
asic_fmax,ASIC7 Fmax (MHz),luts + fmax + power + nets + ffs + unicontrolsets,6,SGDClassifier,0.6667,0.1886
asic_fmax,ASIC7 Fmax (MHz),luts + fmax + power + nets + distram + unicontrolsets,6,LogisticRegression,0.6,0.0
asic_fmax,ASIC7 Fmax (MHz),luts + fmax + power + nets + distram + unicontrolsets,6,Perceptron,0.5333,0.0943
asic_fmax,ASIC7 Fmax (MHz),luts + fmax + power + nets + distram + unicontrolsets,6,SGDClassifier,0.6,0.1633
asic_fmax,ASIC7 Fmax (MHz),luts + fmax + power + ffs + distram + unicontrolsets,6,LogisticRegression,0.6,0.0
asic_fmax,ASIC7 Fmax (MHz),luts + fmax + power + ffs + distram + unicontrolsets,6,Perceptron,0.6667,0.2494
asic_fmax,ASIC7 Fmax (MHz),luts + fmax + power + ffs + distram + unicontrolsets,6,SGDClassifier,0.6,0.1633
asic_fmax,ASIC7 Fmax (MHz),luts + fmax + nets + ffs + distram + unicontrolsets,6,LogisticRegression,0.6667,0.0943
asic_fmax,ASIC7 Fmax (MHz),luts + fmax + nets + ffs + distram + unicontrolsets,6,Perceptron,0.6,0.0
asic_fmax,ASIC7 Fmax (MHz),luts + fmax + nets + ffs + distram + unicontrolsets,6,SGDClassifier,0.5333,0.0943
asic_fmax,ASIC7 Fmax (MHz),luts + power + nets + ffs + distram + unicontrolsets,6,LogisticRegression,0.4667,0.1886
asic_fmax,ASIC7 Fmax (MHz),luts + power + nets + ffs + distram + unicontrolsets,6,Perceptron,0.4,0.0
asic_fmax,ASIC7 Fmax (MHz),luts + power + nets + ffs + distram + unicontrolsets,6,SGDClassifier,0.5333,0.0943
asic_fmax,ASIC7 Fmax (MHz),fmax + power + nets + ffs + distram + unicontrolsets,6,LogisticRegression,0.6,0.0
asic_fmax,ASIC7 Fmax (MHz),fmax + power + nets + ffs + distram + unicontrolsets,6,Perceptron,0.6667,0.0943
asic_fmax,ASIC7 Fmax (MHz),fmax + power + nets + ffs + distram + unicontrolsets,6,SGDClassifier,0.6667,0.0943
asic_fmax,ASIC7 Fmax (MHz),luts + fmax + power + nets + ffs + distram + unicontrolsets,7,LogisticRegression,0.6,0.0
asic_fmax,ASIC7 Fmax (MHz),luts + fmax + power + nets + ffs + distram + unicontrolsets,7,Perceptron,0.6,0.0
asic_fmax,ASIC7 Fmax (MHz),luts + fmax + power + nets + ffs + distram + unicontrolsets,7,SGDClassifier,0.6,0.1633
asic_power,ASIC7 Power (mW),luts,1,LogisticRegression,0.3333,0.0943
asic_power,ASIC7 Power (mW),luts,1,Perceptron,0.4667,0.0943
asic_power,ASIC7 Power (mW),luts,1,SGDClassifier,0.4,0.0
asic_power,ASIC7 Power (mW),fmax,1,LogisticRegression,0.6,0.1633
asic_power,ASIC7 Power (mW),fmax,1,Perceptron,0.4,0.1633
asic_power,ASIC7 Power (mW),fmax,1,SGDClassifier,0.4,0.1633
asic_power,ASIC7 Power (mW),power,1,LogisticRegression,0.2667,0.0943
asic_power,ASIC7 Power (mW),power,1,Perceptron,0.2,0.0
asic_power,ASIC7 Power (mW),power,1,SGDClassifier,0.4,0.1633
asic_power,ASIC7 Power (mW),nets,1,LogisticRegression,0.3333,0.0943
asic_power,ASIC7 Power (mW),nets,1,Perceptron,0.4667,0.0943
asic_power,ASIC7 Power (mW),nets,1,SGDClassifier,0.4,0.0
asic_power,ASIC7 Power (mW),ffs,1,LogisticRegression,0.3333,0.0943
asic_power,ASIC7 Power (mW),ffs,1,Perceptron,0.4,0.0
asic_power,ASIC7 Power (mW),ffs,1,SGDClassifier,0.3333,0.0943
asic_power,ASIC7 Power (mW),distram,1,LogisticRegression,0.5333,0.0943
asic_power,ASIC7 Power (mW),distram,1,Perceptron,0.5333,0.0943
asic_power,ASIC7 Power (mW),distram,1,SGDClassifier,0.4667,0.0943
asic_power,ASIC7 Power (mW),unicontrolsets,1,LogisticRegression,0.2667,0.0943
asic_power,ASIC7 Power (mW),unicontrolsets,1,Perceptron,0.4667,0.0943
asic_power,ASIC7 Power (mW),unicontrolsets,1,SGDClassifier,0.4667,0.0943
asic_power,ASIC7 Power (mW),luts + fmax,2,LogisticRegression,0.4667,0.0943
asic_power,ASIC7 Power (mW),luts + fmax,2,Perceptron,0.4,0.1633
asic_power,ASIC7 Power (mW),luts + fmax,2,SGDClassifier,0.3333,0.0943
asic_power,ASIC7 Power (mW),luts + power,2,LogisticRegression,0.3333,0.0943
asic_power,ASIC7 Power (mW),luts + power,2,Perceptron,0.3333,0.0943
asic_power,ASIC7 Power (mW),luts + power,2,SGDClassifier,0.2667,0.0943
asic_power,ASIC7 Power (mW),luts + nets,2,LogisticRegression,0.3333,0.0943
asic_power,ASIC7 Power (mW),luts + nets,2,Perceptron,0.3333,0.0943
asic_power,ASIC7 Power (mW),luts + nets,2,SGDClassifier,0.4667,0.0943
asic_power,ASIC7 Power (mW),luts + ffs,2,LogisticRegression,0.4,0.1633
asic_power,ASIC7 Power (mW),luts + ffs,2,Perceptron,0.2,0.1633
asic_power,ASIC7 Power (mW),luts + ffs,2,SGDClassifier,0.2667,0.0943
asic_power,ASIC7 Power (mW),luts + distram,2,LogisticRegression,0.6,0.0
asic_power,ASIC7 Power (mW),luts + distram,2,Perceptron,0.4667,0.0943
asic_power,ASIC7 Power (mW),luts + distram,2,SGDClassifier,0.6667,0.0943
asic_power,ASIC7 Power (mW),luts + unicontrolsets,2,LogisticRegression,0.3333,0.0943
asic_power,ASIC7 Power (mW),luts + unicontrolsets,2,Perceptron,0.3333,0.0943
asic_power,ASIC7 Power (mW),luts + unicontrolsets,2,SGDClassifier,0.2667,0.0943
asic_power,ASIC7 Power (mW),fmax + power,2,LogisticRegression,0.4,0.0
asic_power,ASIC7 Power (mW),fmax + power,2,Perceptron,0.2,0.1633
asic_power,ASIC7 Power (mW),fmax + power,2,SGDClassifier,0.3333,0.0943
asic_power,ASIC7 Power (mW),fmax + nets,2,LogisticRegression,0.4667,0.0943
asic_power,ASIC7 Power (mW),fmax + nets,2,Perceptron,0.4,0.1633
asic_power,ASIC7 Power (mW),fmax + nets,2,SGDClassifier,0.4667,0.0943
asic_power,ASIC7 Power (mW),fmax + ffs,2,LogisticRegression,0.4667,0.0943
asic_power,ASIC7 Power (mW),fmax + ffs,2,Perceptron,0.4667,0.0943
asic_power,ASIC7 Power (mW),fmax + ffs,2,SGDClassifier,0.4,0.0
asic_power,ASIC7 Power (mW),fmax + distram,2,LogisticRegression,0.6,0.1633
asic_power,ASIC7 Power (mW),fmax + distram,2,Perceptron,0.6,0.1633
asic_power,ASIC7 Power (mW),fmax + distram,2,SGDClassifier,0.6,0.1633
asic_power,ASIC7 Power (mW),fmax + unicontrolsets,2,LogisticRegression,0.5333,0.0943
asic_power,ASIC7 Power (mW),fmax + unicontrolsets,2,Perceptron,0.4667,0.0943
asic_power,ASIC7 Power (mW),fmax + unicontrolsets,2,SGDClassifier,0.2667,0.1886
asic_power,ASIC7 Power (mW),power + nets,2,LogisticRegression,0.3333,0.0943
asic_power,ASIC7 Power (mW),power + nets,2,Perceptron,0.4,0.0
asic_power,ASIC7 Power (mW),power + nets,2,SGDClassifier,0.4,0.0
asic_power,ASIC7 Power (mW),power + ffs,2,LogisticRegression,0.4,0.1633
asic_power,ASIC7 Power (mW),power + ffs,2,Perceptron,0.4,0.1633
asic_power,ASIC7 Power (mW),power + ffs,2,SGDClassifier,0.2,0.1633
asic_power,ASIC7 Power (mW),power + distram,2,LogisticRegression,0.4,0.0
asic_power,ASIC7 Power (mW),power + distram,2,Perceptron,0.6,0.1633
asic_power,ASIC7 Power (mW),power + distram,2,SGDClassifier,0.4667,0.0943
asic_power,ASIC7 Power (mW),power + unicontrolsets,2,LogisticRegression,0.2667,0.0943
asic_power,ASIC7 Power (mW),power + unicontrolsets,2,Perceptron,0.2,0.1633
asic_power,ASIC7 Power (mW),power + unicontrolsets,2,SGDClassifier,0.3333,0.2494
asic_power,ASIC7 Power (mW),nets + ffs,2,LogisticRegression,0.4,0.1633
asic_power,ASIC7 Power (mW),nets + ffs,2,Perceptron,0.3333,0.0943
asic_power,ASIC7 Power (mW),nets + ffs,2,SGDClassifier,0.2667,0.0943
asic_power,ASIC7 Power (mW),nets + distram,2,LogisticRegression,0.6,0.0
asic_power,ASIC7 Power (mW),nets + distram,2,Perceptron,0.5333,0.0943
asic_power,ASIC7 Power (mW),nets + distram,2,SGDClassifier,0.6,0.1633
asic_power,ASIC7 Power (mW),nets + unicontrolsets,2,LogisticRegression,0.3333,0.0943
asic_power,ASIC7 Power (mW),nets + unicontrolsets,2,Perceptron,0.2667,0.1886
asic_power,ASIC7 Power (mW),nets + unicontrolsets,2,SGDClassifier,0.2667,0.0943
asic_power,ASIC7 Power (mW),ffs + distram,2,LogisticRegression,0.5333,0.0943
asic_power,ASIC7 Power (mW),ffs + distram,2,Perceptron,0.4667,0.1886
asic_power,ASIC7 Power (mW),ffs + distram,2,SGDClassifier,0.4667,0.1886
asic_power,ASIC7 Power (mW),ffs + unicontrolsets,2,LogisticRegression,0.4,0.1633
asic_power,ASIC7 Power (mW),ffs + unicontrolsets,2,Perceptron,0.4,0.1633
asic_power,ASIC7 Power (mW),ffs + unicontrolsets,2,SGDClassifier,0.4,0.0
asic_power,ASIC7 Power (mW),distram + unicontrolsets,2,LogisticRegression,0.5333,0.2494
asic_power,ASIC7 Power (mW),distram + unicontrolsets,2,Perceptron,0.5333,0.0943
asic_power,ASIC7 Power (mW),distram + unicontrolsets,2,SGDClassifier,0.6,0.1633
asic_power,ASIC7 Power (mW),luts + fmax + power,3,LogisticRegression,0.4,0.0
asic_power,ASIC7 Power (mW),luts + fmax + power,3,Perceptron,0.4,0.0
asic_power,ASIC7 Power (mW),luts + fmax + power,3,SGDClassifier,0.2667,0.0943
asic_power,ASIC7 Power (mW),luts + fmax + nets,3,LogisticRegression,0.4667,0.0943
asic_power,ASIC7 Power (mW),luts + fmax + nets,3,Perceptron,0.6,0.1633
asic_power,ASIC7 Power (mW),luts + fmax + nets,3,SGDClassifier,0.4667,0.0943
asic_power,ASIC7 Power (mW),luts + fmax + ffs,3,LogisticRegression,0.4667,0.0943
asic_power,ASIC7 Power (mW),luts + fmax + ffs,3,Perceptron,0.2667,0.0943
asic_power,ASIC7 Power (mW),luts + fmax + ffs,3,SGDClassifier,0.3333,0.0943
asic_power,ASIC7 Power (mW),luts + fmax + distram,3,LogisticRegression,0.4667,0.0943
asic_power,ASIC7 Power (mW),luts + fmax + distram,3,Perceptron,0.6,0.1633
asic_power,ASIC7 Power (mW),luts + fmax + distram,3,SGDClassifier,0.5333,0.0943
asic_power,ASIC7 Power (mW),luts + fmax + unicontrolsets,3,LogisticRegression,0.4667,0.0943
asic_power,ASIC7 Power (mW),luts + fmax + unicontrolsets,3,Perceptron,0.4,0.0
asic_power,ASIC7 Power (mW),luts + fmax + unicontrolsets,3,SGDClassifier,0.2667,0.0943
asic_power,ASIC7 Power (mW),luts + power + nets,3,LogisticRegression,0.3333,0.0943
asic_power,ASIC7 Power (mW),luts + power + nets,3,Perceptron,0.2667,0.0943
asic_power,ASIC7 Power (mW),luts + power + nets,3,SGDClassifier,0.3333,0.0943
asic_power,ASIC7 Power (mW),luts + power + ffs,3,LogisticRegression,0.4,0.1633
asic_power,ASIC7 Power (mW),luts + power + ffs,3,Perceptron,0.2667,0.0943
asic_power,ASIC7 Power (mW),luts + power + ffs,3,SGDClassifier,0.3333,0.0943
asic_power,ASIC7 Power (mW),luts + power + distram,3,LogisticRegression,0.6,0.0
asic_power,ASIC7 Power (mW),luts + power + distram,3,Perceptron,0.6,0.1633
asic_power,ASIC7 Power (mW),luts + power + distram,3,SGDClassifier,0.5333,0.0943
asic_power,ASIC7 Power (mW),luts + power + unicontrolsets,3,LogisticRegression,0.3333,0.0943
asic_power,ASIC7 Power (mW),luts + power + unicontrolsets,3,Perceptron,0.2667,0.1886
asic_power,ASIC7 Power (mW),luts + power + unicontrolsets,3,SGDClassifier,0.4,0.1633
asic_power,ASIC7 Power (mW),luts + nets + ffs,3,LogisticRegression,0.4667,0.1886
asic_power,ASIC7 Power (mW),luts + nets + ffs,3,Perceptron,0.3333,0.0943
asic_power,ASIC7 Power (mW),luts + nets + ffs,3,SGDClassifier,0.3333,0.0943
asic_power,ASIC7 Power (mW),luts + nets + distram,3,LogisticRegression,0.6,0.0
asic_power,ASIC7 Power (mW),luts + nets + distram,3,Perceptron,0.6,0.1633
asic_power,ASIC7 Power (mW),luts + nets + distram,3,SGDClassifier,0.5333,0.0943
asic_power,ASIC7 Power (mW),luts + nets + unicontrolsets,3,LogisticRegression,0.3333,0.0943
asic_power,ASIC7 Power (mW),luts + nets + unicontrolsets,3,Perceptron,0.2667,0.0943
asic_power,ASIC7 Power (mW),luts + nets + unicontrolsets,3,SGDClassifier,0.2667,0.0943
asic_power,ASIC7 Power (mW),luts + ffs + distram,3,LogisticRegression,0.6,0.0
asic_power,ASIC7 Power (mW),luts + ffs + distram,3,Perceptron,0.5333,0.0943
asic_power,ASIC7 Power (mW),luts + ffs + distram,3,SGDClassifier,0.6,0.1633
asic_power,ASIC7 Power (mW),luts + ffs + unicontrolsets,3,LogisticRegression,0.4,0.1633
asic_power,ASIC7 Power (mW),luts + ffs + unicontrolsets,3,Perceptron,0.3333,0.0943
asic_power,ASIC7 Power (mW),luts + ffs + unicontrolsets,3,SGDClassifier,0.3333,0.0943
asic_power,ASIC7 Power (mW),luts + distram + unicontrolsets,3,LogisticRegression,0.6,0.0
asic_power,ASIC7 Power (mW),luts + distram + unicontrolsets,3,Perceptron,0.4667,0.1886
asic_power,ASIC7 Power (mW),luts + distram + unicontrolsets,3,SGDClassifier,0.4,0.1633
asic_power,ASIC7 Power (mW),fmax + power + nets,3,LogisticRegression,0.4,0.0
asic_power,ASIC7 Power (mW),fmax + power + nets,3,Perceptron,0.4,0.0
asic_power,ASIC7 Power (mW),fmax + power + nets,3,SGDClassifier,0.4,0.0
asic_power,ASIC7 Power (mW),fmax + power + ffs,3,LogisticRegression,0.4667,0.0943
asic_power,ASIC7 Power (mW),fmax + power + ffs,3,Perceptron,0.3333,0.0943
asic_power,ASIC7 Power (mW),fmax + power + ffs,3,SGDClassifier,0.2667,0.1886
asic_power,ASIC7 Power (mW),fmax + power + distram,3,LogisticRegression,0.4667,0.0943
asic_power,ASIC7 Power (mW),fmax + power + distram,3,Perceptron,0.5333,0.0943
asic_power,ASIC7 Power (mW),fmax + power + distram,3,SGDClassifier,0.4667,0.1886
asic_power,ASIC7 Power (mW),fmax + power + unicontrolsets,3,LogisticRegression,0.4,0.0
asic_power,ASIC7 Power (mW),fmax + power + unicontrolsets,3,Perceptron,0.2667,0.0943
asic_power,ASIC7 Power (mW),fmax + power + unicontrolsets,3,SGDClassifier,0.2667,0.0943
asic_power,ASIC7 Power (mW),fmax + nets + ffs,3,LogisticRegression,0.4667,0.0943
asic_power,ASIC7 Power (mW),fmax + nets + ffs,3,Perceptron,0.4667,0.0943
asic_power,ASIC7 Power (mW),fmax + nets + ffs,3,SGDClassifier,0.4,0.3266
asic_power,ASIC7 Power (mW),fmax + nets + distram,3,LogisticRegression,0.4667,0.0943
asic_power,ASIC7 Power (mW),fmax + nets + distram,3,Perceptron,0.6,0.0
asic_power,ASIC7 Power (mW),fmax + nets + distram,3,SGDClassifier,0.6,0.0
asic_power,ASIC7 Power (mW),fmax + nets + unicontrolsets,3,LogisticRegression,0.4667,0.0943
asic_power,ASIC7 Power (mW),fmax + nets + unicontrolsets,3,Perceptron,0.4,0.1633
asic_power,ASIC7 Power (mW),fmax + nets + unicontrolsets,3,SGDClassifier,0.4,0.1633
asic_power,ASIC7 Power (mW),fmax + ffs + distram,3,LogisticRegression,0.5333,0.0943
asic_power,ASIC7 Power (mW),fmax + ffs + distram,3,Perceptron,0.6,0.0
asic_power,ASIC7 Power (mW),fmax + ffs + distram,3,SGDClassifier,0.4667,0.1886
asic_power,ASIC7 Power (mW),fmax + ffs + unicontrolsets,3,LogisticRegression,0.4667,0.0943
asic_power,ASIC7 Power (mW),fmax + ffs + unicontrolsets,3,Perceptron,0.3333,0.0943
asic_power,ASIC7 Power (mW),fmax + ffs + unicontrolsets,3,SGDClassifier,0.4,0.1633
asic_power,ASIC7 Power (mW),fmax + distram + unicontrolsets,3,LogisticRegression,0.5333,0.0943
asic_power,ASIC7 Power (mW),fmax + distram + unicontrolsets,3,Perceptron,0.5333,0.0943
asic_power,ASIC7 Power (mW),fmax + distram + unicontrolsets,3,SGDClassifier,0.5333,0.0943
asic_power,ASIC7 Power (mW),power + nets + ffs,3,LogisticRegression,0.4,0.1633
asic_power,ASIC7 Power (mW),power + nets + ffs,3,Perceptron,0.3333,0.0943
asic_power,ASIC7 Power (mW),power + nets + ffs,3,SGDClassifier,0.2667,0.0943
asic_power,ASIC7 Power (mW),power + nets + distram,3,LogisticRegression,0.6,0.0
asic_power,ASIC7 Power (mW),power + nets + distram,3,Perceptron,0.6667,0.2494
asic_power,ASIC7 Power (mW),power + nets + distram,3,SGDClassifier,0.5333,0.3399
asic_power,ASIC7 Power (mW),power + nets + unicontrolsets,3,LogisticRegression,0.3333,0.0943
asic_power,ASIC7 Power (mW),power + nets + unicontrolsets,3,Perceptron,0.2667,0.1886
asic_power,ASIC7 Power (mW),power + nets + unicontrolsets,3,SGDClassifier,0.2667,0.1886
asic_power,ASIC7 Power (mW),power + ffs + distram,3,LogisticRegression,0.5333,0.0943
asic_power,ASIC7 Power (mW),power + ffs + distram,3,Perceptron,0.4,0.1633
asic_power,ASIC7 Power (mW),power + ffs + distram,3,SGDClassifier,0.4667,0.1886
asic_power,ASIC7 Power (mW),power + ffs + unicontrolsets,3,LogisticRegression,0.4,0.1633
asic_power,ASIC7 Power (mW),power + ffs + unicontrolsets,3,Perceptron,0.3333,0.0943
asic_power,ASIC7 Power (mW),power + ffs + unicontrolsets,3,SGDClassifier,0.4,0.0
asic_power,ASIC7 Power (mW),power + distram + unicontrolsets,3,LogisticRegression,0.4667,0.0943
asic_power,ASIC7 Power (mW),power + distram + unicontrolsets,3,Perceptron,0.3333,0.1886
asic_power,ASIC7 Power (mW),power + distram + unicontrolsets,3,SGDClassifier,0.5333,0.0943
asic_power,ASIC7 Power (mW),nets + ffs + distram,3,LogisticRegression,0.6,0.0
asic_power,ASIC7 Power (mW),nets + ffs + distram,3,Perceptron,0.5333,0.0943
asic_power,ASIC7 Power (mW),nets + ffs + distram,3,SGDClassifier,0.5333,0.0943
asic_power,ASIC7 Power (mW),nets + ffs + unicontrolsets,3,LogisticRegression,0.4,0.1633
asic_power,ASIC7 Power (mW),nets + ffs + unicontrolsets,3,Perceptron,0.4,0.0
asic_power,ASIC7 Power (mW),nets + ffs + unicontrolsets,3,SGDClassifier,0.3333,0.0943
asic_power,ASIC7 Power (mW),nets + distram + unicontrolsets,3,LogisticRegression,0.6,0.0
asic_power,ASIC7 Power (mW),nets + distram + unicontrolsets,3,Perceptron,0.4,0.1633
asic_power,ASIC7 Power (mW),nets + distram + unicontrolsets,3,SGDClassifier,0.4667,0.0943
asic_power,ASIC7 Power (mW),ffs + distram + unicontrolsets,3,LogisticRegression,0.5333,0.0943
asic_power,ASIC7 Power (mW),ffs + distram + unicontrolsets,3,Perceptron,0.5333,0.2494
asic_power,ASIC7 Power (mW),ffs + distram + unicontrolsets,3,SGDClassifier,0.4667,0.1886
asic_power,ASIC7 Power (mW),luts + fmax + power + nets,4,LogisticRegression,0.4,0.0
asic_power,ASIC7 Power (mW),luts + fmax + power + nets,4,Perceptron,0.3333,0.0943
asic_power,ASIC7 Power (mW),luts + fmax + power + nets,4,SGDClassifier,0.3333,0.0943
asic_power,ASIC7 Power (mW),luts + fmax + power + ffs,4,LogisticRegression,0.4667,0.0943
asic_power,ASIC7 Power (mW),luts + fmax + power + ffs,4,Perceptron,0.2667,0.0943
asic_power,ASIC7 Power (mW),luts + fmax + power + ffs,4,SGDClassifier,0.2667,0.0943
asic_power,ASIC7 Power (mW),luts + fmax + power + distram,4,LogisticRegression,0.4667,0.0943
asic_power,ASIC7 Power (mW),luts + fmax + power + distram,4,Perceptron,0.5333,0.0943
asic_power,ASIC7 Power (mW),luts + fmax + power + distram,4,SGDClassifier,0.5333,0.0943
asic_power,ASIC7 Power (mW),luts + fmax + power + unicontrolsets,4,LogisticRegression,0.3333,0.0943
asic_power,ASIC7 Power (mW),luts + fmax + power + unicontrolsets,4,Perceptron,0.2,0.1633
asic_power,ASIC7 Power (mW),luts + fmax + power + unicontrolsets,4,SGDClassifier,0.3333,0.0943
asic_power,ASIC7 Power (mW),luts + fmax + nets + ffs,4,LogisticRegression,0.4667,0.0943
asic_power,ASIC7 Power (mW),luts + fmax + nets + ffs,4,Perceptron,0.5333,0.1886
asic_power,ASIC7 Power (mW),luts + fmax + nets + ffs,4,SGDClassifier,0.4,0.0
asic_power,ASIC7 Power (mW),luts + fmax + nets + distram,4,LogisticRegression,0.4667,0.0943
asic_power,ASIC7 Power (mW),luts + fmax + nets + distram,4,Perceptron,0.6,0.0
asic_power,ASIC7 Power (mW),luts + fmax + nets + distram,4,SGDClassifier,0.6,0.0
asic_power,ASIC7 Power (mW),luts + fmax + nets + unicontrolsets,4,LogisticRegression,0.4,0.1633
asic_power,ASIC7 Power (mW),luts + fmax + nets + unicontrolsets,4,Perceptron,0.4,0.0
asic_power,ASIC7 Power (mW),luts + fmax + nets + unicontrolsets,4,SGDClassifier,0.3333,0.0943
asic_power,ASIC7 Power (mW),luts + fmax + ffs + distram,4,LogisticRegression,0.4667,0.0943
asic_power,ASIC7 Power (mW),luts + fmax + ffs + distram,4,Perceptron,0.6,0.0
asic_power,ASIC7 Power (mW),luts + fmax + ffs + distram,4,SGDClassifier,0.4667,0.0943
asic_power,ASIC7 Power (mW),luts + fmax + ffs + unicontrolsets,4,LogisticRegression,0.4,0.1633
asic_power,ASIC7 Power (mW),luts + fmax + ffs + unicontrolsets,4,Perceptron,0.3333,0.0943
asic_power,ASIC7 Power (mW),luts + fmax + ffs + unicontrolsets,4,SGDClassifier,0.2667,0.0943
asic_power,ASIC7 Power (mW),luts + fmax + distram + unicontrolsets,4,LogisticRegression,0.4,0.1633
asic_power,ASIC7 Power (mW),luts + fmax + distram + unicontrolsets,4,Perceptron,0.4,0.1633
asic_power,ASIC7 Power (mW),luts + fmax + distram + unicontrolsets,4,SGDClassifier,0.4,0.1633
asic_power,ASIC7 Power (mW),luts + power + nets + ffs,4,LogisticRegression,0.4,0.1633
asic_power,ASIC7 Power (mW),luts + power + nets + ffs,4,Perceptron,0.2667,0.1886
asic_power,ASIC7 Power (mW),luts + power + nets + ffs,4,SGDClassifier,0.2,0.1633
asic_power,ASIC7 Power (mW),luts + power + nets + distram,4,LogisticRegression,0.6,0.0
asic_power,ASIC7 Power (mW),luts + power + nets + distram,4,Perceptron,0.6667,0.0943
asic_power,ASIC7 Power (mW),luts + power + nets + distram,4,SGDClassifier,0.5333,0.1886
asic_power,ASIC7 Power (mW),luts + power + nets + unicontrolsets,4,LogisticRegression,0.3333,0.0943
asic_power,ASIC7 Power (mW),luts + power + nets + unicontrolsets,4,Perceptron,0.2667,0.1886
asic_power,ASIC7 Power (mW),luts + power + nets + unicontrolsets,4,SGDClassifier,0.4,0.3266
asic_power,ASIC7 Power (mW),luts + power + ffs + distram,4,LogisticRegression,0.6,0.0
asic_power,ASIC7 Power (mW),luts + power + ffs + distram,4,Perceptron,0.4667,0.0943
asic_power,ASIC7 Power (mW),luts + power + ffs + distram,4,SGDClassifier,0.7333,0.1886
asic_power,ASIC7 Power (mW),luts + power + ffs + unicontrolsets,4,LogisticRegression,0.4,0.1633
asic_power,ASIC7 Power (mW),luts + power + ffs + unicontrolsets,4,Perceptron,0.2667,0.1886
asic_power,ASIC7 Power (mW),luts + power + ffs + unicontrolsets,4,SGDClassifier,0.3333,0.2494
asic_power,ASIC7 Power (mW),luts + power + distram + unicontrolsets,4,LogisticRegression,0.5333,0.0943
asic_power,ASIC7 Power (mW),luts + power + distram + unicontrolsets,4,Perceptron,0.4667,0.0943
asic_power,ASIC7 Power (mW),luts + power + distram + unicontrolsets,4,SGDClassifier,0.4667,0.0943
asic_power,ASIC7 Power (mW),luts + nets + ffs + distram,4,LogisticRegression,0.5333,0.0943
asic_power,ASIC7 Power (mW),luts + nets + ffs + distram,4,Perceptron,0.5333,0.0943
asic_power,ASIC7 Power (mW),luts + nets + ffs + distram,4,SGDClassifier,0.5333,0.0943
asic_power,ASIC7 Power (mW),luts + nets + ffs + unicontrolsets,4,LogisticRegression,0.4667,0.1886
asic_power,ASIC7 Power (mW),luts + nets + ffs + unicontrolsets,4,Perceptron,0.4,0.0
asic_power,ASIC7 Power (mW),luts + nets + ffs + unicontrolsets,4,SGDClassifier,0.3333,0.0943
asic_power,ASIC7 Power (mW),luts + nets + distram + unicontrolsets,4,LogisticRegression,0.5333,0.0943
asic_power,ASIC7 Power (mW),luts + nets + distram + unicontrolsets,4,Perceptron,0.5333,0.0943
asic_power,ASIC7 Power (mW),luts + nets + distram + unicontrolsets,4,SGDClassifier,0.4667,0.0943
asic_power,ASIC7 Power (mW),luts + ffs + distram + unicontrolsets,4,LogisticRegression,0.6,0.0
asic_power,ASIC7 Power (mW),luts + ffs + distram + unicontrolsets,4,Perceptron,0.4667,0.0943
asic_power,ASIC7 Power (mW),luts + ffs + distram + unicontrolsets,4,SGDClassifier,0.3333,0.0943
asic_power,ASIC7 Power (mW),fmax + power + nets + ffs,4,LogisticRegression,0.4667,0.0943
asic_power,ASIC7 Power (mW),fmax + power + nets + ffs,4,Perceptron,0.3333,0.2494
asic_power,ASIC7 Power (mW),fmax + power + nets + ffs,4,SGDClassifier,0.3333,0.0943
asic_power,ASIC7 Power (mW),fmax + power + nets + distram,4,LogisticRegression,0.4667,0.0943
asic_power,ASIC7 Power (mW),fmax + power + nets + distram,4,Perceptron,0.6,0.1633
asic_power,ASIC7 Power (mW),fmax + power + nets + distram,4,SGDClassifier,0.5333,0.0943
asic_power,ASIC7 Power (mW),fmax + power + nets + unicontrolsets,4,LogisticRegression,0.3333,0.0943
asic_power,ASIC7 Power (mW),fmax + power + nets + unicontrolsets,4,Perceptron,0.4667,0.0943
asic_power,ASIC7 Power (mW),fmax + power + nets + unicontrolsets,4,SGDClassifier,0.3333,0.0943
asic_power,ASIC7 Power (mW),fmax + power + ffs + distram,4,LogisticRegression,0.4667,0.0943
asic_power,ASIC7 Power (mW),fmax + power + ffs + distram,4,Perceptron,0.4667,0.0943
asic_power,ASIC7 Power (mW),fmax + power + ffs + distram,4,SGDClassifier,0.5333,0.0943
asic_power,ASIC7 Power (mW),fmax + power + ffs + unicontrolsets,4,LogisticRegression,0.4,0.1633
asic_power,ASIC7 Power (mW),fmax + power + ffs + unicontrolsets,4,Perceptron,0.3333,0.0943
asic_power,ASIC7 Power (mW),fmax + power + ffs + unicontrolsets,4,SGDClassifier,0.2667,0.0943
asic_power,ASIC7 Power (mW),fmax + power + distram + unicontrolsets,4,LogisticRegression,0.4,0.1633
asic_power,ASIC7 Power (mW),fmax + power + distram + unicontrolsets,4,Perceptron,0.4,0.1633
asic_power,ASIC7 Power (mW),fmax + power + distram + unicontrolsets,4,SGDClassifier,0.4667,0.0943
asic_power,ASIC7 Power (mW),fmax + nets + ffs + distram,4,LogisticRegression,0.4667,0.0943
asic_power,ASIC7 Power (mW),fmax + nets + ffs + distram,4,Perceptron,0.4667,0.1886
asic_power,ASIC7 Power (mW),fmax + nets + ffs + distram,4,SGDClassifier,0.4,0.1633
asic_power,ASIC7 Power (mW),fmax + nets + ffs + unicontrolsets,4,LogisticRegression,0.4,0.1633
asic_power,ASIC7 Power (mW),fmax + nets + ffs + unicontrolsets,4,Perceptron,0.2667,0.1886
asic_power,ASIC7 Power (mW),fmax + nets + ffs + unicontrolsets,4,SGDClassifier,0.3333,0.0943
asic_power,ASIC7 Power (mW),fmax + nets + distram + unicontrolsets,4,LogisticRegression,0.4,0.1633
asic_power,ASIC7 Power (mW),fmax + nets + distram + unicontrolsets,4,Perceptron,0.4,0.1633
asic_power,ASIC7 Power (mW),fmax + nets + distram + unicontrolsets,4,SGDClassifier,0.4,0.1633
asic_power,ASIC7 Power (mW),fmax + ffs + distram + unicontrolsets,4,LogisticRegression,0.5333,0.0943
asic_power,ASIC7 Power (mW),fmax + ffs + distram + unicontrolsets,4,Perceptron,0.5333,0.0943
asic_power,ASIC7 Power (mW),fmax + ffs + distram + unicontrolsets,4,SGDClassifier,0.5333,0.0943
asic_power,ASIC7 Power (mW),power + nets + ffs + distram,4,LogisticRegression,0.6,0.0
asic_power,ASIC7 Power (mW),power + nets + ffs + distram,4,Perceptron,0.4,0.1633
asic_power,ASIC7 Power (mW),power + nets + ffs + distram,4,SGDClassifier,0.5333,0.1886
asic_power,ASIC7 Power (mW),power + nets + ffs + unicontrolsets,4,LogisticRegression,0.4,0.1633
asic_power,ASIC7 Power (mW),power + nets + ffs + unicontrolsets,4,Perceptron,0.2667,0.1886
asic_power,ASIC7 Power (mW),power + nets + ffs + unicontrolsets,4,SGDClassifier,0.3333,0.0943
asic_power,ASIC7 Power (mW),power + nets + distram + unicontrolsets,4,LogisticRegression,0.5333,0.0943
asic_power,ASIC7 Power (mW),power + nets + distram + unicontrolsets,4,Perceptron,0.4667,0.2494
asic_power,ASIC7 Power (mW),power + nets + distram + unicontrolsets,4,SGDClassifier,0.5333,0.0943
asic_power,ASIC7 Power (mW),power + ffs + distram + unicontrolsets,4,LogisticRegression,0.5333,0.0943
asic_power,ASIC7 Power (mW),power + ffs + distram + unicontrolsets,4,Perceptron,0.4,0.1633
asic_power,ASIC7 Power (mW),power + ffs + distram + unicontrolsets,4,SGDClassifier,0.4667,0.0943
asic_power,ASIC7 Power (mW),nets + ffs + distram + unicontrolsets,4,LogisticRegression,0.6,0.0
asic_power,ASIC7 Power (mW),nets + ffs + distram + unicontrolsets,4,Perceptron,0.4,0.1633
asic_power,ASIC7 Power (mW),nets + ffs + distram + unicontrolsets,4,SGDClassifier,0.4,0.1633
asic_power,ASIC7 Power (mW),luts + fmax + power + nets + ffs,5,LogisticRegression,0.4667,0.0943
asic_power,ASIC7 Power (mW),luts + fmax + power + nets + ffs,5,Perceptron,0.2667,0.0943
asic_power,ASIC7 Power (mW),luts + fmax + power + nets + ffs,5,SGDClassifier,0.2667,0.0943
asic_power,ASIC7 Power (mW),luts + fmax + power + nets + distram,5,LogisticRegression,0.4667,0.0943
asic_power,ASIC7 Power (mW),luts + fmax + power + nets + distram,5,Perceptron,0.6,0.1633
asic_power,ASIC7 Power (mW),luts + fmax + power + nets + distram,5,SGDClassifier,0.4667,0.0943
asic_power,ASIC7 Power (mW),luts + fmax + power + nets + unicontrolsets,5,LogisticRegression,0.3333,0.0943
asic_power,ASIC7 Power (mW),luts + fmax + power + nets + unicontrolsets,5,Perceptron,0.3333,0.0943
asic_power,ASIC7 Power (mW),luts + fmax + power + nets + unicontrolsets,5,SGDClassifier,0.2667,0.1886
asic_power,ASIC7 Power (mW),luts + fmax + power + ffs + distram,5,LogisticRegression,0.4667,0.0943
asic_power,ASIC7 Power (mW),luts + fmax + power + ffs + distram,5,Perceptron,0.4667,0.0943
asic_power,ASIC7 Power (mW),luts + fmax + power + ffs + distram,5,SGDClassifier,0.5333,0.0943
asic_power,ASIC7 Power (mW),luts + fmax + power + ffs + unicontrolsets,5,LogisticRegression,0.4,0.1633
asic_power,ASIC7 Power (mW),luts + fmax + power + ffs + unicontrolsets,5,Perceptron,0.2667,0.1886
asic_power,ASIC7 Power (mW),luts + fmax + power + ffs + unicontrolsets,5,SGDClassifier,0.2667,0.1886
asic_power,ASIC7 Power (mW),luts + fmax + power + distram + unicontrolsets,5,LogisticRegression,0.4,0.1633
asic_power,ASIC7 Power (mW),luts + fmax + power + distram + unicontrolsets,5,Perceptron,0.4667,0.0943
asic_power,ASIC7 Power (mW),luts + fmax + power + distram + unicontrolsets,5,SGDClassifier,0.4,0.1633
asic_power,ASIC7 Power (mW),luts + fmax + nets + ffs + distram,5,LogisticRegression,0.4667,0.0943
asic_power,ASIC7 Power (mW),luts + fmax + nets + ffs + distram,5,Perceptron,0.5333,0.0943
asic_power,ASIC7 Power (mW),luts + fmax + nets + ffs + distram,5,SGDClassifier,0.5333,0.0943
asic_power,ASIC7 Power (mW),luts + fmax + nets + ffs + unicontrolsets,5,LogisticRegression,0.4,0.1633
asic_power,ASIC7 Power (mW),luts + fmax + nets + ffs + unicontrolsets,5,Perceptron,0.3333,0.0943
asic_power,ASIC7 Power (mW),luts + fmax + nets + ffs + unicontrolsets,5,SGDClassifier,0.3333,0.0943
asic_power,ASIC7 Power (mW),luts + fmax + nets + distram + unicontrolsets,5,LogisticRegression,0.4,0.1633
asic_power,ASIC7 Power (mW),luts + fmax + nets + distram + unicontrolsets,5,Perceptron,0.4667,0.0943
asic_power,ASIC7 Power (mW),luts + fmax + nets + distram + unicontrolsets,5,SGDClassifier,0.4667,0.0943
asic_power,ASIC7 Power (mW),luts + fmax + ffs + distram + unicontrolsets,5,LogisticRegression,0.4,0.1633
asic_power,ASIC7 Power (mW),luts + fmax + ffs + distram + unicontrolsets,5,Perceptron,0.4667,0.0943
asic_power,ASIC7 Power (mW),luts + fmax + ffs + distram + unicontrolsets,5,SGDClassifier,0.4,0.1633
asic_power,ASIC7 Power (mW),luts + power + nets + ffs + distram,5,LogisticRegression,0.5333,0.0943
asic_power,ASIC7 Power (mW),luts + power + nets + ffs + distram,5,Perceptron,0.6,0.1633
asic_power,ASIC7 Power (mW),luts + power + nets + ffs + distram,5,SGDClassifier,0.6,0.1633
asic_power,ASIC7 Power (mW),luts + power + nets + ffs + unicontrolsets,5,LogisticRegression,0.4,0.1633
asic_power,ASIC7 Power (mW),luts + power + nets + ffs + unicontrolsets,5,Perceptron,0.2667,0.1886
asic_power,ASIC7 Power (mW),luts + power + nets + ffs + unicontrolsets,5,SGDClassifier,0.3333,0.0943
asic_power,ASIC7 Power (mW),luts + power + nets + distram + unicontrolsets,5,LogisticRegression,0.5333,0.0943
asic_power,ASIC7 Power (mW),luts + power + nets + distram + unicontrolsets,5,Perceptron,0.5333,0.1886
asic_power,ASIC7 Power (mW),luts + power + nets + distram + unicontrolsets,5,SGDClassifier,0.4667,0.0943
asic_power,ASIC7 Power (mW),luts + power + ffs + distram + unicontrolsets,5,LogisticRegression,0.5333,0.0943
asic_power,ASIC7 Power (mW),luts + power + ffs + distram + unicontrolsets,5,Perceptron,0.6,0.1633
asic_power,ASIC7 Power (mW),luts + power + ffs + distram + unicontrolsets,5,SGDClassifier,0.4667,0.0943
asic_power,ASIC7 Power (mW),luts + nets + ffs + distram + unicontrolsets,5,LogisticRegression,0.4667,0.0943
asic_power,ASIC7 Power (mW),luts + nets + ffs + distram + unicontrolsets,5,Perceptron,0.4,0.1633
asic_power,ASIC7 Power (mW),luts + nets + ffs + distram + unicontrolsets,5,SGDClassifier,0.4667,0.0943
asic_power,ASIC7 Power (mW),fmax + power + nets + ffs + distram,5,LogisticRegression,0.4667,0.0943
asic_power,ASIC7 Power (mW),fmax + power + nets + ffs + distram,5,Perceptron,0.5333,0.0943
asic_power,ASIC7 Power (mW),fmax + power + nets + ffs + distram,5,SGDClassifier,0.6,0.1633
asic_power,ASIC7 Power (mW),fmax + power + nets + ffs + unicontrolsets,5,LogisticRegression,0.4,0.1633
asic_power,ASIC7 Power (mW),fmax + power + nets + ffs + unicontrolsets,5,Perceptron,0.3333,0.0943
asic_power,ASIC7 Power (mW),fmax + power + nets + ffs + unicontrolsets,5,SGDClassifier,0.2,0.1633
asic_power,ASIC7 Power (mW),fmax + power + nets + distram + unicontrolsets,5,LogisticRegression,0.4,0.1633
asic_power,ASIC7 Power (mW),fmax + power + nets + distram + unicontrolsets,5,Perceptron,0.4,0.1633
asic_power,ASIC7 Power (mW),fmax + power + nets + distram + unicontrolsets,5,SGDClassifier,0.4,0.1633
asic_power,ASIC7 Power (mW),fmax + power + ffs + distram + unicontrolsets,5,LogisticRegression,0.4,0.1633
asic_power,ASIC7 Power (mW),fmax + power + ffs + distram + unicontrolsets,5,Perceptron,0.4,0.1633
asic_power,ASIC7 Power (mW),fmax + power + ffs + distram + unicontrolsets,5,SGDClassifier,0.3333,0.1886
asic_power,ASIC7 Power (mW),fmax + nets + ffs + distram + unicontrolsets,5,LogisticRegression,0.4,0.1633
asic_power,ASIC7 Power (mW),fmax + nets + ffs + distram + unicontrolsets,5,Perceptron,0.4667,0.0943
asic_power,ASIC7 Power (mW),fmax + nets + ffs + distram + unicontrolsets,5,SGDClassifier,0.4,0.1633
asic_power,ASIC7 Power (mW),power + nets + ffs + distram + unicontrolsets,5,LogisticRegression,0.5333,0.0943
asic_power,ASIC7 Power (mW),power + nets + ffs + distram + unicontrolsets,5,Perceptron,0.3333,0.1886
asic_power,ASIC7 Power (mW),power + nets + ffs + distram + unicontrolsets,5,SGDClassifier,0.3333,0.1886
asic_power,ASIC7 Power (mW),luts + fmax + power + nets + ffs + distram,6,LogisticRegression,0.4667,0.0943
asic_power,ASIC7 Power (mW),luts + fmax + power + nets + ffs + distram,6,Perceptron,0.6,0.1633
asic_power,ASIC7 Power (mW),luts + fmax + power + nets + ffs + distram,6,SGDClassifier,0.6667,0.0943
asic_power,ASIC7 Power (mW),luts + fmax + power + nets + ffs + unicontrolsets,6,LogisticRegression,0.4,0.1633
asic_power,ASIC7 Power (mW),luts + fmax + power + nets + ffs + unicontrolsets,6,Perceptron,0.2667,0.1886
asic_power,ASIC7 Power (mW),luts + fmax + power + nets + ffs + unicontrolsets,6,SGDClassifier,0.2,0.1633
asic_power,ASIC7 Power (mW),luts + fmax + power + nets + distram + unicontrolsets,6,LogisticRegression,0.4,0.1633
asic_power,ASIC7 Power (mW),luts + fmax + power + nets + distram + unicontrolsets,6,Perceptron,0.3333,0.2494
asic_power,ASIC7 Power (mW),luts + fmax + power + nets + distram + unicontrolsets,6,SGDClassifier,0.4,0.1633
asic_power,ASIC7 Power (mW),luts + fmax + power + ffs + distram + unicontrolsets,6,LogisticRegression,0.4,0.1633
asic_power,ASIC7 Power (mW),luts + fmax + power + ffs + distram + unicontrolsets,6,Perceptron,0.4667,0.0943
asic_power,ASIC7 Power (mW),luts + fmax + power + ffs + distram + unicontrolsets,6,SGDClassifier,0.4,0.1633
asic_power,ASIC7 Power (mW),luts + fmax + nets + ffs + distram + unicontrolsets,6,LogisticRegression,0.4,0.1633
asic_power,ASIC7 Power (mW),luts + fmax + nets + ffs + distram + unicontrolsets,6,Perceptron,0.4,0.1633
asic_power,ASIC7 Power (mW),luts + fmax + nets + ffs + distram + unicontrolsets,6,SGDClassifier,0.4,0.1633
asic_power,ASIC7 Power (mW),luts + power + nets + ffs + distram + unicontrolsets,6,LogisticRegression,0.4667,0.0943
asic_power,ASIC7 Power (mW),luts + power + nets + ffs + distram + unicontrolsets,6,Perceptron,0.4667,0.0943
asic_power,ASIC7 Power (mW),luts + power + nets + ffs + distram + unicontrolsets,6,SGDClassifier,0.4,0.1633
asic_power,ASIC7 Power (mW),fmax + power + nets + ffs + distram + unicontrolsets,6,LogisticRegression,0.4,0.1633
asic_power,ASIC7 Power (mW),fmax + power + nets + ffs + distram + unicontrolsets,6,Perceptron,0.4,0.1633
asic_power,ASIC7 Power (mW),fmax + power + nets + ffs + distram + unicontrolsets,6,SGDClassifier,0.4,0.1633
asic_power,ASIC7 Power (mW),luts + fmax + power + nets + ffs + distram + unicontrolsets,7,LogisticRegression,0.4,0.1633
asic_power,ASIC7 Power (mW),luts + fmax + power + nets + ffs + distram + unicontrolsets,7,Perceptron,0.4,0.1633
asic_power,ASIC7 Power (mW),luts + fmax + power + nets + ffs + distram + unicontrolsets,7,SGDClassifier,0.4,0.1633
asic_nets,ASIC7 Nets,luts,1,LogisticRegression,0.4667,0.1886
asic_nets,ASIC7 Nets,luts,1,Perceptron,0.4667,0.1886
asic_nets,ASIC7 Nets,luts,1,SGDClassifier,0.4667,0.1886
asic_nets,ASIC7 Nets,fmax,1,LogisticRegression,0.7333,0.0943
asic_nets,ASIC7 Nets,fmax,1,Perceptron,0.5333,0.0943
asic_nets,ASIC7 Nets,fmax,1,SGDClassifier,0.6,0.0
asic_nets,ASIC7 Nets,power,1,LogisticRegression,0.2667,0.0943
asic_nets,ASIC7 Nets,power,1,Perceptron,0.2667,0.0943
asic_nets,ASIC7 Nets,power,1,SGDClassifier,0.4,0.1633
asic_nets,ASIC7 Nets,nets,1,LogisticRegression,0.5333,0.2494
asic_nets,ASIC7 Nets,nets,1,Perceptron,0.4667,0.1886
asic_nets,ASIC7 Nets,nets,1,SGDClassifier,0.4667,0.1886
asic_nets,ASIC7 Nets,ffs,1,LogisticRegression,0.4667,0.1886
asic_nets,ASIC7 Nets,ffs,1,Perceptron,0.5333,0.0943
asic_nets,ASIC7 Nets,ffs,1,SGDClassifier,0.4,0.1633
asic_nets,ASIC7 Nets,distram,1,LogisticRegression,0.2,0.0
asic_nets,ASIC7 Nets,distram,1,Perceptron,0.2,0.1633
asic_nets,ASIC7 Nets,distram,1,SGDClassifier,0.2,0.1633
asic_nets,ASIC7 Nets,unicontrolsets,1,LogisticRegression,0.4667,0.2494
asic_nets,ASIC7 Nets,unicontrolsets,1,Perceptron,0.3333,0.1886
asic_nets,ASIC7 Nets,unicontrolsets,1,SGDClassifier,0.4667,0.1886
asic_nets,ASIC7 Nets,luts + fmax,2,LogisticRegression,0.6667,0.0943
asic_nets,ASIC7 Nets,luts + fmax,2,Perceptron,0.6,0.0
asic_nets,ASIC7 Nets,luts + fmax,2,SGDClassifier,0.6,0.0
asic_nets,ASIC7 Nets,luts + power,2,LogisticRegression,0.5333,0.2494
asic_nets,ASIC7 Nets,luts + power,2,Perceptron,0.5333,0.0943
asic_nets,ASIC7 Nets,luts + power,2,SGDClassifier,0.6,0.0
asic_nets,ASIC7 Nets,luts + nets,2,LogisticRegression,0.5333,0.2494
asic_nets,ASIC7 Nets,luts + nets,2,Perceptron,0.3333,0.1886
asic_nets,ASIC7 Nets,luts + nets,2,SGDClassifier,0.5333,0.0943
asic_nets,ASIC7 Nets,luts + ffs,2,LogisticRegression,0.5333,0.2494
asic_nets,ASIC7 Nets,luts + ffs,2,Perceptron,0.6,0.1633
asic_nets,ASIC7 Nets,luts + ffs,2,SGDClassifier,0.5333,0.0943
asic_nets,ASIC7 Nets,luts + distram,2,LogisticRegression,0.5333,0.0943
asic_nets,ASIC7 Nets,luts + distram,2,Perceptron,0.6667,0.0943
asic_nets,ASIC7 Nets,luts + distram,2,SGDClassifier,0.5333,0.2494
asic_nets,ASIC7 Nets,luts + unicontrolsets,2,LogisticRegression,0.4667,0.1886
asic_nets,ASIC7 Nets,luts + unicontrolsets,2,Perceptron,0.4667,0.1886
asic_nets,ASIC7 Nets,luts + unicontrolsets,2,SGDClassifier,0.4,0.1633
asic_nets,ASIC7 Nets,fmax + power,2,LogisticRegression,0.6,0.1633
asic_nets,ASIC7 Nets,fmax + power,2,Perceptron,0.6,0.0
asic_nets,ASIC7 Nets,fmax + power,2,SGDClassifier,0.6,0.0
asic_nets,ASIC7 Nets,fmax + nets,2,LogisticRegression,0.7333,0.0943
asic_nets,ASIC7 Nets,fmax + nets,2,Perceptron,0.6667,0.0943
asic_nets,ASIC7 Nets,fmax + nets,2,SGDClassifier,0.6,0.0
asic_nets,ASIC7 Nets,fmax + ffs,2,LogisticRegression,0.7333,0.0943
asic_nets,ASIC7 Nets,fmax + ffs,2,Perceptron,0.7333,0.0943
asic_nets,ASIC7 Nets,fmax + ffs,2,SGDClassifier,0.7333,0.0943
asic_nets,ASIC7 Nets,fmax + distram,2,LogisticRegression,0.6,0.0
asic_nets,ASIC7 Nets,fmax + distram,2,Perceptron,0.6,0.1633
asic_nets,ASIC7 Nets,fmax + distram,2,SGDClassifier,0.6,0.0
asic_nets,ASIC7 Nets,fmax + unicontrolsets,2,LogisticRegression,0.6667,0.0943
asic_nets,ASIC7 Nets,fmax + unicontrolsets,2,Perceptron,0.5333,0.0943
asic_nets,ASIC7 Nets,fmax + unicontrolsets,2,SGDClassifier,0.6,0.0
asic_nets,ASIC7 Nets,power + nets,2,LogisticRegression,0.5333,0.2494
asic_nets,ASIC7 Nets,power + nets,2,Perceptron,0.5333,0.0943
asic_nets,ASIC7 Nets,power + nets,2,SGDClassifier,0.4667,0.1886
asic_nets,ASIC7 Nets,power + ffs,2,LogisticRegression,0.4667,0.2494
asic_nets,ASIC7 Nets,power + ffs,2,Perceptron,0.4667,0.0943
asic_nets,ASIC7 Nets,power + ffs,2,SGDClassifier,0.4667,0.1886
asic_nets,ASIC7 Nets,power + distram,2,LogisticRegression,0.3333,0.0943
asic_nets,ASIC7 Nets,power + distram,2,Perceptron,0.3333,0.0943
asic_nets,ASIC7 Nets,power + distram,2,SGDClassifier,0.2,0.1633
asic_nets,ASIC7 Nets,power + unicontrolsets,2,LogisticRegression,0.4667,0.1886
asic_nets,ASIC7 Nets,power + unicontrolsets,2,Perceptron,0.3333,0.0943
asic_nets,ASIC7 Nets,power + unicontrolsets,2,SGDClassifier,0.3333,0.0943
asic_nets,ASIC7 Nets,nets + ffs,2,LogisticRegression,0.6,0.1633
asic_nets,ASIC7 Nets,nets + ffs,2,Perceptron,0.6667,0.0943
asic_nets,ASIC7 Nets,nets + ffs,2,SGDClassifier,0.5333,0.2494
asic_nets,ASIC7 Nets,nets + distram,2,LogisticRegression,0.6,0.1633
asic_nets,ASIC7 Nets,nets + distram,2,Perceptron,0.4667,0.1886
asic_nets,ASIC7 Nets,nets + distram,2,SGDClassifier,0.5333,0.0943
asic_nets,ASIC7 Nets,nets + unicontrolsets,2,LogisticRegression,0.5333,0.2494
asic_nets,ASIC7 Nets,nets + unicontrolsets,2,Perceptron,0.4,0.1633
asic_nets,ASIC7 Nets,nets + unicontrolsets,2,SGDClassifier,0.4,0.1633
asic_nets,ASIC7 Nets,ffs + distram,2,LogisticRegression,0.6,0.1633
asic_nets,ASIC7 Nets,ffs + distram,2,Perceptron,0.6667,0.0943
asic_nets,ASIC7 Nets,ffs + distram,2,SGDClassifier,0.6667,0.1886
asic_nets,ASIC7 Nets,ffs + unicontrolsets,2,LogisticRegression,0.4,0.1633
asic_nets,ASIC7 Nets,ffs + unicontrolsets,2,Perceptron,0.4,0.1633
asic_nets,ASIC7 Nets,ffs + unicontrolsets,2,SGDClassifier,0.4,0.1633
asic_nets,ASIC7 Nets,distram + unicontrolsets,2,LogisticRegression,0.5333,0.1886
asic_nets,ASIC7 Nets,distram + unicontrolsets,2,Perceptron,0.5333,0.0943
asic_nets,ASIC7 Nets,distram + unicontrolsets,2,SGDClassifier,0.4,0.1633
asic_nets,ASIC7 Nets,luts + fmax + power,3,LogisticRegression,0.6667,0.0943
asic_nets,ASIC7 Nets,luts + fmax + power,3,Perceptron,0.4667,0.0943
asic_nets,ASIC7 Nets,luts + fmax + power,3,SGDClassifier,0.5333,0.0943
asic_nets,ASIC7 Nets,luts + fmax + nets,3,LogisticRegression,0.7333,0.0943
asic_nets,ASIC7 Nets,luts + fmax + nets,3,Perceptron,0.6667,0.0943
asic_nets,ASIC7 Nets,luts + fmax + nets,3,SGDClassifier,0.7333,0.1886
asic_nets,ASIC7 Nets,luts + fmax + ffs,3,LogisticRegression,0.7333,0.0943
asic_nets,ASIC7 Nets,luts + fmax + ffs,3,Perceptron,0.6,0.0
asic_nets,ASIC7 Nets,luts + fmax + ffs,3,SGDClassifier,0.5333,0.0943
asic_nets,ASIC7 Nets,luts + fmax + distram,3,LogisticRegression,0.6,0.0
asic_nets,ASIC7 Nets,luts + fmax + distram,3,Perceptron,0.6,0.1633
asic_nets,ASIC7 Nets,luts + fmax + distram,3,SGDClassifier,0.5333,0.2494
asic_nets,ASIC7 Nets,luts + fmax + unicontrolsets,3,LogisticRegression,0.6667,0.0943
asic_nets,ASIC7 Nets,luts + fmax + unicontrolsets,3,Perceptron,0.5333,0.0943
asic_nets,ASIC7 Nets,luts + fmax + unicontrolsets,3,SGDClassifier,0.5333,0.0943
asic_nets,ASIC7 Nets,luts + power + nets,3,LogisticRegression,0.5333,0.0943
asic_nets,ASIC7 Nets,luts + power + nets,3,Perceptron,0.5333,0.0943
asic_nets,ASIC7 Nets,luts + power + nets,3,SGDClassifier,0.4667,0.1886
asic_nets,ASIC7 Nets,luts + power + ffs,3,LogisticRegression,0.5333,0.0943
asic_nets,ASIC7 Nets,luts + power + ffs,3,Perceptron,0.4667,0.1886
asic_nets,ASIC7 Nets,luts + power + ffs,3,SGDClassifier,0.5333,0.0943
asic_nets,ASIC7 Nets,luts + power + distram,3,LogisticRegression,0.5333,0.0943
asic_nets,ASIC7 Nets,luts + power + distram,3,Perceptron,0.4667,0.0943
asic_nets,ASIC7 Nets,luts + power + distram,3,SGDClassifier,0.4667,0.0943
asic_nets,ASIC7 Nets,luts + power + unicontrolsets,3,LogisticRegression,0.4667,0.1886
asic_nets,ASIC7 Nets,luts + power + unicontrolsets,3,Perceptron,0.4,0.1633
asic_nets,ASIC7 Nets,luts + power + unicontrolsets,3,SGDClassifier,0.3333,0.1886
asic_nets,ASIC7 Nets,luts + nets + ffs,3,LogisticRegression,0.6,0.1633
asic_nets,ASIC7 Nets,luts + nets + ffs,3,Perceptron,0.4,0.1633
asic_nets,ASIC7 Nets,luts + nets + ffs,3,SGDClassifier,0.4667,0.0943
asic_nets,ASIC7 Nets,luts + nets + distram,3,LogisticRegression,0.5333,0.2494
asic_nets,ASIC7 Nets,luts + nets + distram,3,Perceptron,0.6667,0.0943
asic_nets,ASIC7 Nets,luts + nets + distram,3,SGDClassifier,0.7333,0.0943
asic_nets,ASIC7 Nets,luts + nets + unicontrolsets,3,LogisticRegression,0.5333,0.2494
asic_nets,ASIC7 Nets,luts + nets + unicontrolsets,3,Perceptron,0.4667,0.1886
asic_nets,ASIC7 Nets,luts + nets + unicontrolsets,3,SGDClassifier,0.4667,0.1886
asic_nets,ASIC7 Nets,luts + ffs + distram,3,LogisticRegression,0.5333,0.2494
asic_nets,ASIC7 Nets,luts + ffs + distram,3,Perceptron,0.6,0.0
asic_nets,ASIC7 Nets,luts + ffs + distram,3,SGDClassifier,0.6,0.0
asic_nets,ASIC7 Nets,luts + ffs + unicontrolsets,3,LogisticRegression,0.5333,0.0943
asic_nets,ASIC7 Nets,luts + ffs + unicontrolsets,3,Perceptron,0.5333,0.0943
asic_nets,ASIC7 Nets,luts + ffs + unicontrolsets,3,SGDClassifier,0.4,0.1633
asic_nets,ASIC7 Nets,luts + distram + unicontrolsets,3,LogisticRegression,0.4667,0.1886
asic_nets,ASIC7 Nets,luts + distram + unicontrolsets,3,Perceptron,0.5333,0.0943
asic_nets,ASIC7 Nets,luts + distram + unicontrolsets,3,SGDClassifier,0.6,0.1633
asic_nets,ASIC7 Nets,fmax + power + nets,3,LogisticRegression,0.6667,0.0943
asic_nets,ASIC7 Nets,fmax + power + nets,3,Perceptron,0.6667,0.0943
asic_nets,ASIC7 Nets,fmax + power + nets,3,SGDClassifier,0.6667,0.0943
asic_nets,ASIC7 Nets,fmax + power + ffs,3,LogisticRegression,0.6667,0.0943
asic_nets,ASIC7 Nets,fmax + power + ffs,3,Perceptron,0.7333,0.0943
asic_nets,ASIC7 Nets,fmax + power + ffs,3,SGDClassifier,0.6667,0.0943
asic_nets,ASIC7 Nets,fmax + power + distram,3,LogisticRegression,0.6,0.1633
asic_nets,ASIC7 Nets,fmax + power + distram,3,Perceptron,0.5333,0.0943
asic_nets,ASIC7 Nets,fmax + power + distram,3,SGDClassifier,0.5333,0.0943
asic_nets,ASIC7 Nets,fmax + power + unicontrolsets,3,LogisticRegression,0.6667,0.0943
asic_nets,ASIC7 Nets,fmax + power + unicontrolsets,3,Perceptron,0.4,0.1633
asic_nets,ASIC7 Nets,fmax + power + unicontrolsets,3,SGDClassifier,0.4,0.1633
asic_nets,ASIC7 Nets,fmax + nets + ffs,3,LogisticRegression,0.7333,0.0943
asic_nets,ASIC7 Nets,fmax + nets + ffs,3,Perceptron,0.6667,0.0943
asic_nets,ASIC7 Nets,fmax + nets + ffs,3,SGDClassifier,0.6,0.0
asic_nets,ASIC7 Nets,fmax + nets + distram,3,LogisticRegression,0.6667,0.0943
asic_nets,ASIC7 Nets,fmax + nets + distram,3,Perceptron,0.6,0.1633
asic_nets,ASIC7 Nets,fmax + nets + distram,3,SGDClassifier,0.6,0.1633
asic_nets,ASIC7 Nets,fmax + nets + unicontrolsets,3,LogisticRegression,0.7333,0.0943
asic_nets,ASIC7 Nets,fmax + nets + unicontrolsets,3,Perceptron,0.6,0.0
asic_nets,ASIC7 Nets,fmax + nets + unicontrolsets,3,SGDClassifier,0.6,0.0
asic_nets,ASIC7 Nets,fmax + ffs + distram,3,LogisticRegression,0.7333,0.0943
asic_nets,ASIC7 Nets,fmax + ffs + distram,3,Perceptron,0.6667,0.0943
asic_nets,ASIC7 Nets,fmax + ffs + distram,3,SGDClassifier,0.7333,0.0943
asic_nets,ASIC7 Nets,fmax + ffs + unicontrolsets,3,LogisticRegression,0.6667,0.0943
asic_nets,ASIC7 Nets,fmax + ffs + unicontrolsets,3,Perceptron,0.6,0.0
asic_nets,ASIC7 Nets,fmax + ffs + unicontrolsets,3,SGDClassifier,0.5333,0.0943
asic_nets,ASIC7 Nets,fmax + distram + unicontrolsets,3,LogisticRegression,0.6,0.0
asic_nets,ASIC7 Nets,fmax + distram + unicontrolsets,3,Perceptron,0.5333,0.2494
asic_nets,ASIC7 Nets,fmax + distram + unicontrolsets,3,SGDClassifier,0.4,0.2828
asic_nets,ASIC7 Nets,power + nets + ffs,3,LogisticRegression,0.5333,0.0943
asic_nets,ASIC7 Nets,power + nets + ffs,3,Perceptron,0.4,0.1633
asic_nets,ASIC7 Nets,power + nets + ffs,3,SGDClassifier,0.6,0.0
asic_nets,ASIC7 Nets,power + nets + distram,3,LogisticRegression,0.5333,0.0943
asic_nets,ASIC7 Nets,power + nets + distram,3,Perceptron,0.5333,0.0943
asic_nets,ASIC7 Nets,power + nets + distram,3,SGDClassifier,0.5333,0.0943
asic_nets,ASIC7 Nets,power + nets + unicontrolsets,3,LogisticRegression,0.5333,0.2494
asic_nets,ASIC7 Nets,power + nets + unicontrolsets,3,Perceptron,0.4,0.1633
asic_nets,ASIC7 Nets,power + nets + unicontrolsets,3,SGDClassifier,0.4,0.1633
asic_nets,ASIC7 Nets,power + ffs + distram,3,LogisticRegression,0.4667,0.1886
asic_nets,ASIC7 Nets,power + ffs + distram,3,Perceptron,0.6,0.0
asic_nets,ASIC7 Nets,power + ffs + distram,3,SGDClassifier,0.4667,0.0943
asic_nets,ASIC7 Nets,power + ffs + unicontrolsets,3,LogisticRegression,0.4,0.2828
asic_nets,ASIC7 Nets,power + ffs + unicontrolsets,3,Perceptron,0.3333,0.1886
asic_nets,ASIC7 Nets,power + ffs + unicontrolsets,3,SGDClassifier,0.3333,0.1886
asic_nets,ASIC7 Nets,power + distram + unicontrolsets,3,LogisticRegression,0.4,0.1633
asic_nets,ASIC7 Nets,power + distram + unicontrolsets,3,Perceptron,0.4667,0.2494
asic_nets,ASIC7 Nets,power + distram + unicontrolsets,3,SGDClassifier,0.4,0.1633
asic_nets,ASIC7 Nets,nets + ffs + distram,3,LogisticRegression,0.6,0.1633
asic_nets,ASIC7 Nets,nets + ffs + distram,3,Perceptron,0.6,0.0
asic_nets,ASIC7 Nets,nets + ffs + distram,3,SGDClassifier,0.6667,0.0943
asic_nets,ASIC7 Nets,nets + ffs + unicontrolsets,3,LogisticRegression,0.5333,0.0943
asic_nets,ASIC7 Nets,nets + ffs + unicontrolsets,3,Perceptron,0.4,0.1633
asic_nets,ASIC7 Nets,nets + ffs + unicontrolsets,3,SGDClassifier,0.4,0.1633
asic_nets,ASIC7 Nets,nets + distram + unicontrolsets,3,LogisticRegression,0.4667,0.1886
asic_nets,ASIC7 Nets,nets + distram + unicontrolsets,3,Perceptron,0.4,0.1633
asic_nets,ASIC7 Nets,nets + distram + unicontrolsets,3,SGDClassifier,0.6,0.0
asic_nets,ASIC7 Nets,ffs + distram + unicontrolsets,3,LogisticRegression,0.5333,0.0943
asic_nets,ASIC7 Nets,ffs + distram + unicontrolsets,3,Perceptron,0.6,0.0
asic_nets,ASIC7 Nets,ffs + distram + unicontrolsets,3,SGDClassifier,0.6,0.1633
asic_nets,ASIC7 Nets,luts + fmax + power + nets,4,LogisticRegression,0.6667,0.0943
asic_nets,ASIC7 Nets,luts + fmax + power + nets,4,Perceptron,0.8,0.1633
asic_nets,ASIC7 Nets,luts + fmax + power + nets,4,SGDClassifier,0.8,0.1633
asic_nets,ASIC7 Nets,luts + fmax + power + ffs,4,LogisticRegression,0.7333,0.0943
asic_nets,ASIC7 Nets,luts + fmax + power + ffs,4,Perceptron,0.7333,0.0943
asic_nets,ASIC7 Nets,luts + fmax + power + ffs,4,SGDClassifier,0.6667,0.0943
asic_nets,ASIC7 Nets,luts + fmax + power + distram,4,LogisticRegression,0.6,0.0
asic_nets,ASIC7 Nets,luts + fmax + power + distram,4,Perceptron,0.5333,0.0943
asic_nets,ASIC7 Nets,luts + fmax + power + distram,4,SGDClassifier,0.5333,0.0943
asic_nets,ASIC7 Nets,luts + fmax + power + unicontrolsets,4,LogisticRegression,0.6667,0.0943
asic_nets,ASIC7 Nets,luts + fmax + power + unicontrolsets,4,Perceptron,0.5333,0.0943
asic_nets,ASIC7 Nets,luts + fmax + power + unicontrolsets,4,SGDClassifier,0.5333,0.0943
asic_nets,ASIC7 Nets,luts + fmax + nets + ffs,4,LogisticRegression,0.7333,0.0943
asic_nets,ASIC7 Nets,luts + fmax + nets + ffs,4,Perceptron,0.6,0.1633
asic_nets,ASIC7 Nets,luts + fmax + nets + ffs,4,SGDClassifier,0.6667,0.0943
asic_nets,ASIC7 Nets,luts + fmax + nets + distram,4,LogisticRegression,0.6667,0.0943
asic_nets,ASIC7 Nets,luts + fmax + nets + distram,4,Perceptron,0.6,0.1633
asic_nets,ASIC7 Nets,luts + fmax + nets + distram,4,SGDClassifier,0.5333,0.2494
asic_nets,ASIC7 Nets,luts + fmax + nets + unicontrolsets,4,LogisticRegression,0.7333,0.0943
asic_nets,ASIC7 Nets,luts + fmax + nets + unicontrolsets,4,Perceptron,0.6,0.0
asic_nets,ASIC7 Nets,luts + fmax + nets + unicontrolsets,4,SGDClassifier,0.5333,0.0943
asic_nets,ASIC7 Nets,luts + fmax + ffs + distram,4,LogisticRegression,0.7333,0.0943
asic_nets,ASIC7 Nets,luts + fmax + ffs + distram,4,Perceptron,0.6,0.0
asic_nets,ASIC7 Nets,luts + fmax + ffs + distram,4,SGDClassifier,0.6,0.0
asic_nets,ASIC7 Nets,luts + fmax + ffs + unicontrolsets,4,LogisticRegression,0.6667,0.0943
asic_nets,ASIC7 Nets,luts + fmax + ffs + unicontrolsets,4,Perceptron,0.6,0.0
asic_nets,ASIC7 Nets,luts + fmax + ffs + unicontrolsets,4,SGDClassifier,0.6,0.1633
asic_nets,ASIC7 Nets,luts + fmax + distram + unicontrolsets,4,LogisticRegression,0.6,0.0
asic_nets,ASIC7 Nets,luts + fmax + distram + unicontrolsets,4,Perceptron,0.5333,0.0943
asic_nets,ASIC7 Nets,luts + fmax + distram + unicontrolsets,4,SGDClassifier,0.5333,0.0943
asic_nets,ASIC7 Nets,luts + power + nets + ffs,4,LogisticRegression,0.6,0.1633
asic_nets,ASIC7 Nets,luts + power + nets + ffs,4,Perceptron,0.5333,0.0943
asic_nets,ASIC7 Nets,luts + power + nets + ffs,4,SGDClassifier,0.4,0.1633
asic_nets,ASIC7 Nets,luts + power + nets + distram,4,LogisticRegression,0.4667,0.1886
asic_nets,ASIC7 Nets,luts + power + nets + distram,4,Perceptron,0.6667,0.0943
asic_nets,ASIC7 Nets,luts + power + nets + distram,4,SGDClassifier,0.6,0.1633
asic_nets,ASIC7 Nets,luts + power + nets + unicontrolsets,4,LogisticRegression,0.6,0.1633
asic_nets,ASIC7 Nets,luts + power + nets + unicontrolsets,4,Perceptron,0.4,0.1633
asic_nets,ASIC7 Nets,luts + power + nets + unicontrolsets,4,SGDClassifier,0.5333,0.0943
asic_nets,ASIC7 Nets,luts + power + ffs + distram,4,LogisticRegression,0.4667,0.1886
asic_nets,ASIC7 Nets,luts + power + ffs + distram,4,Perceptron,0.5333,0.0943
asic_nets,ASIC7 Nets,luts + power + ffs + distram,4,SGDClassifier,0.4667,0.0943
asic_nets,ASIC7 Nets,luts + power + ffs + unicontrolsets,4,LogisticRegression,0.4667,0.0943
asic_nets,ASIC7 Nets,luts + power + ffs + unicontrolsets,4,Perceptron,0.4,0.1633
asic_nets,ASIC7 Nets,luts + power + ffs + unicontrolsets,4,SGDClassifier,0.4667,0.0943
asic_nets,ASIC7 Nets,luts + power + distram + unicontrolsets,4,LogisticRegression,0.4667,0.1886
asic_nets,ASIC7 Nets,luts + power + distram + unicontrolsets,4,Perceptron,0.5333,0.0943
asic_nets,ASIC7 Nets,luts + power + distram + unicontrolsets,4,SGDClassifier,0.4,0.0
asic_nets,ASIC7 Nets,luts + nets + ffs + distram,4,LogisticRegression,0.5333,0.2494
asic_nets,ASIC7 Nets,luts + nets + ffs + distram,4,Perceptron,0.5333,0.0943
asic_nets,ASIC7 Nets,luts + nets + ffs + distram,4,SGDClassifier,0.4667,0.0943
asic_nets,ASIC7 Nets,luts + nets + ffs + unicontrolsets,4,LogisticRegression,0.5333,0.0943
asic_nets,ASIC7 Nets,luts + nets + ffs + unicontrolsets,4,Perceptron,0.4,0.1633
asic_nets,ASIC7 Nets,luts + nets + ffs + unicontrolsets,4,SGDClassifier,0.4667,0.0943
asic_nets,ASIC7 Nets,luts + nets + distram + unicontrolsets,4,LogisticRegression,0.4667,0.1886
asic_nets,ASIC7 Nets,luts + nets + distram + unicontrolsets,4,Perceptron,0.5333,0.0943
asic_nets,ASIC7 Nets,luts + nets + distram + unicontrolsets,4,SGDClassifier,0.6667,0.0943
asic_nets,ASIC7 Nets,luts + ffs + distram + unicontrolsets,4,LogisticRegression,0.4667,0.1886
asic_nets,ASIC7 Nets,luts + ffs + distram + unicontrolsets,4,Perceptron,0.5333,0.0943
asic_nets,ASIC7 Nets,luts + ffs + distram + unicontrolsets,4,SGDClassifier,0.4667,0.0943
asic_nets,ASIC7 Nets,fmax + power + nets + ffs,4,LogisticRegression,0.7333,0.0943
asic_nets,ASIC7 Nets,fmax + power + nets + ffs,4,Perceptron,0.5333,0.0943
asic_nets,ASIC7 Nets,fmax + power + nets + ffs,4,SGDClassifier,0.5333,0.0943
asic_nets,ASIC7 Nets,fmax + power + nets + distram,4,LogisticRegression,0.6,0.0
asic_nets,ASIC7 Nets,fmax + power + nets + distram,4,Perceptron,0.5333,0.0943
asic_nets,ASIC7 Nets,fmax + power + nets + distram,4,SGDClassifier,0.4667,0.1886
asic_nets,ASIC7 Nets,fmax + power + nets + unicontrolsets,4,LogisticRegression,0.6667,0.0943
asic_nets,ASIC7 Nets,fmax + power + nets + unicontrolsets,4,Perceptron,0.6,0.0
asic_nets,ASIC7 Nets,fmax + power + nets + unicontrolsets,4,SGDClassifier,0.5333,0.0943
asic_nets,ASIC7 Nets,fmax + power + ffs + distram,4,LogisticRegression,0.6,0.0
asic_nets,ASIC7 Nets,fmax + power + ffs + distram,4,Perceptron,0.5333,0.0943
asic_nets,ASIC7 Nets,fmax + power + ffs + distram,4,SGDClassifier,0.6,0.1633
asic_nets,ASIC7 Nets,fmax + power + ffs + unicontrolsets,4,LogisticRegression,0.6667,0.0943
asic_nets,ASIC7 Nets,fmax + power + ffs + unicontrolsets,4,Perceptron,0.6,0.1633
asic_nets,ASIC7 Nets,fmax + power + ffs + unicontrolsets,4,SGDClassifier,0.4667,0.1886
asic_nets,ASIC7 Nets,fmax + power + distram + unicontrolsets,4,LogisticRegression,0.5333,0.0943
asic_nets,ASIC7 Nets,fmax + power + distram + unicontrolsets,4,Perceptron,0.4667,0.1886
asic_nets,ASIC7 Nets,fmax + power + distram + unicontrolsets,4,SGDClassifier,0.5333,0.0943
asic_nets,ASIC7 Nets,fmax + nets + ffs + distram,4,LogisticRegression,0.7333,0.0943
asic_nets,ASIC7 Nets,fmax + nets + ffs + distram,4,Perceptron,0.6667,0.0943
asic_nets,ASIC7 Nets,fmax + nets + ffs + distram,4,SGDClassifier,0.5333,0.0943
asic_nets,ASIC7 Nets,fmax + nets + ffs + unicontrolsets,4,LogisticRegression,0.6667,0.0943
asic_nets,ASIC7 Nets,fmax + nets + ffs + unicontrolsets,4,Perceptron,0.7333,0.0943
asic_nets,ASIC7 Nets,fmax + nets + ffs + unicontrolsets,4,SGDClassifier,0.5333,0.0943
asic_nets,ASIC7 Nets,fmax + nets + distram + unicontrolsets,4,LogisticRegression,0.6,0.0
asic_nets,ASIC7 Nets,fmax + nets + distram + unicontrolsets,4,Perceptron,0.4,0.1633
asic_nets,ASIC7 Nets,fmax + nets + distram + unicontrolsets,4,SGDClassifier,0.4667,0.1886
asic_nets,ASIC7 Nets,fmax + ffs + distram + unicontrolsets,4,LogisticRegression,0.6667,0.0943
asic_nets,ASIC7 Nets,fmax + ffs + distram + unicontrolsets,4,Perceptron,0.6667,0.0943
asic_nets,ASIC7 Nets,fmax + ffs + distram + unicontrolsets,4,SGDClassifier,0.5333,0.0943
asic_nets,ASIC7 Nets,power + nets + ffs + distram,4,LogisticRegression,0.4667,0.1886
asic_nets,ASIC7 Nets,power + nets + ffs + distram,4,Perceptron,0.6,0.0
asic_nets,ASIC7 Nets,power + nets + ffs + distram,4,SGDClassifier,0.5333,0.0943
asic_nets,ASIC7 Nets,power + nets + ffs + unicontrolsets,4,LogisticRegression,0.4667,0.0943
asic_nets,ASIC7 Nets,power + nets + ffs + unicontrolsets,4,Perceptron,0.3333,0.1886
asic_nets,ASIC7 Nets,power + nets + ffs + unicontrolsets,4,SGDClassifier,0.5333,0.0943
asic_nets,ASIC7 Nets,power + nets + distram + unicontrolsets,4,LogisticRegression,0.4667,0.1886
asic_nets,ASIC7 Nets,power + nets + distram + unicontrolsets,4,Perceptron,0.5333,0.0943
asic_nets,ASIC7 Nets,power + nets + distram + unicontrolsets,4,SGDClassifier,0.4,0.1633
asic_nets,ASIC7 Nets,power + ffs + distram + unicontrolsets,4,LogisticRegression,0.4,0.1633
asic_nets,ASIC7 Nets,power + ffs + distram + unicontrolsets,4,Perceptron,0.5333,0.0943
asic_nets,ASIC7 Nets,power + ffs + distram + unicontrolsets,4,SGDClassifier,0.4,0.1633
asic_nets,ASIC7 Nets,nets + ffs + distram + unicontrolsets,4,LogisticRegression,0.4667,0.1886
asic_nets,ASIC7 Nets,nets + ffs + distram + unicontrolsets,4,Perceptron,0.4667,0.0943
asic_nets,ASIC7 Nets,nets + ffs + distram + unicontrolsets,4,SGDClassifier,0.5333,0.0943
asic_nets,ASIC7 Nets,luts + fmax + power + nets + ffs,5,LogisticRegression,0.7333,0.0943
asic_nets,ASIC7 Nets,luts + fmax + power + nets + ffs,5,Perceptron,0.5333,0.0943
asic_nets,ASIC7 Nets,luts + fmax + power + nets + ffs,5,SGDClassifier,0.5333,0.0943
asic_nets,ASIC7 Nets,luts + fmax + power + nets + distram,5,LogisticRegression,0.6,0.0
asic_nets,ASIC7 Nets,luts + fmax + power + nets + distram,5,Perceptron,0.6,0.1633
asic_nets,ASIC7 Nets,luts + fmax + power + nets + distram,5,SGDClassifier,0.4667,0.1886
asic_nets,ASIC7 Nets,luts + fmax + power + nets + unicontrolsets,5,LogisticRegression,0.6667,0.0943
asic_nets,ASIC7 Nets,luts + fmax + power + nets + unicontrolsets,5,Perceptron,0.5333,0.0943
asic_nets,ASIC7 Nets,luts + fmax + power + nets + unicontrolsets,5,SGDClassifier,0.6,0.1633
asic_nets,ASIC7 Nets,luts + fmax + power + ffs + distram,5,LogisticRegression,0.6,0.0
asic_nets,ASIC7 Nets,luts + fmax + power + ffs + distram,5,Perceptron,0.5333,0.0943
asic_nets,ASIC7 Nets,luts + fmax + power + ffs + distram,5,SGDClassifier,0.6,0.1633
asic_nets,ASIC7 Nets,luts + fmax + power + ffs + unicontrolsets,5,LogisticRegression,0.6667,0.0943
asic_nets,ASIC7 Nets,luts + fmax + power + ffs + unicontrolsets,5,Perceptron,0.5333,0.0943
asic_nets,ASIC7 Nets,luts + fmax + power + ffs + unicontrolsets,5,SGDClassifier,0.5333,0.0943
asic_nets,ASIC7 Nets,luts + fmax + power + distram + unicontrolsets,5,LogisticRegression,0.6,0.0
asic_nets,ASIC7 Nets,luts + fmax + power + distram + unicontrolsets,5,Perceptron,0.4,0.1633
asic_nets,ASIC7 Nets,luts + fmax + power + distram + unicontrolsets,5,SGDClassifier,0.4,0.1633
asic_nets,ASIC7 Nets,luts + fmax + nets + ffs + distram,5,LogisticRegression,0.6667,0.0943
asic_nets,ASIC7 Nets,luts + fmax + nets + ffs + distram,5,Perceptron,0.6,0.0
asic_nets,ASIC7 Nets,luts + fmax + nets + ffs + distram,5,SGDClassifier,0.6,0.1633
asic_nets,ASIC7 Nets,luts + fmax + nets + ffs + unicontrolsets,5,LogisticRegression,0.6667,0.0943
asic_nets,ASIC7 Nets,luts + fmax + nets + ffs + unicontrolsets,5,Perceptron,0.6,0.0
asic_nets,ASIC7 Nets,luts + fmax + nets + ffs + unicontrolsets,5,SGDClassifier,0.6,0.0
asic_nets,ASIC7 Nets,luts + fmax + nets + distram + unicontrolsets,5,LogisticRegression,0.6,0.0
asic_nets,ASIC7 Nets,luts + fmax + nets + distram + unicontrolsets,5,Perceptron,0.4667,0.1886
asic_nets,ASIC7 Nets,luts + fmax + nets + distram + unicontrolsets,5,SGDClassifier,0.6,0.0
asic_nets,ASIC7 Nets,luts + fmax + ffs + distram + unicontrolsets,5,LogisticRegression,0.6,0.0
asic_nets,ASIC7 Nets,luts + fmax + ffs + distram + unicontrolsets,5,Perceptron,0.5333,0.0943
asic_nets,ASIC7 Nets,luts + fmax + ffs + distram + unicontrolsets,5,SGDClassifier,0.4667,0.0943
asic_nets,ASIC7 Nets,luts + power + nets + ffs + distram,5,LogisticRegression,0.5333,0.2494
asic_nets,ASIC7 Nets,luts + power + nets + ffs + distram,5,Perceptron,0.5333,0.0943
asic_nets,ASIC7 Nets,luts + power + nets + ffs + distram,5,SGDClassifier,0.4,0.1633
asic_nets,ASIC7 Nets,luts + power + nets + ffs + unicontrolsets,5,LogisticRegression,0.5333,0.0943
asic_nets,ASIC7 Nets,luts + power + nets + ffs + unicontrolsets,5,Perceptron,0.4667,0.1886
asic_nets,ASIC7 Nets,luts + power + nets + ffs + unicontrolsets,5,SGDClassifier,0.6,0.1633
asic_nets,ASIC7 Nets,luts + power + nets + distram + unicontrolsets,5,LogisticRegression,0.4667,0.1886
asic_nets,ASIC7 Nets,luts + power + nets + distram + unicontrolsets,5,Perceptron,0.5333,0.0943
asic_nets,ASIC7 Nets,luts + power + nets + distram + unicontrolsets,5,SGDClassifier,0.4667,0.0943
asic_nets,ASIC7 Nets,luts + power + ffs + distram + unicontrolsets,5,LogisticRegression,0.4667,0.1886
asic_nets,ASIC7 Nets,luts + power + ffs + distram + unicontrolsets,5,Perceptron,0.5333,0.0943
asic_nets,ASIC7 Nets,luts + power + ffs + distram + unicontrolsets,5,SGDClassifier,0.3333,0.0943
asic_nets,ASIC7 Nets,luts + nets + ffs + distram + unicontrolsets,5,LogisticRegression,0.4667,0.1886
asic_nets,ASIC7 Nets,luts + nets + ffs + distram + unicontrolsets,5,Perceptron,0.4667,0.0943
asic_nets,ASIC7 Nets,luts + nets + ffs + distram + unicontrolsets,5,SGDClassifier,0.4,0.0
asic_nets,ASIC7 Nets,fmax + power + nets + ffs + distram,5,LogisticRegression,0.6667,0.0943
asic_nets,ASIC7 Nets,fmax + power + nets + ffs + distram,5,Perceptron,0.6,0.1633
asic_nets,ASIC7 Nets,fmax + power + nets + ffs + distram,5,SGDClassifier,0.6667,0.0943
asic_nets,ASIC7 Nets,fmax + power + nets + ffs + unicontrolsets,5,LogisticRegression,0.6667,0.0943
asic_nets,ASIC7 Nets,fmax + power + nets + ffs + unicontrolsets,5,Perceptron,0.5333,0.0943
asic_nets,ASIC7 Nets,fmax + power + nets + ffs + unicontrolsets,5,SGDClassifier,0.6667,0.0943
asic_nets,ASIC7 Nets,fmax + power + nets + distram + unicontrolsets,5,LogisticRegression,0.6,0.0
asic_nets,ASIC7 Nets,fmax + power + nets + distram + unicontrolsets,5,Perceptron,0.4667,0.0943
asic_nets,ASIC7 Nets,fmax + power + nets + distram + unicontrolsets,5,SGDClassifier,0.4667,0.0943
asic_nets,ASIC7 Nets,fmax + power + ffs + distram + unicontrolsets,5,LogisticRegression,0.6,0.0
asic_nets,ASIC7 Nets,fmax + power + ffs + distram + unicontrolsets,5,Perceptron,0.4667,0.0943
asic_nets,ASIC7 Nets,fmax + power + ffs + distram + unicontrolsets,5,SGDClassifier,0.4667,0.0943
asic_nets,ASIC7 Nets,fmax + nets + ffs + distram + unicontrolsets,5,LogisticRegression,0.6667,0.0943
asic_nets,ASIC7 Nets,fmax + nets + ffs + distram + unicontrolsets,5,Perceptron,0.6,0.0
asic_nets,ASIC7 Nets,fmax + nets + ffs + distram + unicontrolsets,5,SGDClassifier,0.6,0.0
asic_nets,ASIC7 Nets,power + nets + ffs + distram + unicontrolsets,5,LogisticRegression,0.4,0.1633
asic_nets,ASIC7 Nets,power + nets + ffs + distram + unicontrolsets,5,Perceptron,0.5333,0.0943
asic_nets,ASIC7 Nets,power + nets + ffs + distram + unicontrolsets,5,SGDClassifier,0.5333,0.0943
asic_nets,ASIC7 Nets,luts + fmax + power + nets + ffs + distram,6,LogisticRegression,0.6667,0.0943
asic_nets,ASIC7 Nets,luts + fmax + power + nets + ffs + distram,6,Perceptron,0.6,0.0
asic_nets,ASIC7 Nets,luts + fmax + power + nets + ffs + distram,6,SGDClassifier,0.6,0.0
asic_nets,ASIC7 Nets,luts + fmax + power + nets + ffs + unicontrolsets,6,LogisticRegression,0.6667,0.0943
asic_nets,ASIC7 Nets,luts + fmax + power + nets + ffs + unicontrolsets,6,Perceptron,0.5333,0.0943
asic_nets,ASIC7 Nets,luts + fmax + power + nets + ffs + unicontrolsets,6,SGDClassifier,0.6,0.1633
asic_nets,ASIC7 Nets,luts + fmax + power + nets + distram + unicontrolsets,6,LogisticRegression,0.6,0.0
asic_nets,ASIC7 Nets,luts + fmax + power + nets + distram + unicontrolsets,6,Perceptron,0.4667,0.0943
asic_nets,ASIC7 Nets,luts + fmax + power + nets + distram + unicontrolsets,6,SGDClassifier,0.4667,0.0943
asic_nets,ASIC7 Nets,luts + fmax + power + ffs + distram + unicontrolsets,6,LogisticRegression,0.6,0.0
asic_nets,ASIC7 Nets,luts + fmax + power + ffs + distram + unicontrolsets,6,Perceptron,0.4667,0.0943
asic_nets,ASIC7 Nets,luts + fmax + power + ffs + distram + unicontrolsets,6,SGDClassifier,0.4667,0.0943
asic_nets,ASIC7 Nets,luts + fmax + nets + ffs + distram + unicontrolsets,6,LogisticRegression,0.6,0.0
asic_nets,ASIC7 Nets,luts + fmax + nets + ffs + distram + unicontrolsets,6,Perceptron,0.5333,0.0943
asic_nets,ASIC7 Nets,luts + fmax + nets + ffs + distram + unicontrolsets,6,SGDClassifier,0.5333,0.0943
asic_nets,ASIC7 Nets,luts + power + nets + ffs + distram + unicontrolsets,6,LogisticRegression,0.4667,0.1886
asic_nets,ASIC7 Nets,luts + power + nets + ffs + distram + unicontrolsets,6,Perceptron,0.4667,0.0943
asic_nets,ASIC7 Nets,luts + power + nets + ffs + distram + unicontrolsets,6,SGDClassifier,0.5333,0.0943
asic_nets,ASIC7 Nets,fmax + power + nets + ffs + distram + unicontrolsets,6,LogisticRegression,0.6,0.0
asic_nets,ASIC7 Nets,fmax + power + nets + ffs + distram + unicontrolsets,6,Perceptron,0.5333,0.0943
asic_nets,ASIC7 Nets,fmax + power + nets + ffs + distram + unicontrolsets,6,SGDClassifier,0.6,0.0
asic_nets,ASIC7 Nets,luts + fmax + power + nets + ffs + distram + unicontrolsets,7,LogisticRegression,0.6,0.0
asic_nets,ASIC7 Nets,luts + fmax + power + nets + ffs + distram + unicontrolsets,7,Perceptron,0.5333,0.0943
asic_nets,ASIC7 Nets,luts + fmax + power + nets + ffs + distram + unicontrolsets,7,SGDClassifier,0.5333,0.0943
asic_registers,ASIC7 Registers,luts,1,LogisticRegression,0.4667,0.0943
asic_registers,ASIC7 Registers,luts,1,Perceptron,0.4667,0.0943
asic_registers,ASIC7 Registers,luts,1,SGDClassifier,0.4667,0.0943
asic_registers,ASIC7 Registers,fmax,1,LogisticRegression,0.4,0.0
asic_registers,ASIC7 Registers,fmax,1,Perceptron,0.5333,0.0943
asic_registers,ASIC7 Registers,fmax,1,SGDClassifier,0.4,0.0
asic_registers,ASIC7 Registers,power,1,LogisticRegression,0.4,0.0
asic_registers,ASIC7 Registers,power,1,Perceptron,0.4,0.0
asic_registers,ASIC7 Registers,power,1,SGDClassifier,0.3333,0.0943
asic_registers,ASIC7 Registers,nets,1,LogisticRegression,0.5333,0.0943
asic_registers,ASIC7 Registers,nets,1,Perceptron,0.4667,0.0943
asic_registers,ASIC7 Registers,nets,1,SGDClassifier,0.6667,0.0943
asic_registers,ASIC7 Registers,ffs,1,LogisticRegression,0.5333,0.0943
asic_registers,ASIC7 Registers,ffs,1,Perceptron,0.4,0.1633
asic_registers,ASIC7 Registers,ffs,1,SGDClassifier,0.4667,0.0943
asic_registers,ASIC7 Registers,distram,1,LogisticRegression,0.1333,0.0943
asic_registers,ASIC7 Registers,distram,1,Perceptron,0.2,0.0
asic_registers,ASIC7 Registers,distram,1,SGDClassifier,0.2,0.0
asic_registers,ASIC7 Registers,unicontrolsets,1,LogisticRegression,0.4,0.1633
asic_registers,ASIC7 Registers,unicontrolsets,1,Perceptron,0.4667,0.1886
asic_registers,ASIC7 Registers,unicontrolsets,1,SGDClassifier,0.4667,0.1886
asic_registers,ASIC7 Registers,luts + fmax,2,LogisticRegression,0.5333,0.0943
asic_registers,ASIC7 Registers,luts + fmax,2,Perceptron,0.6,0.0
asic_registers,ASIC7 Registers,luts + fmax,2,SGDClassifier,0.7333,0.1886
asic_registers,ASIC7 Registers,luts + power,2,LogisticRegression,0.5333,0.1886
asic_registers,ASIC7 Registers,luts + power,2,Perceptron,0.4,0.1633
asic_registers,ASIC7 Registers,luts + power,2,SGDClassifier,0.4667,0.0943
asic_registers,ASIC7 Registers,luts + nets,2,LogisticRegression,0.6667,0.0943
asic_registers,ASIC7 Registers,luts + nets,2,Perceptron,0.6667,0.0943
asic_registers,ASIC7 Registers,luts + nets,2,SGDClassifier,0.6,0.0
asic_registers,ASIC7 Registers,luts + ffs,2,LogisticRegression,0.6667,0.0943
asic_registers,ASIC7 Registers,luts + ffs,2,Perceptron,0.5333,0.2494
asic_registers,ASIC7 Registers,luts + ffs,2,SGDClassifier,0.4667,0.0943
asic_registers,ASIC7 Registers,luts + distram,2,LogisticRegression,0.3333,0.0943
asic_registers,ASIC7 Registers,luts + distram,2,Perceptron,0.2667,0.0943
asic_registers,ASIC7 Registers,luts + distram,2,SGDClassifier,0.3333,0.0943
asic_registers,ASIC7 Registers,luts + unicontrolsets,2,LogisticRegression,0.5333,0.0943
asic_registers,ASIC7 Registers,luts + unicontrolsets,2,Perceptron,0.6,0.1633
asic_registers,ASIC7 Registers,luts + unicontrolsets,2,SGDClassifier,0.5333,0.0943
asic_registers,ASIC7 Registers,fmax + power,2,LogisticRegression,0.4,0.0
asic_registers,ASIC7 Registers,fmax + power,2,Perceptron,0.6,0.1633
asic_registers,ASIC7 Registers,fmax + power,2,SGDClassifier,0.6,0.1633
asic_registers,ASIC7 Registers,fmax + nets,2,LogisticRegression,0.5333,0.0943
asic_registers,ASIC7 Registers,fmax + nets,2,Perceptron,0.4,0.1633
asic_registers,ASIC7 Registers,fmax + nets,2,SGDClassifier,0.6,0.0
asic_registers,ASIC7 Registers,fmax + ffs,2,LogisticRegression,0.4667,0.0943
asic_registers,ASIC7 Registers,fmax + ffs,2,Perceptron,0.4,0.2828
asic_registers,ASIC7 Registers,fmax + ffs,2,SGDClassifier,0.4,0.1633
asic_registers,ASIC7 Registers,fmax + distram,2,LogisticRegression,0.3333,0.0943
asic_registers,ASIC7 Registers,fmax + distram,2,Perceptron,0.4,0.0
asic_registers,ASIC7 Registers,fmax + distram,2,SGDClassifier,0.4667,0.0943
asic_registers,ASIC7 Registers,fmax + unicontrolsets,2,LogisticRegression,0.3333,0.0943
asic_registers,ASIC7 Registers,fmax + unicontrolsets,2,Perceptron,0.3333,0.0943
asic_registers,ASIC7 Registers,fmax + unicontrolsets,2,SGDClassifier,0.3333,0.1886
asic_registers,ASIC7 Registers,power + nets,2,LogisticRegression,0.5333,0.1886
asic_registers,ASIC7 Registers,power + nets,2,Perceptron,0.5333,0.0943
asic_registers,ASIC7 Registers,power + nets,2,SGDClassifier,0.6,0.1633
asic_registers,ASIC7 Registers,power + ffs,2,LogisticRegression,0.6,0.1633
asic_registers,ASIC7 Registers,power + ffs,2,Perceptron,0.4667,0.0943
asic_registers,ASIC7 Registers,power + ffs,2,SGDClassifier,0.5333,0.0943
asic_registers,ASIC7 Registers,power + distram,2,LogisticRegression,0.3333,0.0943
asic_registers,ASIC7 Registers,power + distram,2,Perceptron,0.2667,0.0943
asic_registers,ASIC7 Registers,power + distram,2,SGDClassifier,0.2667,0.0943
asic_registers,ASIC7 Registers,power + unicontrolsets,2,LogisticRegression,0.4667,0.0943
asic_registers,ASIC7 Registers,power + unicontrolsets,2,Perceptron,0.4,0.1633
asic_registers,ASIC7 Registers,power + unicontrolsets,2,SGDClassifier,0.4,0.1633
asic_registers,ASIC7 Registers,nets + ffs,2,LogisticRegression,0.6667,0.0943
asic_registers,ASIC7 Registers,nets + ffs,2,Perceptron,0.6,0.0
asic_registers,ASIC7 Registers,nets + ffs,2,SGDClassifier,0.4,0.1633
asic_registers,ASIC7 Registers,nets + distram,2,LogisticRegression,0.3333,0.0943
asic_registers,ASIC7 Registers,nets + distram,2,Perceptron,0.4,0.1633
asic_registers,ASIC7 Registers,nets + distram,2,SGDClassifier,0.4,0.1633
asic_registers,ASIC7 Registers,nets + unicontrolsets,2,LogisticRegression,0.6,0.1633
asic_registers,ASIC7 Registers,nets + unicontrolsets,2,Perceptron,0.5333,0.2494
asic_registers,ASIC7 Registers,nets + unicontrolsets,2,SGDClassifier,0.6,0.0
asic_registers,ASIC7 Registers,ffs + distram,2,LogisticRegression,0.4667,0.0943
asic_registers,ASIC7 Registers,ffs + distram,2,Perceptron,0.4667,0.0943
asic_registers,ASIC7 Registers,ffs + distram,2,SGDClassifier,0.5333,0.0943
asic_registers,ASIC7 Registers,ffs + unicontrolsets,2,LogisticRegression,0.6,0.1633
asic_registers,ASIC7 Registers,ffs + unicontrolsets,2,Perceptron,0.4667,0.0943
asic_registers,ASIC7 Registers,ffs + unicontrolsets,2,SGDClassifier,0.4667,0.0943
asic_registers,ASIC7 Registers,distram + unicontrolsets,2,LogisticRegression,0.2667,0.0943
asic_registers,ASIC7 Registers,distram + unicontrolsets,2,Perceptron,0.4,0.1633
asic_registers,ASIC7 Registers,distram + unicontrolsets,2,SGDClassifier,0.5333,0.0943
asic_registers,ASIC7 Registers,luts + fmax + power,3,LogisticRegression,0.4,0.0
asic_registers,ASIC7 Registers,luts + fmax + power,3,Perceptron,0.6,0.0
asic_registers,ASIC7 Registers,luts + fmax + power,3,SGDClassifier,0.6667,0.0943
asic_registers,ASIC7 Registers,luts + fmax + nets,3,LogisticRegression,0.5333,0.0943
asic_registers,ASIC7 Registers,luts + fmax + nets,3,Perceptron,0.5333,0.0943
asic_registers,ASIC7 Registers,luts + fmax + nets,3,SGDClassifier,0.6667,0.0943
asic_registers,ASIC7 Registers,luts + fmax + ffs,3,LogisticRegression,0.4667,0.1886
asic_registers,ASIC7 Registers,luts + fmax + ffs,3,Perceptron,0.6,0.0
asic_registers,ASIC7 Registers,luts + fmax + ffs,3,SGDClassifier,0.5333,0.0943
asic_registers,ASIC7 Registers,luts + fmax + distram,3,LogisticRegression,0.4,0.1633
asic_registers,ASIC7 Registers,luts + fmax + distram,3,Perceptron,0.4,0.1633
asic_registers,ASIC7 Registers,luts + fmax + distram,3,SGDClassifier,0.6,0.1633
asic_registers,ASIC7 Registers,luts + fmax + unicontrolsets,3,LogisticRegression,0.4,0.1633
asic_registers,ASIC7 Registers,luts + fmax + unicontrolsets,3,Perceptron,0.4,0.2828
asic_registers,ASIC7 Registers,luts + fmax + unicontrolsets,3,SGDClassifier,0.3333,0.2494
asic_registers,ASIC7 Registers,luts + power + nets,3,LogisticRegression,0.4667,0.2494
asic_registers,ASIC7 Registers,luts + power + nets,3,Perceptron,0.6667,0.1886
asic_registers,ASIC7 Registers,luts + power + nets,3,SGDClassifier,0.6,0.0
asic_registers,ASIC7 Registers,luts + power + ffs,3,LogisticRegression,0.5333,0.0943
asic_registers,ASIC7 Registers,luts + power + ffs,3,Perceptron,0.4667,0.0943
asic_registers,ASIC7 Registers,luts + power + ffs,3,SGDClassifier,0.4667,0.0943
asic_registers,ASIC7 Registers,luts + power + distram,3,LogisticRegression,0.3333,0.0943
asic_registers,ASIC7 Registers,luts + power + distram,3,Perceptron,0.3333,0.0943
asic_registers,ASIC7 Registers,luts + power + distram,3,SGDClassifier,0.2,0.0
asic_registers,ASIC7 Registers,luts + power + unicontrolsets,3,LogisticRegression,0.4667,0.0943
asic_registers,ASIC7 Registers,luts + power + unicontrolsets,3,Perceptron,0.5333,0.0943
asic_registers,ASIC7 Registers,luts + power + unicontrolsets,3,SGDClassifier,0.4667,0.0943
asic_registers,ASIC7 Registers,luts + nets + ffs,3,LogisticRegression,0.6667,0.0943
asic_registers,ASIC7 Registers,luts + nets + ffs,3,Perceptron,0.5333,0.2494
asic_registers,ASIC7 Registers,luts + nets + ffs,3,SGDClassifier,0.4667,0.0943
asic_registers,ASIC7 Registers,luts + nets + distram,3,LogisticRegression,0.4667,0.2494
asic_registers,ASIC7 Registers,luts + nets + distram,3,Perceptron,0.3333,0.0943
asic_registers,ASIC7 Registers,luts + nets + distram,3,SGDClassifier,0.4,0.0
asic_registers,ASIC7 Registers,luts + nets + unicontrolsets,3,LogisticRegression,0.6,0.1633
asic_registers,ASIC7 Registers,luts + nets + unicontrolsets,3,Perceptron,0.5333,0.0943
asic_registers,ASIC7 Registers,luts + nets + unicontrolsets,3,SGDClassifier,0.4667,0.1886
asic_registers,ASIC7 Registers,luts + ffs + distram,3,LogisticRegression,0.5333,0.0943
asic_registers,ASIC7 Registers,luts + ffs + distram,3,Perceptron,0.5333,0.0943
asic_registers,ASIC7 Registers,luts + ffs + distram,3,SGDClassifier,0.5333,0.0943
asic_registers,ASIC7 Registers,luts + ffs + unicontrolsets,3,LogisticRegression,0.6667,0.0943
asic_registers,ASIC7 Registers,luts + ffs + unicontrolsets,3,Perceptron,0.4667,0.0943
asic_registers,ASIC7 Registers,luts + ffs + unicontrolsets,3,SGDClassifier,0.4667,0.0943
asic_registers,ASIC7 Registers,luts + distram + unicontrolsets,3,LogisticRegression,0.4,0.0
asic_registers,ASIC7 Registers,luts + distram + unicontrolsets,3,Perceptron,0.2667,0.0943
asic_registers,ASIC7 Registers,luts + distram + unicontrolsets,3,SGDClassifier,0.3333,0.1886
asic_registers,ASIC7 Registers,fmax + power + nets,3,LogisticRegression,0.4667,0.0943
asic_registers,ASIC7 Registers,fmax + power + nets,3,Perceptron,0.5333,0.0943
asic_registers,ASIC7 Registers,fmax + power + nets,3,SGDClassifier,0.4667,0.0943
asic_registers,ASIC7 Registers,fmax + power + ffs,3,LogisticRegression,0.4667,0.0943
asic_registers,ASIC7 Registers,fmax + power + ffs,3,Perceptron,0.4667,0.0943
asic_registers,ASIC7 Registers,fmax + power + ffs,3,SGDClassifier,0.4667,0.0943
asic_registers,ASIC7 Registers,fmax + power + distram,3,LogisticRegression,0.3333,0.0943
asic_registers,ASIC7 Registers,fmax + power + distram,3,Perceptron,0.4,0.1633
asic_registers,ASIC7 Registers,fmax + power + distram,3,SGDClassifier,0.4667,0.1886
asic_registers,ASIC7 Registers,fmax + power + unicontrolsets,3,LogisticRegression,0.3333,0.0943
asic_registers,ASIC7 Registers,fmax + power + unicontrolsets,3,Perceptron,0.4667,0.0943
asic_registers,ASIC7 Registers,fmax + power + unicontrolsets,3,SGDClassifier,0.4,0.1633
asic_registers,ASIC7 Registers,fmax + nets + ffs,3,LogisticRegression,0.4667,0.1886
asic_registers,ASIC7 Registers,fmax + nets + ffs,3,Perceptron,0.4667,0.3399
asic_registers,ASIC7 Registers,fmax + nets + ffs,3,SGDClassifier,0.4667,0.1886
asic_registers,ASIC7 Registers,fmax + nets + distram,3,LogisticRegression,0.4,0.1633
asic_registers,ASIC7 Registers,fmax + nets + distram,3,Perceptron,0.4,0.1633
asic_registers,ASIC7 Registers,fmax + nets + distram,3,SGDClassifier,0.4,0.1633
asic_registers,ASIC7 Registers,fmax + nets + unicontrolsets,3,LogisticRegression,0.4667,0.1886
asic_registers,ASIC7 Registers,fmax + nets + unicontrolsets,3,Perceptron,0.4,0.2828
asic_registers,ASIC7 Registers,fmax + nets + unicontrolsets,3,SGDClassifier,0.3333,0.2494
asic_registers,ASIC7 Registers,fmax + ffs + distram,3,LogisticRegression,0.4667,0.0943
asic_registers,ASIC7 Registers,fmax + ffs + distram,3,Perceptron,0.6,0.0
asic_registers,ASIC7 Registers,fmax + ffs + distram,3,SGDClassifier,0.6,0.0
asic_registers,ASIC7 Registers,fmax + ffs + unicontrolsets,3,LogisticRegression,0.4,0.1633
asic_registers,ASIC7 Registers,fmax + ffs + unicontrolsets,3,Perceptron,0.4667,0.0943
asic_registers,ASIC7 Registers,fmax + ffs + unicontrolsets,3,SGDClassifier,0.5333,0.0943
asic_registers,ASIC7 Registers,fmax + distram + unicontrolsets,3,LogisticRegression,0.3333,0.0943
asic_registers,ASIC7 Registers,fmax + distram + unicontrolsets,3,Perceptron,0.3333,0.0943
asic_registers,ASIC7 Registers,fmax + distram + unicontrolsets,3,SGDClassifier,0.4,0.0
asic_registers,ASIC7 Registers,power + nets + ffs,3,LogisticRegression,0.5333,0.0943
asic_registers,ASIC7 Registers,power + nets + ffs,3,Perceptron,0.4,0.1633
asic_registers,ASIC7 Registers,power + nets + ffs,3,SGDClassifier,0.4667,0.0943
asic_registers,ASIC7 Registers,power + nets + distram,3,LogisticRegression,0.3333,0.0943
asic_registers,ASIC7 Registers,power + nets + distram,3,Perceptron,0.4,0.1633
asic_registers,ASIC7 Registers,power + nets + distram,3,SGDClassifier,0.2667,0.0943
asic_registers,ASIC7 Registers,power + nets + unicontrolsets,3,LogisticRegression,0.5333,0.1886
asic_registers,ASIC7 Registers,power + nets + unicontrolsets,3,Perceptron,0.5333,0.0943
asic_registers,ASIC7 Registers,power + nets + unicontrolsets,3,SGDClassifier,0.5333,0.0943
asic_registers,ASIC7 Registers,power + ffs + distram,3,LogisticRegression,0.4667,0.0943
asic_registers,ASIC7 Registers,power + ffs + distram,3,Perceptron,0.4667,0.0943
asic_registers,ASIC7 Registers,power + ffs + distram,3,SGDClassifier,0.3333,0.0943
asic_registers,ASIC7 Registers,power + ffs + unicontrolsets,3,LogisticRegression,0.6667,0.1886
asic_registers,ASIC7 Registers,power + ffs + unicontrolsets,3,Perceptron,0.4667,0.0943
asic_registers,ASIC7 Registers,power + ffs + unicontrolsets,3,SGDClassifier,0.4667,0.0943
asic_registers,ASIC7 Registers,power + distram + unicontrolsets,3,LogisticRegression,0.4,0.0
asic_registers,ASIC7 Registers,power + distram + unicontrolsets,3,Perceptron,0.3333,0.0943
asic_registers,ASIC7 Registers,power + distram + unicontrolsets,3,SGDClassifier,0.4,0.1633
asic_registers,ASIC7 Registers,nets + ffs + distram,3,LogisticRegression,0.5333,0.1886
asic_registers,ASIC7 Registers,nets + ffs + distram,3,Perceptron,0.4667,0.0943
asic_registers,ASIC7 Registers,nets + ffs + distram,3,SGDClassifier,0.4667,0.0943
asic_registers,ASIC7 Registers,nets + ffs + unicontrolsets,3,LogisticRegression,0.6667,0.0943
asic_registers,ASIC7 Registers,nets + ffs + unicontrolsets,3,Perceptron,0.5333,0.0943
asic_registers,ASIC7 Registers,nets + ffs + unicontrolsets,3,SGDClassifier,0.4667,0.0943
asic_registers,ASIC7 Registers,nets + distram + unicontrolsets,3,LogisticRegression,0.4,0.0
asic_registers,ASIC7 Registers,nets + distram + unicontrolsets,3,Perceptron,0.4,0.1633
asic_registers,ASIC7 Registers,nets + distram + unicontrolsets,3,SGDClassifier,0.4667,0.1886
asic_registers,ASIC7 Registers,ffs + distram + unicontrolsets,3,LogisticRegression,0.6,0.1633
asic_registers,ASIC7 Registers,ffs + distram + unicontrolsets,3,Perceptron,0.6667,0.0943
asic_registers,ASIC7 Registers,ffs + distram + unicontrolsets,3,SGDClassifier,0.8,0.1633
asic_registers,ASIC7 Registers,luts + fmax + power + nets,4,LogisticRegression,0.4667,0.0943
asic_registers,ASIC7 Registers,luts + fmax + power + nets,4,Perceptron,0.5333,0.0943
asic_registers,ASIC7 Registers,luts + fmax + power + nets,4,SGDClassifier,0.5333,0.0943
asic_registers,ASIC7 Registers,luts + fmax + power + ffs,4,LogisticRegression,0.4,0.1633
asic_registers,ASIC7 Registers,luts + fmax + power + ffs,4,Perceptron,0.6,0.1633
asic_registers,ASIC7 Registers,luts + fmax + power + ffs,4,SGDClassifier,0.5333,0.0943
asic_registers,ASIC7 Registers,luts + fmax + power + distram,4,LogisticRegression,0.3333,0.0943
asic_registers,ASIC7 Registers,luts + fmax + power + distram,4,Perceptron,0.4667,0.1886
asic_registers,ASIC7 Registers,luts + fmax + power + distram,4,SGDClassifier,0.4,0.1633
asic_registers,ASIC7 Registers,luts + fmax + power + unicontrolsets,4,LogisticRegression,0.3333,0.0943
asic_registers,ASIC7 Registers,luts + fmax + power + unicontrolsets,4,Perceptron,0.4,0.2828
asic_registers,ASIC7 Registers,luts + fmax + power + unicontrolsets,4,SGDClassifier,0.4,0.1633
asic_registers,ASIC7 Registers,luts + fmax + nets + ffs,4,LogisticRegression,0.4667,0.1886
asic_registers,ASIC7 Registers,luts + fmax + nets + ffs,4,Perceptron,0.6,0.1633
asic_registers,ASIC7 Registers,luts + fmax + nets + ffs,4,SGDClassifier,0.4667,0.0943
asic_registers,ASIC7 Registers,luts + fmax + nets + distram,4,LogisticRegression,0.4,0.1633
asic_registers,ASIC7 Registers,luts + fmax + nets + distram,4,Perceptron,0.6,0.3266
asic_registers,ASIC7 Registers,luts + fmax + nets + distram,4,SGDClassifier,0.6,0.3266
asic_registers,ASIC7 Registers,luts + fmax + nets + unicontrolsets,4,LogisticRegression,0.4,0.1633
asic_registers,ASIC7 Registers,luts + fmax + nets + unicontrolsets,4,Perceptron,0.4,0.3266
asic_registers,ASIC7 Registers,luts + fmax + nets + unicontrolsets,4,SGDClassifier,0.4667,0.3399
asic_registers,ASIC7 Registers,luts + fmax + ffs + distram,4,LogisticRegression,0.4667,0.0943
asic_registers,ASIC7 Registers,luts + fmax + ffs + distram,4,Perceptron,0.6,0.1633
asic_registers,ASIC7 Registers,luts + fmax + ffs + distram,4,SGDClassifier,0.5333,0.0943
asic_registers,ASIC7 Registers,luts + fmax + ffs + unicontrolsets,4,LogisticRegression,0.4667,0.1886
asic_registers,ASIC7 Registers,luts + fmax + ffs + unicontrolsets,4,Perceptron,0.4667,0.1886
asic_registers,ASIC7 Registers,luts + fmax + ffs + unicontrolsets,4,SGDClassifier,0.3333,0.2494
asic_registers,ASIC7 Registers,luts + fmax + distram + unicontrolsets,4,LogisticRegression,0.4,0.1633
asic_registers,ASIC7 Registers,luts + fmax + distram + unicontrolsets,4,Perceptron,0.3333,0.1886
asic_registers,ASIC7 Registers,luts + fmax + distram + unicontrolsets,4,SGDClassifier,0.4,0.1633
asic_registers,ASIC7 Registers,luts + power + nets + ffs,4,LogisticRegression,0.5333,0.0943
asic_registers,ASIC7 Registers,luts + power + nets + ffs,4,Perceptron,0.4,0.1633
asic_registers,ASIC7 Registers,luts + power + nets + ffs,4,SGDClassifier,0.4667,0.0943
asic_registers,ASIC7 Registers,luts + power + nets + distram,4,LogisticRegression,0.3333,0.0943
asic_registers,ASIC7 Registers,luts + power + nets + distram,4,Perceptron,0.3333,0.0943
asic_registers,ASIC7 Registers,luts + power + nets + distram,4,SGDClassifier,0.3333,0.0943
asic_registers,ASIC7 Registers,luts + power + nets + unicontrolsets,4,LogisticRegression,0.5333,0.1886
asic_registers,ASIC7 Registers,luts + power + nets + unicontrolsets,4,Perceptron,0.5333,0.0943
asic_registers,ASIC7 Registers,luts + power + nets + unicontrolsets,4,SGDClassifier,0.4667,0.0943
asic_registers,ASIC7 Registers,luts + power + ffs + distram,4,LogisticRegression,0.4667,0.0943
asic_registers,ASIC7 Registers,luts + power + ffs + distram,4,Perceptron,0.4,0.0
asic_registers,ASIC7 Registers,luts + power + ffs + distram,4,SGDClassifier,0.4,0.0
asic_registers,ASIC7 Registers,luts + power + ffs + unicontrolsets,4,LogisticRegression,0.6,0.1633
asic_registers,ASIC7 Registers,luts + power + ffs + unicontrolsets,4,Perceptron,0.4667,0.0943
asic_registers,ASIC7 Registers,luts + power + ffs + unicontrolsets,4,SGDClassifier,0.4667,0.0943
asic_registers,ASIC7 Registers,luts + power + distram + unicontrolsets,4,LogisticRegression,0.4,0.0
asic_registers,ASIC7 Registers,luts + power + distram + unicontrolsets,4,Perceptron,0.2667,0.0943
asic_registers,ASIC7 Registers,luts + power + distram + unicontrolsets,4,SGDClassifier,0.4,0.1633
asic_registers,ASIC7 Registers,luts + nets + ffs + distram,4,LogisticRegression,0.5333,0.1886
asic_registers,ASIC7 Registers,luts + nets + ffs + distram,4,Perceptron,0.4667,0.0943
asic_registers,ASIC7 Registers,luts + nets + ffs + distram,4,SGDClassifier,0.4667,0.0943
asic_registers,ASIC7 Registers,luts + nets + ffs + unicontrolsets,4,LogisticRegression,0.6667,0.0943
asic_registers,ASIC7 Registers,luts + nets + ffs + unicontrolsets,4,Perceptron,0.5333,0.0943
asic_registers,ASIC7 Registers,luts + nets + ffs + unicontrolsets,4,SGDClassifier,0.4667,0.0943
asic_registers,ASIC7 Registers,luts + nets + distram + unicontrolsets,4,LogisticRegression,0.5333,0.1886
asic_registers,ASIC7 Registers,luts + nets + distram + unicontrolsets,4,Perceptron,0.5333,0.0943
asic_registers,ASIC7 Registers,luts + nets + distram + unicontrolsets,4,SGDClassifier,0.4667,0.1886
asic_registers,ASIC7 Registers,luts + ffs + distram + unicontrolsets,4,LogisticRegression,0.6,0.1633
asic_registers,ASIC7 Registers,luts + ffs + distram + unicontrolsets,4,Perceptron,0.5333,0.0943
asic_registers,ASIC7 Registers,luts + ffs + distram + unicontrolsets,4,SGDClassifier,0.5333,0.0943
asic_registers,ASIC7 Registers,fmax + power + nets + ffs,4,LogisticRegression,0.4,0.1633
asic_registers,ASIC7 Registers,fmax + power + nets + ffs,4,Perceptron,0.5333,0.0943
asic_registers,ASIC7 Registers,fmax + power + nets + ffs,4,SGDClassifier,0.5333,0.1886
asic_registers,ASIC7 Registers,fmax + power + nets + distram,4,LogisticRegression,0.3333,0.0943
asic_registers,ASIC7 Registers,fmax + power + nets + distram,4,Perceptron,0.4667,0.2494
asic_registers,ASIC7 Registers,fmax + power + nets + distram,4,SGDClassifier,0.4,0.1633
asic_registers,ASIC7 Registers,fmax + power + nets + unicontrolsets,4,LogisticRegression,0.3333,0.0943
asic_registers,ASIC7 Registers,fmax + power + nets + unicontrolsets,4,Perceptron,0.4667,0.3399
asic_registers,ASIC7 Registers,fmax + power + nets + unicontrolsets,4,SGDClassifier,0.4,0.2828
asic_registers,ASIC7 Registers,fmax + power + ffs + distram,4,LogisticRegression,0.4,0.0
asic_registers,ASIC7 Registers,fmax + power + ffs + distram,4,Perceptron,0.6,0.0
asic_registers,ASIC7 Registers,fmax + power + ffs + distram,4,SGDClassifier,0.6,0.0
asic_registers,ASIC7 Registers,fmax + power + ffs + unicontrolsets,4,LogisticRegression,0.4,0.1633
asic_registers,ASIC7 Registers,fmax + power + ffs + unicontrolsets,4,Perceptron,0.4,0.1633
asic_registers,ASIC7 Registers,fmax + power + ffs + unicontrolsets,4,SGDClassifier,0.5333,0.2494
asic_registers,ASIC7 Registers,fmax + power + distram + unicontrolsets,4,LogisticRegression,0.2667,0.0943
asic_registers,ASIC7 Registers,fmax + power + distram + unicontrolsets,4,Perceptron,0.4,0.0
asic_registers,ASIC7 Registers,fmax + power + distram + unicontrolsets,4,SGDClassifier,0.4667,0.0943
asic_registers,ASIC7 Registers,fmax + nets + ffs + distram,4,LogisticRegression,0.4667,0.0943
asic_registers,ASIC7 Registers,fmax + nets + ffs + distram,4,Perceptron,0.6,0.0
asic_registers,ASIC7 Registers,fmax + nets + ffs + distram,4,SGDClassifier,0.6,0.0
asic_registers,ASIC7 Registers,fmax + nets + ffs + unicontrolsets,4,LogisticRegression,0.4667,0.1886
asic_registers,ASIC7 Registers,fmax + nets + ffs + unicontrolsets,4,Perceptron,0.4667,0.1886
asic_registers,ASIC7 Registers,fmax + nets + ffs + unicontrolsets,4,SGDClassifier,0.4667,0.3399
asic_registers,ASIC7 Registers,fmax + nets + distram + unicontrolsets,4,LogisticRegression,0.4,0.1633
asic_registers,ASIC7 Registers,fmax + nets + distram + unicontrolsets,4,Perceptron,0.4,0.1633
asic_registers,ASIC7 Registers,fmax + nets + distram + unicontrolsets,4,SGDClassifier,0.5333,0.0943
asic_registers,ASIC7 Registers,fmax + ffs + distram + unicontrolsets,4,LogisticRegression,0.4,0.1633
asic_registers,ASIC7 Registers,fmax + ffs + distram + unicontrolsets,4,Perceptron,0.5333,0.0943
asic_registers,ASIC7 Registers,fmax + ffs + distram + unicontrolsets,4,SGDClassifier,0.6,0.0
asic_registers,ASIC7 Registers,power + nets + ffs + distram,4,LogisticRegression,0.4,0.0
asic_registers,ASIC7 Registers,power + nets + ffs + distram,4,Perceptron,0.4667,0.0943
asic_registers,ASIC7 Registers,power + nets + ffs + distram,4,SGDClassifier,0.3333,0.0943
asic_registers,ASIC7 Registers,power + nets + ffs + unicontrolsets,4,LogisticRegression,0.6,0.1633
asic_registers,ASIC7 Registers,power + nets + ffs + unicontrolsets,4,Perceptron,0.5333,0.0943
asic_registers,ASIC7 Registers,power + nets + ffs + unicontrolsets,4,SGDClassifier,0.4,0.1633
asic_registers,ASIC7 Registers,power + nets + distram + unicontrolsets,4,LogisticRegression,0.4,0.0
asic_registers,ASIC7 Registers,power + nets + distram + unicontrolsets,4,Perceptron,0.2,0.1633
asic_registers,ASIC7 Registers,power + nets + distram + unicontrolsets,4,SGDClassifier,0.3333,0.0943
asic_registers,ASIC7 Registers,power + ffs + distram + unicontrolsets,4,LogisticRegression,0.5333,0.1886
asic_registers,ASIC7 Registers,power + ffs + distram + unicontrolsets,4,Perceptron,0.4,0.0
asic_registers,ASIC7 Registers,power + ffs + distram + unicontrolsets,4,SGDClassifier,0.5333,0.1886
asic_registers,ASIC7 Registers,nets + ffs + distram + unicontrolsets,4,LogisticRegression,0.6667,0.1886
asic_registers,ASIC7 Registers,nets + ffs + distram + unicontrolsets,4,Perceptron,0.5333,0.1886
asic_registers,ASIC7 Registers,nets + ffs + distram + unicontrolsets,4,SGDClassifier,0.6,0.1633
asic_registers,ASIC7 Registers,luts + fmax + power + nets + ffs,5,LogisticRegression,0.4667,0.1886
asic_registers,ASIC7 Registers,luts + fmax + power + nets + ffs,5,Perceptron,0.5333,0.0943
asic_registers,ASIC7 Registers,luts + fmax + power + nets + ffs,5,SGDClassifier,0.5333,0.0943
asic_registers,ASIC7 Registers,luts + fmax + power + nets + distram,5,LogisticRegression,0.3333,0.0943
asic_registers,ASIC7 Registers,luts + fmax + power + nets + distram,5,Perceptron,0.4,0.1633
asic_registers,ASIC7 Registers,luts + fmax + power + nets + distram,5,SGDClassifier,0.5333,0.2494
asic_registers,ASIC7 Registers,luts + fmax + power + nets + unicontrolsets,5,LogisticRegression,0.4,0.1633
asic_registers,ASIC7 Registers,luts + fmax + power + nets + unicontrolsets,5,Perceptron,0.4667,0.2494
asic_registers,ASIC7 Registers,luts + fmax + power + nets + unicontrolsets,5,SGDClassifier,0.4,0.1633
asic_registers,ASIC7 Registers,luts + fmax + power + ffs + distram,5,LogisticRegression,0.4,0.0
asic_registers,ASIC7 Registers,luts + fmax + power + ffs + distram,5,Perceptron,0.5333,0.0943
asic_registers,ASIC7 Registers,luts + fmax + power + ffs + distram,5,SGDClassifier,0.5333,0.0943
asic_registers,ASIC7 Registers,luts + fmax + power + ffs + unicontrolsets,5,LogisticRegression,0.4,0.1633
asic_registers,ASIC7 Registers,luts + fmax + power + ffs + unicontrolsets,5,Perceptron,0.4667,0.1886
asic_registers,ASIC7 Registers,luts + fmax + power + ffs + unicontrolsets,5,SGDClassifier,0.4667,0.0943
asic_registers,ASIC7 Registers,luts + fmax + power + distram + unicontrolsets,5,LogisticRegression,0.2667,0.0943
asic_registers,ASIC7 Registers,luts + fmax + power + distram + unicontrolsets,5,Perceptron,0.4667,0.1886
asic_registers,ASIC7 Registers,luts + fmax + power + distram + unicontrolsets,5,SGDClassifier,0.4,0.1633
asic_registers,ASIC7 Registers,luts + fmax + nets + ffs + distram,5,LogisticRegression,0.4,0.1633
asic_registers,ASIC7 Registers,luts + fmax + nets + ffs + distram,5,Perceptron,0.5333,0.0943
asic_registers,ASIC7 Registers,luts + fmax + nets + ffs + distram,5,SGDClassifier,0.6,0.1633
asic_registers,ASIC7 Registers,luts + fmax + nets + ffs + unicontrolsets,5,LogisticRegression,0.4667,0.1886
asic_registers,ASIC7 Registers,luts + fmax + nets + ffs + unicontrolsets,5,Perceptron,0.3333,0.2494
asic_registers,ASIC7 Registers,luts + fmax + nets + ffs + unicontrolsets,5,SGDClassifier,0.4667,0.1886
asic_registers,ASIC7 Registers,luts + fmax + nets + distram + unicontrolsets,5,LogisticRegression,0.4,0.1633
asic_registers,ASIC7 Registers,luts + fmax + nets + distram + unicontrolsets,5,Perceptron,0.4667,0.1886
asic_registers,ASIC7 Registers,luts + fmax + nets + distram + unicontrolsets,5,SGDClassifier,0.4667,0.1886
asic_registers,ASIC7 Registers,luts + fmax + ffs + distram + unicontrolsets,5,LogisticRegression,0.4,0.1633
asic_registers,ASIC7 Registers,luts + fmax + ffs + distram + unicontrolsets,5,Perceptron,0.5333,0.0943
asic_registers,ASIC7 Registers,luts + fmax + ffs + distram + unicontrolsets,5,SGDClassifier,0.5333,0.0943
asic_registers,ASIC7 Registers,luts + power + nets + ffs + distram,5,LogisticRegression,0.4,0.0
asic_registers,ASIC7 Registers,luts + power + nets + ffs + distram,5,Perceptron,0.3333,0.0943
asic_registers,ASIC7 Registers,luts + power + nets + ffs + distram,5,SGDClassifier,0.3333,0.0943
asic_registers,ASIC7 Registers,luts + power + nets + ffs + unicontrolsets,5,LogisticRegression,0.6,0.0
asic_registers,ASIC7 Registers,luts + power + nets + ffs + unicontrolsets,5,Perceptron,0.4,0.1633
asic_registers,ASIC7 Registers,luts + power + nets + ffs + unicontrolsets,5,SGDClassifier,0.5333,0.0943
asic_registers,ASIC7 Registers,luts + power + nets + distram + unicontrolsets,5,LogisticRegression,0.4,0.0
asic_registers,ASIC7 Registers,luts + power + nets + distram + unicontrolsets,5,Perceptron,0.4,0.1633
asic_registers,ASIC7 Registers,luts + power + nets + distram + unicontrolsets,5,SGDClassifier,0.2667,0.0943
asic_registers,ASIC7 Registers,luts + power + ffs + distram + unicontrolsets,5,LogisticRegression,0.5333,0.1886
asic_registers,ASIC7 Registers,luts + power + ffs + distram + unicontrolsets,5,Perceptron,0.5333,0.0943
asic_registers,ASIC7 Registers,luts + power + ffs + distram + unicontrolsets,5,SGDClassifier,0.5333,0.0943
asic_registers,ASIC7 Registers,luts + nets + ffs + distram + unicontrolsets,5,LogisticRegression,0.6667,0.1886
asic_registers,ASIC7 Registers,luts + nets + ffs + distram + unicontrolsets,5,Perceptron,0.4,0.0
asic_registers,ASIC7 Registers,luts + nets + ffs + distram + unicontrolsets,5,SGDClassifier,0.4667,0.0943
asic_registers,ASIC7 Registers,fmax + power + nets + ffs + distram,5,LogisticRegression,0.4,0.0
asic_registers,ASIC7 Registers,fmax + power + nets + ffs + distram,5,Perceptron,0.6,0.0
asic_registers,ASIC7 Registers,fmax + power + nets + ffs + distram,5,SGDClassifier,0.5333,0.0943
asic_registers,ASIC7 Registers,fmax + power + nets + ffs + unicontrolsets,5,LogisticRegression,0.4667,0.1886
asic_registers,ASIC7 Registers,fmax + power + nets + ffs + unicontrolsets,5,Perceptron,0.4667,0.2494
asic_registers,ASIC7 Registers,fmax + power + nets + ffs + unicontrolsets,5,SGDClassifier,0.5333,0.1886
asic_registers,ASIC7 Registers,fmax + power + nets + distram + unicontrolsets,5,LogisticRegression,0.2667,0.0943
asic_registers,ASIC7 Registers,fmax + power + nets + distram + unicontrolsets,5,Perceptron,0.4,0.1633
asic_registers,ASIC7 Registers,fmax + power + nets + distram + unicontrolsets,5,SGDClassifier,0.4667,0.1886
asic_registers,ASIC7 Registers,fmax + power + ffs + distram + unicontrolsets,5,LogisticRegression,0.3333,0.0943
asic_registers,ASIC7 Registers,fmax + power + ffs + distram + unicontrolsets,5,Perceptron,0.4667,0.0943
asic_registers,ASIC7 Registers,fmax + power + ffs + distram + unicontrolsets,5,SGDClassifier,0.4667,0.1886
asic_registers,ASIC7 Registers,fmax + nets + ffs + distram + unicontrolsets,5,LogisticRegression,0.4,0.1633
asic_registers,ASIC7 Registers,fmax + nets + ffs + distram + unicontrolsets,5,Perceptron,0.4667,0.1886
asic_registers,ASIC7 Registers,fmax + nets + ffs + distram + unicontrolsets,5,SGDClassifier,0.6,0.0
asic_registers,ASIC7 Registers,power + nets + ffs + distram + unicontrolsets,5,LogisticRegression,0.5333,0.1886
asic_registers,ASIC7 Registers,power + nets + ffs + distram + unicontrolsets,5,Perceptron,0.6,0.0
asic_registers,ASIC7 Registers,power + nets + ffs + distram + unicontrolsets,5,SGDClassifier,0.4667,0.0943
asic_registers,ASIC7 Registers,luts + fmax + power + nets + ffs + distram,6,LogisticRegression,0.3333,0.0943
asic_registers,ASIC7 Registers,luts + fmax + power + nets + ffs + distram,6,Perceptron,0.5333,0.0943
asic_registers,ASIC7 Registers,luts + fmax + power + nets + ffs + distram,6,SGDClassifier,0.4667,0.0943
asic_registers,ASIC7 Registers,luts + fmax + power + nets + ffs + unicontrolsets,6,LogisticRegression,0.4667,0.1886
asic_registers,ASIC7 Registers,luts + fmax + power + nets + ffs + unicontrolsets,6,Perceptron,0.5333,0.2494
asic_registers,ASIC7 Registers,luts + fmax + power + nets + ffs + unicontrolsets,6,SGDClassifier,0.4667,0.0943
asic_registers,ASIC7 Registers,luts + fmax + power + nets + distram + unicontrolsets,6,LogisticRegression,0.2667,0.0943
asic_registers,ASIC7 Registers,luts + fmax + power + nets + distram + unicontrolsets,6,Perceptron,0.3333,0.0943
asic_registers,ASIC7 Registers,luts + fmax + power + nets + distram + unicontrolsets,6,SGDClassifier,0.4,0.1633
asic_registers,ASIC7 Registers,luts + fmax + power + ffs + distram + unicontrolsets,6,LogisticRegression,0.3333,0.0943
asic_registers,ASIC7 Registers,luts + fmax + power + ffs + distram + unicontrolsets,6,Perceptron,0.4,0.1633
asic_registers,ASIC7 Registers,luts + fmax + power + ffs + distram + unicontrolsets,6,SGDClassifier,0.4667,0.0943
asic_registers,ASIC7 Registers,luts + fmax + nets + ffs + distram + unicontrolsets,6,LogisticRegression,0.4,0.1633
asic_registers,ASIC7 Registers,luts + fmax + nets + ffs + distram + unicontrolsets,6,Perceptron,0.4,0.1633
asic_registers,ASIC7 Registers,luts + fmax + nets + ffs + distram + unicontrolsets,6,SGDClassifier,0.5333,0.0943
asic_registers,ASIC7 Registers,luts + power + nets + ffs + distram + unicontrolsets,6,LogisticRegression,0.5333,0.1886
asic_registers,ASIC7 Registers,luts + power + nets + ffs + distram + unicontrolsets,6,Perceptron,0.4667,0.1886
asic_registers,ASIC7 Registers,luts + power + nets + ffs + distram + unicontrolsets,6,SGDClassifier,0.4667,0.0943
asic_registers,ASIC7 Registers,fmax + power + nets + ffs + distram + unicontrolsets,6,LogisticRegression,0.3333,0.0943
asic_registers,ASIC7 Registers,fmax + power + nets + ffs + distram + unicontrolsets,6,Perceptron,0.4,0.1633
asic_registers,ASIC7 Registers,fmax + power + nets + ffs + distram + unicontrolsets,6,SGDClassifier,0.4667,0.0943
asic_registers,ASIC7 Registers,luts + fmax + power + nets + ffs + distram + unicontrolsets,7,LogisticRegression,0.3333,0.0943
asic_registers,ASIC7 Registers,luts + fmax + power + nets + ffs + distram + unicontrolsets,7,Perceptron,0.4667,0.0943
asic_registers,ASIC7 Registers,luts + fmax + power + nets + ffs + distram + unicontrolsets,7,SGDClassifier,0.5333,0.0943
asic45_area,ASIC45 Area (um2),luts,1,LogisticRegression,0.4667,0.1886
asic45_area,ASIC45 Area (um2),luts,1,Perceptron,0.4667,0.1886
asic45_area,ASIC45 Area (um2),luts,1,SGDClassifier,0.4667,0.1886
asic45_area,ASIC45 Area (um2),fmax,1,LogisticRegression,0.7333,0.0943
asic45_area,ASIC45 Area (um2),fmax,1,Perceptron,0.5333,0.0943
asic45_area,ASIC45 Area (um2),fmax,1,SGDClassifier,0.6,0.0
asic45_area,ASIC45 Area (um2),power,1,LogisticRegression,0.2667,0.0943
asic45_area,ASIC45 Area (um2),power,1,Perceptron,0.2667,0.0943
asic45_area,ASIC45 Area (um2),power,1,SGDClassifier,0.4,0.1633
asic45_area,ASIC45 Area (um2),nets,1,LogisticRegression,0.5333,0.2494
asic45_area,ASIC45 Area (um2),nets,1,Perceptron,0.4667,0.1886
asic45_area,ASIC45 Area (um2),nets,1,SGDClassifier,0.4667,0.1886
asic45_area,ASIC45 Area (um2),ffs,1,LogisticRegression,0.4667,0.1886
asic45_area,ASIC45 Area (um2),ffs,1,Perceptron,0.5333,0.0943
asic45_area,ASIC45 Area (um2),ffs,1,SGDClassifier,0.4,0.1633
asic45_area,ASIC45 Area (um2),distram,1,LogisticRegression,0.2,0.0
asic45_area,ASIC45 Area (um2),distram,1,Perceptron,0.2,0.1633
asic45_area,ASIC45 Area (um2),distram,1,SGDClassifier,0.2,0.1633
asic45_area,ASIC45 Area (um2),unicontrolsets,1,LogisticRegression,0.4667,0.2494
asic45_area,ASIC45 Area (um2),unicontrolsets,1,Perceptron,0.3333,0.1886
asic45_area,ASIC45 Area (um2),unicontrolsets,1,SGDClassifier,0.4667,0.1886
asic45_area,ASIC45 Area (um2),luts + fmax,2,LogisticRegression,0.6667,0.0943
asic45_area,ASIC45 Area (um2),luts + fmax,2,Perceptron,0.6,0.0
asic45_area,ASIC45 Area (um2),luts + fmax,2,SGDClassifier,0.6,0.0
asic45_area,ASIC45 Area (um2),luts + power,2,LogisticRegression,0.5333,0.2494
asic45_area,ASIC45 Area (um2),luts + power,2,Perceptron,0.5333,0.0943
asic45_area,ASIC45 Area (um2),luts + power,2,SGDClassifier,0.6,0.0
asic45_area,ASIC45 Area (um2),luts + nets,2,LogisticRegression,0.5333,0.2494
asic45_area,ASIC45 Area (um2),luts + nets,2,Perceptron,0.3333,0.1886
asic45_area,ASIC45 Area (um2),luts + nets,2,SGDClassifier,0.5333,0.0943
asic45_area,ASIC45 Area (um2),luts + ffs,2,LogisticRegression,0.5333,0.2494
asic45_area,ASIC45 Area (um2),luts + ffs,2,Perceptron,0.6,0.1633
asic45_area,ASIC45 Area (um2),luts + ffs,2,SGDClassifier,0.5333,0.0943
asic45_area,ASIC45 Area (um2),luts + distram,2,LogisticRegression,0.5333,0.0943
asic45_area,ASIC45 Area (um2),luts + distram,2,Perceptron,0.6667,0.0943
asic45_area,ASIC45 Area (um2),luts + distram,2,SGDClassifier,0.5333,0.2494
asic45_area,ASIC45 Area (um2),luts + unicontrolsets,2,LogisticRegression,0.4667,0.1886
asic45_area,ASIC45 Area (um2),luts + unicontrolsets,2,Perceptron,0.4667,0.1886
asic45_area,ASIC45 Area (um2),luts + unicontrolsets,2,SGDClassifier,0.4,0.1633
asic45_area,ASIC45 Area (um2),fmax + power,2,LogisticRegression,0.6,0.1633
asic45_area,ASIC45 Area (um2),fmax + power,2,Perceptron,0.6,0.0
asic45_area,ASIC45 Area (um2),fmax + power,2,SGDClassifier,0.6,0.0
asic45_area,ASIC45 Area (um2),fmax + nets,2,LogisticRegression,0.7333,0.0943
asic45_area,ASIC45 Area (um2),fmax + nets,2,Perceptron,0.6667,0.0943
asic45_area,ASIC45 Area (um2),fmax + nets,2,SGDClassifier,0.6,0.0
asic45_area,ASIC45 Area (um2),fmax + ffs,2,LogisticRegression,0.7333,0.0943
asic45_area,ASIC45 Area (um2),fmax + ffs,2,Perceptron,0.7333,0.0943
asic45_area,ASIC45 Area (um2),fmax + ffs,2,SGDClassifier,0.7333,0.0943
asic45_area,ASIC45 Area (um2),fmax + distram,2,LogisticRegression,0.6,0.0
asic45_area,ASIC45 Area (um2),fmax + distram,2,Perceptron,0.6,0.1633
asic45_area,ASIC45 Area (um2),fmax + distram,2,SGDClassifier,0.6,0.0
asic45_area,ASIC45 Area (um2),fmax + unicontrolsets,2,LogisticRegression,0.6667,0.0943
asic45_area,ASIC45 Area (um2),fmax + unicontrolsets,2,Perceptron,0.5333,0.0943
asic45_area,ASIC45 Area (um2),fmax + unicontrolsets,2,SGDClassifier,0.6,0.0
asic45_area,ASIC45 Area (um2),power + nets,2,LogisticRegression,0.5333,0.2494
asic45_area,ASIC45 Area (um2),power + nets,2,Perceptron,0.5333,0.0943
asic45_area,ASIC45 Area (um2),power + nets,2,SGDClassifier,0.4667,0.1886
asic45_area,ASIC45 Area (um2),power + ffs,2,LogisticRegression,0.4667,0.2494
asic45_area,ASIC45 Area (um2),power + ffs,2,Perceptron,0.4667,0.0943
asic45_area,ASIC45 Area (um2),power + ffs,2,SGDClassifier,0.4667,0.1886
asic45_area,ASIC45 Area (um2),power + distram,2,LogisticRegression,0.3333,0.0943
asic45_area,ASIC45 Area (um2),power + distram,2,Perceptron,0.3333,0.0943
asic45_area,ASIC45 Area (um2),power + distram,2,SGDClassifier,0.2,0.1633
asic45_area,ASIC45 Area (um2),power + unicontrolsets,2,LogisticRegression,0.4667,0.1886
asic45_area,ASIC45 Area (um2),power + unicontrolsets,2,Perceptron,0.3333,0.0943
asic45_area,ASIC45 Area (um2),power + unicontrolsets,2,SGDClassifier,0.3333,0.0943
asic45_area,ASIC45 Area (um2),nets + ffs,2,LogisticRegression,0.6,0.1633
asic45_area,ASIC45 Area (um2),nets + ffs,2,Perceptron,0.6667,0.0943
asic45_area,ASIC45 Area (um2),nets + ffs,2,SGDClassifier,0.5333,0.2494
asic45_area,ASIC45 Area (um2),nets + distram,2,LogisticRegression,0.6,0.1633
asic45_area,ASIC45 Area (um2),nets + distram,2,Perceptron,0.4667,0.1886
asic45_area,ASIC45 Area (um2),nets + distram,2,SGDClassifier,0.5333,0.0943
asic45_area,ASIC45 Area (um2),nets + unicontrolsets,2,LogisticRegression,0.5333,0.2494
asic45_area,ASIC45 Area (um2),nets + unicontrolsets,2,Perceptron,0.4,0.1633
asic45_area,ASIC45 Area (um2),nets + unicontrolsets,2,SGDClassifier,0.4,0.1633
asic45_area,ASIC45 Area (um2),ffs + distram,2,LogisticRegression,0.6,0.1633
asic45_area,ASIC45 Area (um2),ffs + distram,2,Perceptron,0.6667,0.0943
asic45_area,ASIC45 Area (um2),ffs + distram,2,SGDClassifier,0.6667,0.1886
asic45_area,ASIC45 Area (um2),ffs + unicontrolsets,2,LogisticRegression,0.4,0.1633
asic45_area,ASIC45 Area (um2),ffs + unicontrolsets,2,Perceptron,0.4,0.1633
asic45_area,ASIC45 Area (um2),ffs + unicontrolsets,2,SGDClassifier,0.4,0.1633
asic45_area,ASIC45 Area (um2),distram + unicontrolsets,2,LogisticRegression,0.5333,0.1886
asic45_area,ASIC45 Area (um2),distram + unicontrolsets,2,Perceptron,0.5333,0.0943
asic45_area,ASIC45 Area (um2),distram + unicontrolsets,2,SGDClassifier,0.4,0.1633
asic45_area,ASIC45 Area (um2),luts + fmax + power,3,LogisticRegression,0.6667,0.0943
asic45_area,ASIC45 Area (um2),luts + fmax + power,3,Perceptron,0.4667,0.0943
asic45_area,ASIC45 Area (um2),luts + fmax + power,3,SGDClassifier,0.5333,0.0943
asic45_area,ASIC45 Area (um2),luts + fmax + nets,3,LogisticRegression,0.7333,0.0943
asic45_area,ASIC45 Area (um2),luts + fmax + nets,3,Perceptron,0.6667,0.0943
asic45_area,ASIC45 Area (um2),luts + fmax + nets,3,SGDClassifier,0.7333,0.1886
asic45_area,ASIC45 Area (um2),luts + fmax + ffs,3,LogisticRegression,0.7333,0.0943
asic45_area,ASIC45 Area (um2),luts + fmax + ffs,3,Perceptron,0.6,0.0
asic45_area,ASIC45 Area (um2),luts + fmax + ffs,3,SGDClassifier,0.5333,0.0943
asic45_area,ASIC45 Area (um2),luts + fmax + distram,3,LogisticRegression,0.6,0.0
asic45_area,ASIC45 Area (um2),luts + fmax + distram,3,Perceptron,0.6,0.1633
asic45_area,ASIC45 Area (um2),luts + fmax + distram,3,SGDClassifier,0.5333,0.2494
asic45_area,ASIC45 Area (um2),luts + fmax + unicontrolsets,3,LogisticRegression,0.6667,0.0943
asic45_area,ASIC45 Area (um2),luts + fmax + unicontrolsets,3,Perceptron,0.5333,0.0943
asic45_area,ASIC45 Area (um2),luts + fmax + unicontrolsets,3,SGDClassifier,0.5333,0.0943
asic45_area,ASIC45 Area (um2),luts + power + nets,3,LogisticRegression,0.5333,0.0943
asic45_area,ASIC45 Area (um2),luts + power + nets,3,Perceptron,0.5333,0.0943
asic45_area,ASIC45 Area (um2),luts + power + nets,3,SGDClassifier,0.4667,0.1886
asic45_area,ASIC45 Area (um2),luts + power + ffs,3,LogisticRegression,0.5333,0.0943
asic45_area,ASIC45 Area (um2),luts + power + ffs,3,Perceptron,0.4667,0.1886
asic45_area,ASIC45 Area (um2),luts + power + ffs,3,SGDClassifier,0.5333,0.0943
asic45_area,ASIC45 Area (um2),luts + power + distram,3,LogisticRegression,0.5333,0.0943
asic45_area,ASIC45 Area (um2),luts + power + distram,3,Perceptron,0.4667,0.0943
asic45_area,ASIC45 Area (um2),luts + power + distram,3,SGDClassifier,0.4667,0.0943
asic45_area,ASIC45 Area (um2),luts + power + unicontrolsets,3,LogisticRegression,0.4667,0.1886
asic45_area,ASIC45 Area (um2),luts + power + unicontrolsets,3,Perceptron,0.4,0.1633
asic45_area,ASIC45 Area (um2),luts + power + unicontrolsets,3,SGDClassifier,0.3333,0.1886
asic45_area,ASIC45 Area (um2),luts + nets + ffs,3,LogisticRegression,0.6,0.1633
asic45_area,ASIC45 Area (um2),luts + nets + ffs,3,Perceptron,0.4,0.1633
asic45_area,ASIC45 Area (um2),luts + nets + ffs,3,SGDClassifier,0.4667,0.0943
asic45_area,ASIC45 Area (um2),luts + nets + distram,3,LogisticRegression,0.5333,0.2494
asic45_area,ASIC45 Area (um2),luts + nets + distram,3,Perceptron,0.6667,0.0943
asic45_area,ASIC45 Area (um2),luts + nets + distram,3,SGDClassifier,0.7333,0.0943
asic45_area,ASIC45 Area (um2),luts + nets + unicontrolsets,3,LogisticRegression,0.5333,0.2494
asic45_area,ASIC45 Area (um2),luts + nets + unicontrolsets,3,Perceptron,0.4667,0.1886
asic45_area,ASIC45 Area (um2),luts + nets + unicontrolsets,3,SGDClassifier,0.4667,0.1886
asic45_area,ASIC45 Area (um2),luts + ffs + distram,3,LogisticRegression,0.5333,0.2494
asic45_area,ASIC45 Area (um2),luts + ffs + distram,3,Perceptron,0.6,0.0
asic45_area,ASIC45 Area (um2),luts + ffs + distram,3,SGDClassifier,0.6,0.0
asic45_area,ASIC45 Area (um2),luts + ffs + unicontrolsets,3,LogisticRegression,0.5333,0.0943
asic45_area,ASIC45 Area (um2),luts + ffs + unicontrolsets,3,Perceptron,0.5333,0.0943
asic45_area,ASIC45 Area (um2),luts + ffs + unicontrolsets,3,SGDClassifier,0.4,0.1633
asic45_area,ASIC45 Area (um2),luts + distram + unicontrolsets,3,LogisticRegression,0.4667,0.1886
asic45_area,ASIC45 Area (um2),luts + distram + unicontrolsets,3,Perceptron,0.5333,0.0943
asic45_area,ASIC45 Area (um2),luts + distram + unicontrolsets,3,SGDClassifier,0.6,0.1633
asic45_area,ASIC45 Area (um2),fmax + power + nets,3,LogisticRegression,0.6667,0.0943
asic45_area,ASIC45 Area (um2),fmax + power + nets,3,Perceptron,0.6667,0.0943
asic45_area,ASIC45 Area (um2),fmax + power + nets,3,SGDClassifier,0.6667,0.0943
asic45_area,ASIC45 Area (um2),fmax + power + ffs,3,LogisticRegression,0.6667,0.0943
asic45_area,ASIC45 Area (um2),fmax + power + ffs,3,Perceptron,0.7333,0.0943
asic45_area,ASIC45 Area (um2),fmax + power + ffs,3,SGDClassifier,0.6667,0.0943
asic45_area,ASIC45 Area (um2),fmax + power + distram,3,LogisticRegression,0.6,0.1633
asic45_area,ASIC45 Area (um2),fmax + power + distram,3,Perceptron,0.5333,0.0943
asic45_area,ASIC45 Area (um2),fmax + power + distram,3,SGDClassifier,0.5333,0.0943
asic45_area,ASIC45 Area (um2),fmax + power + unicontrolsets,3,LogisticRegression,0.6667,0.0943
asic45_area,ASIC45 Area (um2),fmax + power + unicontrolsets,3,Perceptron,0.4,0.1633
asic45_area,ASIC45 Area (um2),fmax + power + unicontrolsets,3,SGDClassifier,0.4,0.1633
asic45_area,ASIC45 Area (um2),fmax + nets + ffs,3,LogisticRegression,0.7333,0.0943
asic45_area,ASIC45 Area (um2),fmax + nets + ffs,3,Perceptron,0.6667,0.0943
asic45_area,ASIC45 Area (um2),fmax + nets + ffs,3,SGDClassifier,0.6,0.0
asic45_area,ASIC45 Area (um2),fmax + nets + distram,3,LogisticRegression,0.6667,0.0943
asic45_area,ASIC45 Area (um2),fmax + nets + distram,3,Perceptron,0.6,0.1633
asic45_area,ASIC45 Area (um2),fmax + nets + distram,3,SGDClassifier,0.6,0.1633
asic45_area,ASIC45 Area (um2),fmax + nets + unicontrolsets,3,LogisticRegression,0.7333,0.0943
asic45_area,ASIC45 Area (um2),fmax + nets + unicontrolsets,3,Perceptron,0.6,0.0
asic45_area,ASIC45 Area (um2),fmax + nets + unicontrolsets,3,SGDClassifier,0.6,0.0
asic45_area,ASIC45 Area (um2),fmax + ffs + distram,3,LogisticRegression,0.7333,0.0943
asic45_area,ASIC45 Area (um2),fmax + ffs + distram,3,Perceptron,0.6667,0.0943
asic45_area,ASIC45 Area (um2),fmax + ffs + distram,3,SGDClassifier,0.7333,0.0943
asic45_area,ASIC45 Area (um2),fmax + ffs + unicontrolsets,3,LogisticRegression,0.6667,0.0943
asic45_area,ASIC45 Area (um2),fmax + ffs + unicontrolsets,3,Perceptron,0.6,0.0
asic45_area,ASIC45 Area (um2),fmax + ffs + unicontrolsets,3,SGDClassifier,0.5333,0.0943
asic45_area,ASIC45 Area (um2),fmax + distram + unicontrolsets,3,LogisticRegression,0.6,0.0
asic45_area,ASIC45 Area (um2),fmax + distram + unicontrolsets,3,Perceptron,0.5333,0.2494
asic45_area,ASIC45 Area (um2),fmax + distram + unicontrolsets,3,SGDClassifier,0.4,0.2828
asic45_area,ASIC45 Area (um2),power + nets + ffs,3,LogisticRegression,0.5333,0.0943
asic45_area,ASIC45 Area (um2),power + nets + ffs,3,Perceptron,0.4,0.1633
asic45_area,ASIC45 Area (um2),power + nets + ffs,3,SGDClassifier,0.6,0.0
asic45_area,ASIC45 Area (um2),power + nets + distram,3,LogisticRegression,0.5333,0.0943
asic45_area,ASIC45 Area (um2),power + nets + distram,3,Perceptron,0.5333,0.0943
asic45_area,ASIC45 Area (um2),power + nets + distram,3,SGDClassifier,0.5333,0.0943
asic45_area,ASIC45 Area (um2),power + nets + unicontrolsets,3,LogisticRegression,0.5333,0.2494
asic45_area,ASIC45 Area (um2),power + nets + unicontrolsets,3,Perceptron,0.4,0.1633
asic45_area,ASIC45 Area (um2),power + nets + unicontrolsets,3,SGDClassifier,0.4,0.1633
asic45_area,ASIC45 Area (um2),power + ffs + distram,3,LogisticRegression,0.4667,0.1886
asic45_area,ASIC45 Area (um2),power + ffs + distram,3,Perceptron,0.6,0.0
asic45_area,ASIC45 Area (um2),power + ffs + distram,3,SGDClassifier,0.4667,0.0943
asic45_area,ASIC45 Area (um2),power + ffs + unicontrolsets,3,LogisticRegression,0.4,0.2828
asic45_area,ASIC45 Area (um2),power + ffs + unicontrolsets,3,Perceptron,0.3333,0.1886
asic45_area,ASIC45 Area (um2),power + ffs + unicontrolsets,3,SGDClassifier,0.3333,0.1886
asic45_area,ASIC45 Area (um2),power + distram + unicontrolsets,3,LogisticRegression,0.4,0.1633
asic45_area,ASIC45 Area (um2),power + distram + unicontrolsets,3,Perceptron,0.4667,0.2494
asic45_area,ASIC45 Area (um2),power + distram + unicontrolsets,3,SGDClassifier,0.4,0.1633
asic45_area,ASIC45 Area (um2),nets + ffs + distram,3,LogisticRegression,0.6,0.1633
asic45_area,ASIC45 Area (um2),nets + ffs + distram,3,Perceptron,0.6,0.0
asic45_area,ASIC45 Area (um2),nets + ffs + distram,3,SGDClassifier,0.6667,0.0943
asic45_area,ASIC45 Area (um2),nets + ffs + unicontrolsets,3,LogisticRegression,0.5333,0.0943
asic45_area,ASIC45 Area (um2),nets + ffs + unicontrolsets,3,Perceptron,0.4,0.1633
asic45_area,ASIC45 Area (um2),nets + ffs + unicontrolsets,3,SGDClassifier,0.4,0.1633
asic45_area,ASIC45 Area (um2),nets + distram + unicontrolsets,3,LogisticRegression,0.4667,0.1886
asic45_area,ASIC45 Area (um2),nets + distram + unicontrolsets,3,Perceptron,0.4,0.1633
asic45_area,ASIC45 Area (um2),nets + distram + unicontrolsets,3,SGDClassifier,0.6,0.0
asic45_area,ASIC45 Area (um2),ffs + distram + unicontrolsets,3,LogisticRegression,0.5333,0.0943
asic45_area,ASIC45 Area (um2),ffs + distram + unicontrolsets,3,Perceptron,0.6,0.0
asic45_area,ASIC45 Area (um2),ffs + distram + unicontrolsets,3,SGDClassifier,0.6,0.1633
asic45_area,ASIC45 Area (um2),luts + fmax + power + nets,4,LogisticRegression,0.6667,0.0943
asic45_area,ASIC45 Area (um2),luts + fmax + power + nets,4,Perceptron,0.8,0.1633
asic45_area,ASIC45 Area (um2),luts + fmax + power + nets,4,SGDClassifier,0.8,0.1633
asic45_area,ASIC45 Area (um2),luts + fmax + power + ffs,4,LogisticRegression,0.7333,0.0943
asic45_area,ASIC45 Area (um2),luts + fmax + power + ffs,4,Perceptron,0.7333,0.0943
asic45_area,ASIC45 Area (um2),luts + fmax + power + ffs,4,SGDClassifier,0.6667,0.0943
asic45_area,ASIC45 Area (um2),luts + fmax + power + distram,4,LogisticRegression,0.6,0.0
asic45_area,ASIC45 Area (um2),luts + fmax + power + distram,4,Perceptron,0.5333,0.0943
asic45_area,ASIC45 Area (um2),luts + fmax + power + distram,4,SGDClassifier,0.5333,0.0943
asic45_area,ASIC45 Area (um2),luts + fmax + power + unicontrolsets,4,LogisticRegression,0.6667,0.0943
asic45_area,ASIC45 Area (um2),luts + fmax + power + unicontrolsets,4,Perceptron,0.5333,0.0943
asic45_area,ASIC45 Area (um2),luts + fmax + power + unicontrolsets,4,SGDClassifier,0.5333,0.0943
asic45_area,ASIC45 Area (um2),luts + fmax + nets + ffs,4,LogisticRegression,0.7333,0.0943
asic45_area,ASIC45 Area (um2),luts + fmax + nets + ffs,4,Perceptron,0.6,0.1633
asic45_area,ASIC45 Area (um2),luts + fmax + nets + ffs,4,SGDClassifier,0.6667,0.0943
asic45_area,ASIC45 Area (um2),luts + fmax + nets + distram,4,LogisticRegression,0.6667,0.0943
asic45_area,ASIC45 Area (um2),luts + fmax + nets + distram,4,Perceptron,0.6,0.1633
asic45_area,ASIC45 Area (um2),luts + fmax + nets + distram,4,SGDClassifier,0.5333,0.2494
asic45_area,ASIC45 Area (um2),luts + fmax + nets + unicontrolsets,4,LogisticRegression,0.7333,0.0943
asic45_area,ASIC45 Area (um2),luts + fmax + nets + unicontrolsets,4,Perceptron,0.6,0.0
asic45_area,ASIC45 Area (um2),luts + fmax + nets + unicontrolsets,4,SGDClassifier,0.5333,0.0943
asic45_area,ASIC45 Area (um2),luts + fmax + ffs + distram,4,LogisticRegression,0.7333,0.0943
asic45_area,ASIC45 Area (um2),luts + fmax + ffs + distram,4,Perceptron,0.6,0.0
asic45_area,ASIC45 Area (um2),luts + fmax + ffs + distram,4,SGDClassifier,0.6,0.0
asic45_area,ASIC45 Area (um2),luts + fmax + ffs + unicontrolsets,4,LogisticRegression,0.6667,0.0943
asic45_area,ASIC45 Area (um2),luts + fmax + ffs + unicontrolsets,4,Perceptron,0.6,0.0
asic45_area,ASIC45 Area (um2),luts + fmax + ffs + unicontrolsets,4,SGDClassifier,0.6,0.1633
asic45_area,ASIC45 Area (um2),luts + fmax + distram + unicontrolsets,4,LogisticRegression,0.6,0.0
asic45_area,ASIC45 Area (um2),luts + fmax + distram + unicontrolsets,4,Perceptron,0.5333,0.0943
asic45_area,ASIC45 Area (um2),luts + fmax + distram + unicontrolsets,4,SGDClassifier,0.5333,0.0943
asic45_area,ASIC45 Area (um2),luts + power + nets + ffs,4,LogisticRegression,0.6,0.1633
asic45_area,ASIC45 Area (um2),luts + power + nets + ffs,4,Perceptron,0.5333,0.0943
asic45_area,ASIC45 Area (um2),luts + power + nets + ffs,4,SGDClassifier,0.4,0.1633
asic45_area,ASIC45 Area (um2),luts + power + nets + distram,4,LogisticRegression,0.4667,0.1886
asic45_area,ASIC45 Area (um2),luts + power + nets + distram,4,Perceptron,0.6667,0.0943
asic45_area,ASIC45 Area (um2),luts + power + nets + distram,4,SGDClassifier,0.6,0.1633
asic45_area,ASIC45 Area (um2),luts + power + nets + unicontrolsets,4,LogisticRegression,0.6,0.1633
asic45_area,ASIC45 Area (um2),luts + power + nets + unicontrolsets,4,Perceptron,0.4,0.1633
asic45_area,ASIC45 Area (um2),luts + power + nets + unicontrolsets,4,SGDClassifier,0.5333,0.0943
asic45_area,ASIC45 Area (um2),luts + power + ffs + distram,4,LogisticRegression,0.4667,0.1886
asic45_area,ASIC45 Area (um2),luts + power + ffs + distram,4,Perceptron,0.5333,0.0943
asic45_area,ASIC45 Area (um2),luts + power + ffs + distram,4,SGDClassifier,0.4667,0.0943
asic45_area,ASIC45 Area (um2),luts + power + ffs + unicontrolsets,4,LogisticRegression,0.4667,0.0943
asic45_area,ASIC45 Area (um2),luts + power + ffs + unicontrolsets,4,Perceptron,0.4,0.1633
asic45_area,ASIC45 Area (um2),luts + power + ffs + unicontrolsets,4,SGDClassifier,0.4667,0.0943
asic45_area,ASIC45 Area (um2),luts + power + distram + unicontrolsets,4,LogisticRegression,0.4667,0.1886
asic45_area,ASIC45 Area (um2),luts + power + distram + unicontrolsets,4,Perceptron,0.5333,0.0943
asic45_area,ASIC45 Area (um2),luts + power + distram + unicontrolsets,4,SGDClassifier,0.4,0.0
asic45_area,ASIC45 Area (um2),luts + nets + ffs + distram,4,LogisticRegression,0.5333,0.2494
asic45_area,ASIC45 Area (um2),luts + nets + ffs + distram,4,Perceptron,0.5333,0.0943
asic45_area,ASIC45 Area (um2),luts + nets + ffs + distram,4,SGDClassifier,0.4667,0.0943
asic45_area,ASIC45 Area (um2),luts + nets + ffs + unicontrolsets,4,LogisticRegression,0.5333,0.0943
asic45_area,ASIC45 Area (um2),luts + nets + ffs + unicontrolsets,4,Perceptron,0.4,0.1633
asic45_area,ASIC45 Area (um2),luts + nets + ffs + unicontrolsets,4,SGDClassifier,0.4667,0.0943
asic45_area,ASIC45 Area (um2),luts + nets + distram + unicontrolsets,4,LogisticRegression,0.4667,0.1886
asic45_area,ASIC45 Area (um2),luts + nets + distram + unicontrolsets,4,Perceptron,0.5333,0.0943
asic45_area,ASIC45 Area (um2),luts + nets + distram + unicontrolsets,4,SGDClassifier,0.6667,0.0943
asic45_area,ASIC45 Area (um2),luts + ffs + distram + unicontrolsets,4,LogisticRegression,0.4667,0.1886
asic45_area,ASIC45 Area (um2),luts + ffs + distram + unicontrolsets,4,Perceptron,0.5333,0.0943
asic45_area,ASIC45 Area (um2),luts + ffs + distram + unicontrolsets,4,SGDClassifier,0.4667,0.0943
asic45_area,ASIC45 Area (um2),fmax + power + nets + ffs,4,LogisticRegression,0.7333,0.0943
asic45_area,ASIC45 Area (um2),fmax + power + nets + ffs,4,Perceptron,0.5333,0.0943
asic45_area,ASIC45 Area (um2),fmax + power + nets + ffs,4,SGDClassifier,0.5333,0.0943
asic45_area,ASIC45 Area (um2),fmax + power + nets + distram,4,LogisticRegression,0.6,0.0
asic45_area,ASIC45 Area (um2),fmax + power + nets + distram,4,Perceptron,0.5333,0.0943
asic45_area,ASIC45 Area (um2),fmax + power + nets + distram,4,SGDClassifier,0.4667,0.1886
asic45_area,ASIC45 Area (um2),fmax + power + nets + unicontrolsets,4,LogisticRegression,0.6667,0.0943
asic45_area,ASIC45 Area (um2),fmax + power + nets + unicontrolsets,4,Perceptron,0.6,0.0
asic45_area,ASIC45 Area (um2),fmax + power + nets + unicontrolsets,4,SGDClassifier,0.5333,0.0943
asic45_area,ASIC45 Area (um2),fmax + power + ffs + distram,4,LogisticRegression,0.6,0.0
asic45_area,ASIC45 Area (um2),fmax + power + ffs + distram,4,Perceptron,0.5333,0.0943
asic45_area,ASIC45 Area (um2),fmax + power + ffs + distram,4,SGDClassifier,0.6,0.1633
asic45_area,ASIC45 Area (um2),fmax + power + ffs + unicontrolsets,4,LogisticRegression,0.6667,0.0943
asic45_area,ASIC45 Area (um2),fmax + power + ffs + unicontrolsets,4,Perceptron,0.6,0.1633
asic45_area,ASIC45 Area (um2),fmax + power + ffs + unicontrolsets,4,SGDClassifier,0.4667,0.1886
asic45_area,ASIC45 Area (um2),fmax + power + distram + unicontrolsets,4,LogisticRegression,0.5333,0.0943
asic45_area,ASIC45 Area (um2),fmax + power + distram + unicontrolsets,4,Perceptron,0.4667,0.1886
asic45_area,ASIC45 Area (um2),fmax + power + distram + unicontrolsets,4,SGDClassifier,0.5333,0.0943
asic45_area,ASIC45 Area (um2),fmax + nets + ffs + distram,4,LogisticRegression,0.7333,0.0943
asic45_area,ASIC45 Area (um2),fmax + nets + ffs + distram,4,Perceptron,0.6667,0.0943
asic45_area,ASIC45 Area (um2),fmax + nets + ffs + distram,4,SGDClassifier,0.5333,0.0943
asic45_area,ASIC45 Area (um2),fmax + nets + ffs + unicontrolsets,4,LogisticRegression,0.6667,0.0943
asic45_area,ASIC45 Area (um2),fmax + nets + ffs + unicontrolsets,4,Perceptron,0.7333,0.0943
asic45_area,ASIC45 Area (um2),fmax + nets + ffs + unicontrolsets,4,SGDClassifier,0.5333,0.0943
asic45_area,ASIC45 Area (um2),fmax + nets + distram + unicontrolsets,4,LogisticRegression,0.6,0.0
asic45_area,ASIC45 Area (um2),fmax + nets + distram + unicontrolsets,4,Perceptron,0.4,0.1633
asic45_area,ASIC45 Area (um2),fmax + nets + distram + unicontrolsets,4,SGDClassifier,0.4667,0.1886
asic45_area,ASIC45 Area (um2),fmax + ffs + distram + unicontrolsets,4,LogisticRegression,0.6667,0.0943
asic45_area,ASIC45 Area (um2),fmax + ffs + distram + unicontrolsets,4,Perceptron,0.6667,0.0943
asic45_area,ASIC45 Area (um2),fmax + ffs + distram + unicontrolsets,4,SGDClassifier,0.5333,0.0943
asic45_area,ASIC45 Area (um2),power + nets + ffs + distram,4,LogisticRegression,0.4667,0.1886
asic45_area,ASIC45 Area (um2),power + nets + ffs + distram,4,Perceptron,0.6,0.0
asic45_area,ASIC45 Area (um2),power + nets + ffs + distram,4,SGDClassifier,0.5333,0.0943
asic45_area,ASIC45 Area (um2),power + nets + ffs + unicontrolsets,4,LogisticRegression,0.4667,0.0943
asic45_area,ASIC45 Area (um2),power + nets + ffs + unicontrolsets,4,Perceptron,0.3333,0.1886
asic45_area,ASIC45 Area (um2),power + nets + ffs + unicontrolsets,4,SGDClassifier,0.5333,0.0943
asic45_area,ASIC45 Area (um2),power + nets + distram + unicontrolsets,4,LogisticRegression,0.4667,0.1886
asic45_area,ASIC45 Area (um2),power + nets + distram + unicontrolsets,4,Perceptron,0.5333,0.0943
asic45_area,ASIC45 Area (um2),power + nets + distram + unicontrolsets,4,SGDClassifier,0.4,0.1633
asic45_area,ASIC45 Area (um2),power + ffs + distram + unicontrolsets,4,LogisticRegression,0.4,0.1633
asic45_area,ASIC45 Area (um2),power + ffs + distram + unicontrolsets,4,Perceptron,0.5333,0.0943
asic45_area,ASIC45 Area (um2),power + ffs + distram + unicontrolsets,4,SGDClassifier,0.4,0.1633
asic45_area,ASIC45 Area (um2),nets + ffs + distram + unicontrolsets,4,LogisticRegression,0.4667,0.1886
asic45_area,ASIC45 Area (um2),nets + ffs + distram + unicontrolsets,4,Perceptron,0.4667,0.0943
asic45_area,ASIC45 Area (um2),nets + ffs + distram + unicontrolsets,4,SGDClassifier,0.5333,0.0943
asic45_area,ASIC45 Area (um2),luts + fmax + power + nets + ffs,5,LogisticRegression,0.7333,0.0943
asic45_area,ASIC45 Area (um2),luts + fmax + power + nets + ffs,5,Perceptron,0.5333,0.0943
asic45_area,ASIC45 Area (um2),luts + fmax + power + nets + ffs,5,SGDClassifier,0.5333,0.0943
asic45_area,ASIC45 Area (um2),luts + fmax + power + nets + distram,5,LogisticRegression,0.6,0.0
asic45_area,ASIC45 Area (um2),luts + fmax + power + nets + distram,5,Perceptron,0.6,0.1633
asic45_area,ASIC45 Area (um2),luts + fmax + power + nets + distram,5,SGDClassifier,0.4667,0.1886
asic45_area,ASIC45 Area (um2),luts + fmax + power + nets + unicontrolsets,5,LogisticRegression,0.6667,0.0943
asic45_area,ASIC45 Area (um2),luts + fmax + power + nets + unicontrolsets,5,Perceptron,0.5333,0.0943
asic45_area,ASIC45 Area (um2),luts + fmax + power + nets + unicontrolsets,5,SGDClassifier,0.6,0.1633
asic45_area,ASIC45 Area (um2),luts + fmax + power + ffs + distram,5,LogisticRegression,0.6,0.0
asic45_area,ASIC45 Area (um2),luts + fmax + power + ffs + distram,5,Perceptron,0.5333,0.0943
asic45_area,ASIC45 Area (um2),luts + fmax + power + ffs + distram,5,SGDClassifier,0.6,0.1633
asic45_area,ASIC45 Area (um2),luts + fmax + power + ffs + unicontrolsets,5,LogisticRegression,0.6667,0.0943
asic45_area,ASIC45 Area (um2),luts + fmax + power + ffs + unicontrolsets,5,Perceptron,0.5333,0.0943
asic45_area,ASIC45 Area (um2),luts + fmax + power + ffs + unicontrolsets,5,SGDClassifier,0.5333,0.0943
asic45_area,ASIC45 Area (um2),luts + fmax + power + distram + unicontrolsets,5,LogisticRegression,0.6,0.0
asic45_area,ASIC45 Area (um2),luts + fmax + power + distram + unicontrolsets,5,Perceptron,0.4,0.1633
asic45_area,ASIC45 Area (um2),luts + fmax + power + distram + unicontrolsets,5,SGDClassifier,0.4,0.1633
asic45_area,ASIC45 Area (um2),luts + fmax + nets + ffs + distram,5,LogisticRegression,0.6667,0.0943
asic45_area,ASIC45 Area (um2),luts + fmax + nets + ffs + distram,5,Perceptron,0.6,0.0
asic45_area,ASIC45 Area (um2),luts + fmax + nets + ffs + distram,5,SGDClassifier,0.6,0.1633
asic45_area,ASIC45 Area (um2),luts + fmax + nets + ffs + unicontrolsets,5,LogisticRegression,0.6667,0.0943
asic45_area,ASIC45 Area (um2),luts + fmax + nets + ffs + unicontrolsets,5,Perceptron,0.6,0.0
asic45_area,ASIC45 Area (um2),luts + fmax + nets + ffs + unicontrolsets,5,SGDClassifier,0.6,0.0
asic45_area,ASIC45 Area (um2),luts + fmax + nets + distram + unicontrolsets,5,LogisticRegression,0.6,0.0
asic45_area,ASIC45 Area (um2),luts + fmax + nets + distram + unicontrolsets,5,Perceptron,0.4667,0.1886
asic45_area,ASIC45 Area (um2),luts + fmax + nets + distram + unicontrolsets,5,SGDClassifier,0.6,0.0
asic45_area,ASIC45 Area (um2),luts + fmax + ffs + distram + unicontrolsets,5,LogisticRegression,0.6,0.0
asic45_area,ASIC45 Area (um2),luts + fmax + ffs + distram + unicontrolsets,5,Perceptron,0.5333,0.0943
asic45_area,ASIC45 Area (um2),luts + fmax + ffs + distram + unicontrolsets,5,SGDClassifier,0.4667,0.0943
asic45_area,ASIC45 Area (um2),luts + power + nets + ffs + distram,5,LogisticRegression,0.5333,0.2494
asic45_area,ASIC45 Area (um2),luts + power + nets + ffs + distram,5,Perceptron,0.5333,0.0943
asic45_area,ASIC45 Area (um2),luts + power + nets + ffs + distram,5,SGDClassifier,0.4,0.1633
asic45_area,ASIC45 Area (um2),luts + power + nets + ffs + unicontrolsets,5,LogisticRegression,0.5333,0.0943
asic45_area,ASIC45 Area (um2),luts + power + nets + ffs + unicontrolsets,5,Perceptron,0.4667,0.1886
asic45_area,ASIC45 Area (um2),luts + power + nets + ffs + unicontrolsets,5,SGDClassifier,0.6,0.1633
asic45_area,ASIC45 Area (um2),luts + power + nets + distram + unicontrolsets,5,LogisticRegression,0.4667,0.1886
asic45_area,ASIC45 Area (um2),luts + power + nets + distram + unicontrolsets,5,Perceptron,0.5333,0.0943
asic45_area,ASIC45 Area (um2),luts + power + nets + distram + unicontrolsets,5,SGDClassifier,0.4667,0.0943
asic45_area,ASIC45 Area (um2),luts + power + ffs + distram + unicontrolsets,5,LogisticRegression,0.4667,0.1886
asic45_area,ASIC45 Area (um2),luts + power + ffs + distram + unicontrolsets,5,Perceptron,0.5333,0.0943
asic45_area,ASIC45 Area (um2),luts + power + ffs + distram + unicontrolsets,5,SGDClassifier,0.3333,0.0943
asic45_area,ASIC45 Area (um2),luts + nets + ffs + distram + unicontrolsets,5,LogisticRegression,0.4667,0.1886
asic45_area,ASIC45 Area (um2),luts + nets + ffs + distram + unicontrolsets,5,Perceptron,0.4667,0.0943
asic45_area,ASIC45 Area (um2),luts + nets + ffs + distram + unicontrolsets,5,SGDClassifier,0.4,0.0
asic45_area,ASIC45 Area (um2),fmax + power + nets + ffs + distram,5,LogisticRegression,0.6667,0.0943
asic45_area,ASIC45 Area (um2),fmax + power + nets + ffs + distram,5,Perceptron,0.6,0.1633
asic45_area,ASIC45 Area (um2),fmax + power + nets + ffs + distram,5,SGDClassifier,0.6667,0.0943
asic45_area,ASIC45 Area (um2),fmax + power + nets + ffs + unicontrolsets,5,LogisticRegression,0.6667,0.0943
asic45_area,ASIC45 Area (um2),fmax + power + nets + ffs + unicontrolsets,5,Perceptron,0.5333,0.0943
asic45_area,ASIC45 Area (um2),fmax + power + nets + ffs + unicontrolsets,5,SGDClassifier,0.6667,0.0943
asic45_area,ASIC45 Area (um2),fmax + power + nets + distram + unicontrolsets,5,LogisticRegression,0.6,0.0
asic45_area,ASIC45 Area (um2),fmax + power + nets + distram + unicontrolsets,5,Perceptron,0.4667,0.0943
asic45_area,ASIC45 Area (um2),fmax + power + nets + distram + unicontrolsets,5,SGDClassifier,0.4667,0.0943
asic45_area,ASIC45 Area (um2),fmax + power + ffs + distram + unicontrolsets,5,LogisticRegression,0.6,0.0
asic45_area,ASIC45 Area (um2),fmax + power + ffs + distram + unicontrolsets,5,Perceptron,0.4667,0.0943
asic45_area,ASIC45 Area (um2),fmax + power + ffs + distram + unicontrolsets,5,SGDClassifier,0.4667,0.0943
asic45_area,ASIC45 Area (um2),fmax + nets + ffs + distram + unicontrolsets,5,LogisticRegression,0.6667,0.0943
asic45_area,ASIC45 Area (um2),fmax + nets + ffs + distram + unicontrolsets,5,Perceptron,0.6,0.0
asic45_area,ASIC45 Area (um2),fmax + nets + ffs + distram + unicontrolsets,5,SGDClassifier,0.6,0.0
asic45_area,ASIC45 Area (um2),power + nets + ffs + distram + unicontrolsets,5,LogisticRegression,0.4,0.1633
asic45_area,ASIC45 Area (um2),power + nets + ffs + distram + unicontrolsets,5,Perceptron,0.5333,0.0943
asic45_area,ASIC45 Area (um2),power + nets + ffs + distram + unicontrolsets,5,SGDClassifier,0.5333,0.0943
asic45_area,ASIC45 Area (um2),luts + fmax + power + nets + ffs + distram,6,LogisticRegression,0.6667,0.0943
asic45_area,ASIC45 Area (um2),luts + fmax + power + nets + ffs + distram,6,Perceptron,0.6,0.0
asic45_area,ASIC45 Area (um2),luts + fmax + power + nets + ffs + distram,6,SGDClassifier,0.6,0.0
asic45_area,ASIC45 Area (um2),luts + fmax + power + nets + ffs + unicontrolsets,6,LogisticRegression,0.6667,0.0943
asic45_area,ASIC45 Area (um2),luts + fmax + power + nets + ffs + unicontrolsets,6,Perceptron,0.5333,0.0943
asic45_area,ASIC45 Area (um2),luts + fmax + power + nets + ffs + unicontrolsets,6,SGDClassifier,0.6,0.1633
asic45_area,ASIC45 Area (um2),luts + fmax + power + nets + distram + unicontrolsets,6,LogisticRegression,0.6,0.0
asic45_area,ASIC45 Area (um2),luts + fmax + power + nets + distram + unicontrolsets,6,Perceptron,0.4667,0.0943
asic45_area,ASIC45 Area (um2),luts + fmax + power + nets + distram + unicontrolsets,6,SGDClassifier,0.4667,0.0943
asic45_area,ASIC45 Area (um2),luts + fmax + power + ffs + distram + unicontrolsets,6,LogisticRegression,0.6,0.0
asic45_area,ASIC45 Area (um2),luts + fmax + power + ffs + distram + unicontrolsets,6,Perceptron,0.4667,0.0943
asic45_area,ASIC45 Area (um2),luts + fmax + power + ffs + distram + unicontrolsets,6,SGDClassifier,0.4667,0.0943
asic45_area,ASIC45 Area (um2),luts + fmax + nets + ffs + distram + unicontrolsets,6,LogisticRegression,0.6,0.0
asic45_area,ASIC45 Area (um2),luts + fmax + nets + ffs + distram + unicontrolsets,6,Perceptron,0.5333,0.0943
asic45_area,ASIC45 Area (um2),luts + fmax + nets + ffs + distram + unicontrolsets,6,SGDClassifier,0.5333,0.0943
asic45_area,ASIC45 Area (um2),luts + power + nets + ffs + distram + unicontrolsets,6,LogisticRegression,0.4667,0.1886
asic45_area,ASIC45 Area (um2),luts + power + nets + ffs + distram + unicontrolsets,6,Perceptron,0.4667,0.0943
asic45_area,ASIC45 Area (um2),luts + power + nets + ffs + distram + unicontrolsets,6,SGDClassifier,0.5333,0.0943
asic45_area,ASIC45 Area (um2),fmax + power + nets + ffs + distram + unicontrolsets,6,LogisticRegression,0.6,0.0
asic45_area,ASIC45 Area (um2),fmax + power + nets + ffs + distram + unicontrolsets,6,Perceptron,0.5333,0.0943
asic45_area,ASIC45 Area (um2),fmax + power + nets + ffs + distram + unicontrolsets,6,SGDClassifier,0.6,0.0
asic45_area,ASIC45 Area (um2),luts + fmax + power + nets + ffs + distram + unicontrolsets,7,LogisticRegression,0.6,0.0
asic45_area,ASIC45 Area (um2),luts + fmax + power + nets + ffs + distram + unicontrolsets,7,Perceptron,0.5333,0.0943
asic45_area,ASIC45 Area (um2),luts + fmax + power + nets + ffs + distram + unicontrolsets,7,SGDClassifier,0.5333,0.0943
asic45_fmax,ASIC45 Fmax (MHz),luts,1,LogisticRegression,0.4,0.1633
asic45_fmax,ASIC45 Fmax (MHz),luts,1,Perceptron,0.4667,0.0943
asic45_fmax,ASIC45 Fmax (MHz),luts,1,SGDClassifier,0.4667,0.0943
asic45_fmax,ASIC45 Fmax (MHz),fmax,1,LogisticRegression,0.8667,0.0943
asic45_fmax,ASIC45 Fmax (MHz),fmax,1,Perceptron,0.7333,0.0943
asic45_fmax,ASIC45 Fmax (MHz),fmax,1,SGDClassifier,0.8667,0.1886
asic45_fmax,ASIC45 Fmax (MHz),power,1,LogisticRegression,0.3333,0.0943
asic45_fmax,ASIC45 Fmax (MHz),power,1,Perceptron,0.4,0.1633
asic45_fmax,ASIC45 Fmax (MHz),power,1,SGDClassifier,0.4,0.1633
asic45_fmax,ASIC45 Fmax (MHz),nets,1,LogisticRegression,0.4,0.1633
asic45_fmax,ASIC45 Fmax (MHz),nets,1,Perceptron,0.5333,0.0943
asic45_fmax,ASIC45 Fmax (MHz),nets,1,SGDClassifier,0.5333,0.0943
asic45_fmax,ASIC45 Fmax (MHz),ffs,1,LogisticRegression,0.4,0.1633
asic45_fmax,ASIC45 Fmax (MHz),ffs,1,Perceptron,0.4,0.1633
asic45_fmax,ASIC45 Fmax (MHz),ffs,1,SGDClassifier,0.3333,0.1886
asic45_fmax,ASIC45 Fmax (MHz),distram,1,LogisticRegression,0.2667,0.0943
asic45_fmax,ASIC45 Fmax (MHz),distram,1,Perceptron,0.3333,0.0943
asic45_fmax,ASIC45 Fmax (MHz),distram,1,SGDClassifier,0.3333,0.0943
asic45_fmax,ASIC45 Fmax (MHz),unicontrolsets,1,LogisticRegression,0.3333,0.1886
asic45_fmax,ASIC45 Fmax (MHz),unicontrolsets,1,Perceptron,0.4,0.1633
asic45_fmax,ASIC45 Fmax (MHz),unicontrolsets,1,SGDClassifier,0.3333,0.0943
asic45_fmax,ASIC45 Fmax (MHz),luts + fmax,2,LogisticRegression,0.6667,0.1886
asic45_fmax,ASIC45 Fmax (MHz),luts + fmax,2,Perceptron,0.9333,0.0943
asic45_fmax,ASIC45 Fmax (MHz),luts + fmax,2,SGDClassifier,1.0,0.0
asic45_fmax,ASIC45 Fmax (MHz),luts + power,2,LogisticRegression,0.4667,0.2494
asic45_fmax,ASIC45 Fmax (MHz),luts + power,2,Perceptron,0.4667,0.0943
asic45_fmax,ASIC45 Fmax (MHz),luts + power,2,SGDClassifier,0.5333,0.0943
asic45_fmax,ASIC45 Fmax (MHz),luts + nets,2,LogisticRegression,0.4667,0.1886
asic45_fmax,ASIC45 Fmax (MHz),luts + nets,2,Perceptron,0.4667,0.0943
asic45_fmax,ASIC45 Fmax (MHz),luts + nets,2,SGDClassifier,0.5333,0.0943
asic45_fmax,ASIC45 Fmax (MHz),luts + ffs,2,LogisticRegression,0.4667,0.1886
asic45_fmax,ASIC45 Fmax (MHz),luts + ffs,2,Perceptron,0.6,0.1633
asic45_fmax,ASIC45 Fmax (MHz),luts + ffs,2,SGDClassifier,0.4667,0.2494
asic45_fmax,ASIC45 Fmax (MHz),luts + distram,2,LogisticRegression,0.5333,0.2494
asic45_fmax,ASIC45 Fmax (MHz),luts + distram,2,Perceptron,0.6667,0.0943
asic45_fmax,ASIC45 Fmax (MHz),luts + distram,2,SGDClassifier,0.6,0.0
asic45_fmax,ASIC45 Fmax (MHz),luts + unicontrolsets,2,LogisticRegression,0.4,0.1633
asic45_fmax,ASIC45 Fmax (MHz),luts + unicontrolsets,2,Perceptron,0.4667,0.0943
asic45_fmax,ASIC45 Fmax (MHz),luts + unicontrolsets,2,SGDClassifier,0.5333,0.0943
asic45_fmax,ASIC45 Fmax (MHz),fmax + power,2,LogisticRegression,0.6667,0.1886
asic45_fmax,ASIC45 Fmax (MHz),fmax + power,2,Perceptron,0.6667,0.1886
asic45_fmax,ASIC45 Fmax (MHz),fmax + power,2,SGDClassifier,0.6,0.1633
asic45_fmax,ASIC45 Fmax (MHz),fmax + nets,2,LogisticRegression,0.6667,0.1886
asic45_fmax,ASIC45 Fmax (MHz),fmax + nets,2,Perceptron,0.8,0.1633
asic45_fmax,ASIC45 Fmax (MHz),fmax + nets,2,SGDClassifier,0.8,0.1633
asic45_fmax,ASIC45 Fmax (MHz),fmax + ffs,2,LogisticRegression,0.8,0.0
asic45_fmax,ASIC45 Fmax (MHz),fmax + ffs,2,Perceptron,0.7333,0.0943
asic45_fmax,ASIC45 Fmax (MHz),fmax + ffs,2,SGDClassifier,0.5333,0.0943
asic45_fmax,ASIC45 Fmax (MHz),fmax + distram,2,LogisticRegression,0.8667,0.0943
asic45_fmax,ASIC45 Fmax (MHz),fmax + distram,2,Perceptron,0.8667,0.0943
asic45_fmax,ASIC45 Fmax (MHz),fmax + distram,2,SGDClassifier,0.9333,0.0943
asic45_fmax,ASIC45 Fmax (MHz),fmax + unicontrolsets,2,LogisticRegression,0.8,0.0
asic45_fmax,ASIC45 Fmax (MHz),fmax + unicontrolsets,2,Perceptron,0.8,0.1633
asic45_fmax,ASIC45 Fmax (MHz),fmax + unicontrolsets,2,SGDClassifier,0.8,0.1633
asic45_fmax,ASIC45 Fmax (MHz),power + nets,2,LogisticRegression,0.4,0.1633
asic45_fmax,ASIC45 Fmax (MHz),power + nets,2,Perceptron,0.4667,0.0943
asic45_fmax,ASIC45 Fmax (MHz),power + nets,2,SGDClassifier,0.5333,0.0943
asic45_fmax,ASIC45 Fmax (MHz),power + ffs,2,LogisticRegression,0.3333,0.1886
asic45_fmax,ASIC45 Fmax (MHz),power + ffs,2,Perceptron,0.4,0.1633
asic45_fmax,ASIC45 Fmax (MHz),power + ffs,2,SGDClassifier,0.3333,0.0943
asic45_fmax,ASIC45 Fmax (MHz),power + distram,2,LogisticRegression,0.3333,0.0943
asic45_fmax,ASIC45 Fmax (MHz),power + distram,2,Perceptron,0.4,0.0
asic45_fmax,ASIC45 Fmax (MHz),power + distram,2,SGDClassifier,0.4,0.0
asic45_fmax,ASIC45 Fmax (MHz),power + unicontrolsets,2,LogisticRegression,0.3333,0.1886
asic45_fmax,ASIC45 Fmax (MHz),power + unicontrolsets,2,Perceptron,0.3333,0.1886
asic45_fmax,ASIC45 Fmax (MHz),power + unicontrolsets,2,SGDClassifier,0.4,0.1633
asic45_fmax,ASIC45 Fmax (MHz),nets + ffs,2,LogisticRegression,0.4667,0.1886
asic45_fmax,ASIC45 Fmax (MHz),nets + ffs,2,Perceptron,0.6667,0.0943
asic45_fmax,ASIC45 Fmax (MHz),nets + ffs,2,SGDClassifier,0.5333,0.2494
asic45_fmax,ASIC45 Fmax (MHz),nets + distram,2,LogisticRegression,0.5333,0.2494
asic45_fmax,ASIC45 Fmax (MHz),nets + distram,2,Perceptron,0.5333,0.2494
asic45_fmax,ASIC45 Fmax (MHz),nets + distram,2,SGDClassifier,0.6667,0.1886
asic45_fmax,ASIC45 Fmax (MHz),nets + unicontrolsets,2,LogisticRegression,0.4667,0.1886
asic45_fmax,ASIC45 Fmax (MHz),nets + unicontrolsets,2,Perceptron,0.4667,0.0943
asic45_fmax,ASIC45 Fmax (MHz),nets + unicontrolsets,2,SGDClassifier,0.5333,0.0943
asic45_fmax,ASIC45 Fmax (MHz),ffs + distram,2,LogisticRegression,0.6,0.2828
asic45_fmax,ASIC45 Fmax (MHz),ffs + distram,2,Perceptron,0.4667,0.0943
asic45_fmax,ASIC45 Fmax (MHz),ffs + distram,2,SGDClassifier,0.6,0.0
asic45_fmax,ASIC45 Fmax (MHz),ffs + unicontrolsets,2,LogisticRegression,0.4,0.1633
asic45_fmax,ASIC45 Fmax (MHz),ffs + unicontrolsets,2,Perceptron,0.4667,0.0943
asic45_fmax,ASIC45 Fmax (MHz),ffs + unicontrolsets,2,SGDClassifier,0.5333,0.0943
asic45_fmax,ASIC45 Fmax (MHz),distram + unicontrolsets,2,LogisticRegression,0.4667,0.1886
asic45_fmax,ASIC45 Fmax (MHz),distram + unicontrolsets,2,Perceptron,0.5333,0.1886
asic45_fmax,ASIC45 Fmax (MHz),distram + unicontrolsets,2,SGDClassifier,0.4,0.1633
asic45_fmax,ASIC45 Fmax (MHz),luts + fmax + power,3,LogisticRegression,0.6667,0.1886
asic45_fmax,ASIC45 Fmax (MHz),luts + fmax + power,3,Perceptron,0.6667,0.2494
asic45_fmax,ASIC45 Fmax (MHz),luts + fmax + power,3,SGDClassifier,0.8,0.1633
asic45_fmax,ASIC45 Fmax (MHz),luts + fmax + nets,3,LogisticRegression,0.6667,0.1886
asic45_fmax,ASIC45 Fmax (MHz),luts + fmax + nets,3,Perceptron,0.8667,0.0943
asic45_fmax,ASIC45 Fmax (MHz),luts + fmax + nets,3,SGDClassifier,0.6667,0.0943
asic45_fmax,ASIC45 Fmax (MHz),luts + fmax + ffs,3,LogisticRegression,0.6667,0.1886
asic45_fmax,ASIC45 Fmax (MHz),luts + fmax + ffs,3,Perceptron,0.8667,0.1886
asic45_fmax,ASIC45 Fmax (MHz),luts + fmax + ffs,3,SGDClassifier,0.5333,0.0943
asic45_fmax,ASIC45 Fmax (MHz),luts + fmax + distram,3,LogisticRegression,0.7333,0.0943
asic45_fmax,ASIC45 Fmax (MHz),luts + fmax + distram,3,Perceptron,0.8,0.1633
asic45_fmax,ASIC45 Fmax (MHz),luts + fmax + distram,3,SGDClassifier,0.8,0.1633
asic45_fmax,ASIC45 Fmax (MHz),luts + fmax + unicontrolsets,3,LogisticRegression,0.6667,0.1886
asic45_fmax,ASIC45 Fmax (MHz),luts + fmax + unicontrolsets,3,Perceptron,0.8,0.1633
asic45_fmax,ASIC45 Fmax (MHz),luts + fmax + unicontrolsets,3,SGDClassifier,0.8,0.1633
asic45_fmax,ASIC45 Fmax (MHz),luts + power + nets,3,LogisticRegression,0.4,0.1633
asic45_fmax,ASIC45 Fmax (MHz),luts + power + nets,3,Perceptron,0.5333,0.0943
asic45_fmax,ASIC45 Fmax (MHz),luts + power + nets,3,SGDClassifier,0.6,0.0
asic45_fmax,ASIC45 Fmax (MHz),luts + power + ffs,3,LogisticRegression,0.4,0.1633
asic45_fmax,ASIC45 Fmax (MHz),luts + power + ffs,3,Perceptron,0.5333,0.0943
asic45_fmax,ASIC45 Fmax (MHz),luts + power + ffs,3,SGDClassifier,0.5333,0.0943
asic45_fmax,ASIC45 Fmax (MHz),luts + power + distram,3,LogisticRegression,0.4667,0.1886
asic45_fmax,ASIC45 Fmax (MHz),luts + power + distram,3,Perceptron,0.4667,0.0943
asic45_fmax,ASIC45 Fmax (MHz),luts + power + distram,3,SGDClassifier,0.4667,0.2494
asic45_fmax,ASIC45 Fmax (MHz),luts + power + unicontrolsets,3,LogisticRegression,0.4,0.1633
asic45_fmax,ASIC45 Fmax (MHz),luts + power + unicontrolsets,3,Perceptron,0.3333,0.0943
asic45_fmax,ASIC45 Fmax (MHz),luts + power + unicontrolsets,3,SGDClassifier,0.4667,0.0943
asic45_fmax,ASIC45 Fmax (MHz),luts + nets + ffs,3,LogisticRegression,0.4667,0.1886
asic45_fmax,ASIC45 Fmax (MHz),luts + nets + ffs,3,Perceptron,0.6,0.1633
asic45_fmax,ASIC45 Fmax (MHz),luts + nets + ffs,3,SGDClassifier,0.6,0.1633
asic45_fmax,ASIC45 Fmax (MHz),luts + nets + distram,3,LogisticRegression,0.5333,0.2494
asic45_fmax,ASIC45 Fmax (MHz),luts + nets + distram,3,Perceptron,0.6,0.1633
asic45_fmax,ASIC45 Fmax (MHz),luts + nets + distram,3,SGDClassifier,0.6,0.1633
asic45_fmax,ASIC45 Fmax (MHz),luts + nets + unicontrolsets,3,LogisticRegression,0.4667,0.1886
asic45_fmax,ASIC45 Fmax (MHz),luts + nets + unicontrolsets,3,Perceptron,0.4667,0.0943
asic45_fmax,ASIC45 Fmax (MHz),luts + nets + unicontrolsets,3,SGDClassifier,0.6667,0.0943
asic45_fmax,ASIC45 Fmax (MHz),luts + ffs + distram,3,LogisticRegression,0.6,0.2828
asic45_fmax,ASIC45 Fmax (MHz),luts + ffs + distram,3,Perceptron,0.7333,0.2494
asic45_fmax,ASIC45 Fmax (MHz),luts + ffs + distram,3,SGDClassifier,0.6,0.0
asic45_fmax,ASIC45 Fmax (MHz),luts + ffs + unicontrolsets,3,LogisticRegression,0.4667,0.1886
asic45_fmax,ASIC45 Fmax (MHz),luts + ffs + unicontrolsets,3,Perceptron,0.5333,0.2494
asic45_fmax,ASIC45 Fmax (MHz),luts + ffs + unicontrolsets,3,SGDClassifier,0.6,0.1633
asic45_fmax,ASIC45 Fmax (MHz),luts + distram + unicontrolsets,3,LogisticRegression,0.5333,0.2494
asic45_fmax,ASIC45 Fmax (MHz),luts + distram + unicontrolsets,3,Perceptron,0.6,0.1633
asic45_fmax,ASIC45 Fmax (MHz),luts + distram + unicontrolsets,3,SGDClassifier,0.7333,0.0943
asic45_fmax,ASIC45 Fmax (MHz),fmax + power + nets,3,LogisticRegression,0.6667,0.1886
asic45_fmax,ASIC45 Fmax (MHz),fmax + power + nets,3,Perceptron,0.7333,0.2494
asic45_fmax,ASIC45 Fmax (MHz),fmax + power + nets,3,SGDClassifier,0.7333,0.2494
asic45_fmax,ASIC45 Fmax (MHz),fmax + power + ffs,3,LogisticRegression,0.6667,0.1886
asic45_fmax,ASIC45 Fmax (MHz),fmax + power + ffs,3,Perceptron,0.8,0.1633
asic45_fmax,ASIC45 Fmax (MHz),fmax + power + ffs,3,SGDClassifier,0.8,0.0
asic45_fmax,ASIC45 Fmax (MHz),fmax + power + distram,3,LogisticRegression,0.7333,0.0943
asic45_fmax,ASIC45 Fmax (MHz),fmax + power + distram,3,Perceptron,0.7333,0.0943
asic45_fmax,ASIC45 Fmax (MHz),fmax + power + distram,3,SGDClassifier,0.7333,0.0943
asic45_fmax,ASIC45 Fmax (MHz),fmax + power + unicontrolsets,3,LogisticRegression,0.6667,0.1886
asic45_fmax,ASIC45 Fmax (MHz),fmax + power + unicontrolsets,3,Perceptron,0.6,0.1633
asic45_fmax,ASIC45 Fmax (MHz),fmax + power + unicontrolsets,3,SGDClassifier,0.5333,0.1886
asic45_fmax,ASIC45 Fmax (MHz),fmax + nets + ffs,3,LogisticRegression,0.6667,0.1886
asic45_fmax,ASIC45 Fmax (MHz),fmax + nets + ffs,3,Perceptron,0.8,0.1633
asic45_fmax,ASIC45 Fmax (MHz),fmax + nets + ffs,3,SGDClassifier,0.8667,0.0943
asic45_fmax,ASIC45 Fmax (MHz),fmax + nets + distram,3,LogisticRegression,0.7333,0.0943
asic45_fmax,ASIC45 Fmax (MHz),fmax + nets + distram,3,Perceptron,0.8667,0.0943
asic45_fmax,ASIC45 Fmax (MHz),fmax + nets + distram,3,SGDClassifier,0.8667,0.0943
asic45_fmax,ASIC45 Fmax (MHz),fmax + nets + unicontrolsets,3,LogisticRegression,0.6667,0.1886
asic45_fmax,ASIC45 Fmax (MHz),fmax + nets + unicontrolsets,3,Perceptron,0.8,0.1633
asic45_fmax,ASIC45 Fmax (MHz),fmax + nets + unicontrolsets,3,SGDClassifier,0.9333,0.0943
asic45_fmax,ASIC45 Fmax (MHz),fmax + ffs + distram,3,LogisticRegression,0.8,0.0
asic45_fmax,ASIC45 Fmax (MHz),fmax + ffs + distram,3,Perceptron,0.8,0.1633
asic45_fmax,ASIC45 Fmax (MHz),fmax + ffs + distram,3,SGDClassifier,0.8,0.1633
asic45_fmax,ASIC45 Fmax (MHz),fmax + ffs + unicontrolsets,3,LogisticRegression,0.7333,0.0943
asic45_fmax,ASIC45 Fmax (MHz),fmax + ffs + unicontrolsets,3,Perceptron,0.8667,0.0943
asic45_fmax,ASIC45 Fmax (MHz),fmax + ffs + unicontrolsets,3,SGDClassifier,0.8,0.0
asic45_fmax,ASIC45 Fmax (MHz),fmax + distram + unicontrolsets,3,LogisticRegression,0.7333,0.0943
asic45_fmax,ASIC45 Fmax (MHz),fmax + distram + unicontrolsets,3,Perceptron,0.7333,0.2494
asic45_fmax,ASIC45 Fmax (MHz),fmax + distram + unicontrolsets,3,SGDClassifier,0.9333,0.0943
asic45_fmax,ASIC45 Fmax (MHz),power + nets + ffs,3,LogisticRegression,0.4,0.1633
asic45_fmax,ASIC45 Fmax (MHz),power + nets + ffs,3,Perceptron,0.5333,0.0943
asic45_fmax,ASIC45 Fmax (MHz),power + nets + ffs,3,SGDClassifier,0.4667,0.1886
asic45_fmax,ASIC45 Fmax (MHz),power + nets + distram,3,LogisticRegression,0.4667,0.1886
asic45_fmax,ASIC45 Fmax (MHz),power + nets + distram,3,Perceptron,0.6667,0.1886
asic45_fmax,ASIC45 Fmax (MHz),power + nets + distram,3,SGDClassifier,0.4,0.1633
asic45_fmax,ASIC45 Fmax (MHz),power + nets + unicontrolsets,3,LogisticRegression,0.4,0.1633
asic45_fmax,ASIC45 Fmax (MHz),power + nets + unicontrolsets,3,Perceptron,0.3333,0.1886
asic45_fmax,ASIC45 Fmax (MHz),power + nets + unicontrolsets,3,SGDClassifier,0.4,0.1633
asic45_fmax,ASIC45 Fmax (MHz),power + ffs + distram,3,LogisticRegression,0.4667,0.2494
asic45_fmax,ASIC45 Fmax (MHz),power + ffs + distram,3,Perceptron,0.5333,0.0943
asic45_fmax,ASIC45 Fmax (MHz),power + ffs + distram,3,SGDClassifier,0.4,0.1633
asic45_fmax,ASIC45 Fmax (MHz),power + ffs + unicontrolsets,3,LogisticRegression,0.3333,0.1886
asic45_fmax,ASIC45 Fmax (MHz),power + ffs + unicontrolsets,3,Perceptron,0.4,0.2828
asic45_fmax,ASIC45 Fmax (MHz),power + ffs + unicontrolsets,3,SGDClassifier,0.4,0.2828
asic45_fmax,ASIC45 Fmax (MHz),power + distram + unicontrolsets,3,LogisticRegression,0.3333,0.1886
asic45_fmax,ASIC45 Fmax (MHz),power + distram + unicontrolsets,3,Perceptron,0.3333,0.1886
asic45_fmax,ASIC45 Fmax (MHz),power + distram + unicontrolsets,3,SGDClassifier,0.4667,0.2494
asic45_fmax,ASIC45 Fmax (MHz),nets + ffs + distram,3,LogisticRegression,0.6,0.2828
asic45_fmax,ASIC45 Fmax (MHz),nets + ffs + distram,3,Perceptron,0.6667,0.1886
asic45_fmax,ASIC45 Fmax (MHz),nets + ffs + distram,3,SGDClassifier,0.6,0.2828
asic45_fmax,ASIC45 Fmax (MHz),nets + ffs + unicontrolsets,3,LogisticRegression,0.4667,0.1886
asic45_fmax,ASIC45 Fmax (MHz),nets + ffs + unicontrolsets,3,Perceptron,0.4,0.1633
asic45_fmax,ASIC45 Fmax (MHz),nets + ffs + unicontrolsets,3,SGDClassifier,0.5333,0.2494
asic45_fmax,ASIC45 Fmax (MHz),nets + distram + unicontrolsets,3,LogisticRegression,0.5333,0.2494
asic45_fmax,ASIC45 Fmax (MHz),nets + distram + unicontrolsets,3,Perceptron,0.5333,0.2494
asic45_fmax,ASIC45 Fmax (MHz),nets + distram + unicontrolsets,3,SGDClassifier,0.6,0.0
asic45_fmax,ASIC45 Fmax (MHz),ffs + distram + unicontrolsets,3,LogisticRegression,0.5333,0.2494
asic45_fmax,ASIC45 Fmax (MHz),ffs + distram + unicontrolsets,3,Perceptron,0.6,0.1633
asic45_fmax,ASIC45 Fmax (MHz),ffs + distram + unicontrolsets,3,SGDClassifier,0.4667,0.1886
asic45_fmax,ASIC45 Fmax (MHz),luts + fmax + power + nets,4,LogisticRegression,0.6667,0.1886
asic45_fmax,ASIC45 Fmax (MHz),luts + fmax + power + nets,4,Perceptron,0.8,0.1633
asic45_fmax,ASIC45 Fmax (MHz),luts + fmax + power + nets,4,SGDClassifier,0.7333,0.2494
asic45_fmax,ASIC45 Fmax (MHz),luts + fmax + power + ffs,4,LogisticRegression,0.6667,0.1886
asic45_fmax,ASIC45 Fmax (MHz),luts + fmax + power + ffs,4,Perceptron,0.6,0.1633
asic45_fmax,ASIC45 Fmax (MHz),luts + fmax + power + ffs,4,SGDClassifier,0.6,0.1633
asic45_fmax,ASIC45 Fmax (MHz),luts + fmax + power + distram,4,LogisticRegression,0.6667,0.1886
asic45_fmax,ASIC45 Fmax (MHz),luts + fmax + power + distram,4,Perceptron,0.7333,0.0943
asic45_fmax,ASIC45 Fmax (MHz),luts + fmax + power + distram,4,SGDClassifier,0.7333,0.0943
asic45_fmax,ASIC45 Fmax (MHz),luts + fmax + power + unicontrolsets,4,LogisticRegression,0.6667,0.1886
asic45_fmax,ASIC45 Fmax (MHz),luts + fmax + power + unicontrolsets,4,Perceptron,0.6667,0.1886
asic45_fmax,ASIC45 Fmax (MHz),luts + fmax + power + unicontrolsets,4,SGDClassifier,0.6,0.1633
asic45_fmax,ASIC45 Fmax (MHz),luts + fmax + nets + ffs,4,LogisticRegression,0.6667,0.1886
asic45_fmax,ASIC45 Fmax (MHz),luts + fmax + nets + ffs,4,Perceptron,0.8,0.1633
asic45_fmax,ASIC45 Fmax (MHz),luts + fmax + nets + ffs,4,SGDClassifier,0.8667,0.0943
asic45_fmax,ASIC45 Fmax (MHz),luts + fmax + nets + distram,4,LogisticRegression,0.6667,0.1886
asic45_fmax,ASIC45 Fmax (MHz),luts + fmax + nets + distram,4,Perceptron,0.7333,0.0943
asic45_fmax,ASIC45 Fmax (MHz),luts + fmax + nets + distram,4,SGDClassifier,0.8,0.1633
asic45_fmax,ASIC45 Fmax (MHz),luts + fmax + nets + unicontrolsets,4,LogisticRegression,0.6667,0.1886
asic45_fmax,ASIC45 Fmax (MHz),luts + fmax + nets + unicontrolsets,4,Perceptron,0.6667,0.0943
asic45_fmax,ASIC45 Fmax (MHz),luts + fmax + nets + unicontrolsets,4,SGDClassifier,0.7333,0.1886
asic45_fmax,ASIC45 Fmax (MHz),luts + fmax + ffs + distram,4,LogisticRegression,0.7333,0.0943
asic45_fmax,ASIC45 Fmax (MHz),luts + fmax + ffs + distram,4,Perceptron,0.6667,0.0943
asic45_fmax,ASIC45 Fmax (MHz),luts + fmax + ffs + distram,4,SGDClassifier,0.7333,0.1886
asic45_fmax,ASIC45 Fmax (MHz),luts + fmax + ffs + unicontrolsets,4,LogisticRegression,0.6667,0.1886
asic45_fmax,ASIC45 Fmax (MHz),luts + fmax + ffs + unicontrolsets,4,Perceptron,0.6667,0.2494
asic45_fmax,ASIC45 Fmax (MHz),luts + fmax + ffs + unicontrolsets,4,SGDClassifier,0.6667,0.2494
asic45_fmax,ASIC45 Fmax (MHz),luts + fmax + distram + unicontrolsets,4,LogisticRegression,0.6667,0.1886
asic45_fmax,ASIC45 Fmax (MHz),luts + fmax + distram + unicontrolsets,4,Perceptron,0.6667,0.1886
asic45_fmax,ASIC45 Fmax (MHz),luts + fmax + distram + unicontrolsets,4,SGDClassifier,0.8,0.1633
asic45_fmax,ASIC45 Fmax (MHz),luts + power + nets + ffs,4,LogisticRegression,0.4,0.1633
asic45_fmax,ASIC45 Fmax (MHz),luts + power + nets + ffs,4,Perceptron,0.4667,0.0943
asic45_fmax,ASIC45 Fmax (MHz),luts + power + nets + ffs,4,SGDClassifier,0.5333,0.0943
asic45_fmax,ASIC45 Fmax (MHz),luts + power + nets + distram,4,LogisticRegression,0.4667,0.1886
asic45_fmax,ASIC45 Fmax (MHz),luts + power + nets + distram,4,Perceptron,0.6,0.1633
asic45_fmax,ASIC45 Fmax (MHz),luts + power + nets + distram,4,SGDClassifier,0.4,0.2828
asic45_fmax,ASIC45 Fmax (MHz),luts + power + nets + unicontrolsets,4,LogisticRegression,0.4,0.1633
asic45_fmax,ASIC45 Fmax (MHz),luts + power + nets + unicontrolsets,4,Perceptron,0.4667,0.0943
asic45_fmax,ASIC45 Fmax (MHz),luts + power + nets + unicontrolsets,4,SGDClassifier,0.5333,0.0943
asic45_fmax,ASIC45 Fmax (MHz),luts + power + ffs + distram,4,LogisticRegression,0.6,0.1633
asic45_fmax,ASIC45 Fmax (MHz),luts + power + ffs + distram,4,Perceptron,0.4,0.2828
asic45_fmax,ASIC45 Fmax (MHz),luts + power + ffs + distram,4,SGDClassifier,0.4667,0.2494
asic45_fmax,ASIC45 Fmax (MHz),luts + power + ffs + unicontrolsets,4,LogisticRegression,0.4,0.1633
asic45_fmax,ASIC45 Fmax (MHz),luts + power + ffs + unicontrolsets,4,Perceptron,0.4,0.1633
asic45_fmax,ASIC45 Fmax (MHz),luts + power + ffs + unicontrolsets,4,SGDClassifier,0.6,0.0
asic45_fmax,ASIC45 Fmax (MHz),luts + power + distram + unicontrolsets,4,LogisticRegression,0.4667,0.1886
asic45_fmax,ASIC45 Fmax (MHz),luts + power + distram + unicontrolsets,4,Perceptron,0.6667,0.1886
asic45_fmax,ASIC45 Fmax (MHz),luts + power + distram + unicontrolsets,4,SGDClassifier,0.5333,0.2494
asic45_fmax,ASIC45 Fmax (MHz),luts + nets + ffs + distram,4,LogisticRegression,0.6,0.2828
asic45_fmax,ASIC45 Fmax (MHz),luts + nets + ffs + distram,4,Perceptron,0.5333,0.1886
asic45_fmax,ASIC45 Fmax (MHz),luts + nets + ffs + distram,4,SGDClassifier,0.4667,0.2494
asic45_fmax,ASIC45 Fmax (MHz),luts + nets + ffs + unicontrolsets,4,LogisticRegression,0.4667,0.1886
asic45_fmax,ASIC45 Fmax (MHz),luts + nets + ffs + unicontrolsets,4,Perceptron,0.7333,0.1886
asic45_fmax,ASIC45 Fmax (MHz),luts + nets + ffs + unicontrolsets,4,SGDClassifier,0.7333,0.1886
asic45_fmax,ASIC45 Fmax (MHz),luts + nets + distram + unicontrolsets,4,LogisticRegression,0.5333,0.2494
asic45_fmax,ASIC45 Fmax (MHz),luts + nets + distram + unicontrolsets,4,Perceptron,0.6667,0.0943
asic45_fmax,ASIC45 Fmax (MHz),luts + nets + distram + unicontrolsets,4,SGDClassifier,0.6,0.1633
asic45_fmax,ASIC45 Fmax (MHz),luts + ffs + distram + unicontrolsets,4,LogisticRegression,0.6,0.2828
asic45_fmax,ASIC45 Fmax (MHz),luts + ffs + distram + unicontrolsets,4,Perceptron,0.6667,0.1886
asic45_fmax,ASIC45 Fmax (MHz),luts + ffs + distram + unicontrolsets,4,SGDClassifier,0.6,0.1633
asic45_fmax,ASIC45 Fmax (MHz),fmax + power + nets + ffs,4,LogisticRegression,0.6667,0.1886
asic45_fmax,ASIC45 Fmax (MHz),fmax + power + nets + ffs,4,Perceptron,0.6,0.1633
asic45_fmax,ASIC45 Fmax (MHz),fmax + power + nets + ffs,4,SGDClassifier,0.7333,0.0943
asic45_fmax,ASIC45 Fmax (MHz),fmax + power + nets + distram,4,LogisticRegression,0.6667,0.1886
asic45_fmax,ASIC45 Fmax (MHz),fmax + power + nets + distram,4,Perceptron,0.6667,0.1886
asic45_fmax,ASIC45 Fmax (MHz),fmax + power + nets + distram,4,SGDClassifier,0.7333,0.0943
asic45_fmax,ASIC45 Fmax (MHz),fmax + power + nets + unicontrolsets,4,LogisticRegression,0.6667,0.1886
asic45_fmax,ASIC45 Fmax (MHz),fmax + power + nets + unicontrolsets,4,Perceptron,0.6,0.0
asic45_fmax,ASIC45 Fmax (MHz),fmax + power + nets + unicontrolsets,4,SGDClassifier,0.6667,0.1886
asic45_fmax,ASIC45 Fmax (MHz),fmax + power + ffs + distram,4,LogisticRegression,0.6667,0.1886
asic45_fmax,ASIC45 Fmax (MHz),fmax + power + ffs + distram,4,Perceptron,0.6667,0.0943
asic45_fmax,ASIC45 Fmax (MHz),fmax + power + ffs + distram,4,SGDClassifier,0.6667,0.0943
asic45_fmax,ASIC45 Fmax (MHz),fmax + power + ffs + unicontrolsets,4,LogisticRegression,0.6667,0.1886
asic45_fmax,ASIC45 Fmax (MHz),fmax + power + ffs + unicontrolsets,4,Perceptron,0.6,0.1633
asic45_fmax,ASIC45 Fmax (MHz),fmax + power + ffs + unicontrolsets,4,SGDClassifier,0.6,0.1633
asic45_fmax,ASIC45 Fmax (MHz),fmax + power + distram + unicontrolsets,4,LogisticRegression,0.6667,0.1886
asic45_fmax,ASIC45 Fmax (MHz),fmax + power + distram + unicontrolsets,4,Perceptron,0.8,0.0
asic45_fmax,ASIC45 Fmax (MHz),fmax + power + distram + unicontrolsets,4,SGDClassifier,0.6667,0.0943
asic45_fmax,ASIC45 Fmax (MHz),fmax + nets + ffs + distram,4,LogisticRegression,0.7333,0.0943
asic45_fmax,ASIC45 Fmax (MHz),fmax + nets + ffs + distram,4,Perceptron,0.6667,0.0943
asic45_fmax,ASIC45 Fmax (MHz),fmax + nets + ffs + distram,4,SGDClassifier,0.8,0.1633
asic45_fmax,ASIC45 Fmax (MHz),fmax + nets + ffs + unicontrolsets,4,LogisticRegression,0.6667,0.1886
asic45_fmax,ASIC45 Fmax (MHz),fmax + nets + ffs + unicontrolsets,4,Perceptron,0.7333,0.1886
asic45_fmax,ASIC45 Fmax (MHz),fmax + nets + ffs + unicontrolsets,4,SGDClassifier,0.7333,0.2494
asic45_fmax,ASIC45 Fmax (MHz),fmax + nets + distram + unicontrolsets,4,LogisticRegression,0.6667,0.1886
asic45_fmax,ASIC45 Fmax (MHz),fmax + nets + distram + unicontrolsets,4,Perceptron,0.8,0.1633
asic45_fmax,ASIC45 Fmax (MHz),fmax + nets + distram + unicontrolsets,4,SGDClassifier,0.8667,0.0943
asic45_fmax,ASIC45 Fmax (MHz),fmax + ffs + distram + unicontrolsets,4,LogisticRegression,0.7333,0.0943
asic45_fmax,ASIC45 Fmax (MHz),fmax + ffs + distram + unicontrolsets,4,Perceptron,0.8,0.1633
asic45_fmax,ASIC45 Fmax (MHz),fmax + ffs + distram + unicontrolsets,4,SGDClassifier,0.8667,0.0943
asic45_fmax,ASIC45 Fmax (MHz),power + nets + ffs + distram,4,LogisticRegression,0.6,0.1633
asic45_fmax,ASIC45 Fmax (MHz),power + nets + ffs + distram,4,Perceptron,0.5333,0.0943
asic45_fmax,ASIC45 Fmax (MHz),power + nets + ffs + distram,4,SGDClassifier,0.4667,0.2494
asic45_fmax,ASIC45 Fmax (MHz),power + nets + ffs + unicontrolsets,4,LogisticRegression,0.4,0.1633
asic45_fmax,ASIC45 Fmax (MHz),power + nets + ffs + unicontrolsets,4,Perceptron,0.4667,0.0943
asic45_fmax,ASIC45 Fmax (MHz),power + nets + ffs + unicontrolsets,4,SGDClassifier,0.3333,0.1886
asic45_fmax,ASIC45 Fmax (MHz),power + nets + distram + unicontrolsets,4,LogisticRegression,0.4667,0.1886
asic45_fmax,ASIC45 Fmax (MHz),power + nets + distram + unicontrolsets,4,Perceptron,0.4667,0.0943
asic45_fmax,ASIC45 Fmax (MHz),power + nets + distram + unicontrolsets,4,SGDClassifier,0.5333,0.0943
asic45_fmax,ASIC45 Fmax (MHz),power + ffs + distram + unicontrolsets,4,LogisticRegression,0.5333,0.1886
asic45_fmax,ASIC45 Fmax (MHz),power + ffs + distram + unicontrolsets,4,Perceptron,0.4667,0.2494
asic45_fmax,ASIC45 Fmax (MHz),power + ffs + distram + unicontrolsets,4,SGDClassifier,0.4667,0.2494
asic45_fmax,ASIC45 Fmax (MHz),nets + ffs + distram + unicontrolsets,4,LogisticRegression,0.6,0.2828
asic45_fmax,ASIC45 Fmax (MHz),nets + ffs + distram + unicontrolsets,4,Perceptron,0.5333,0.0943
asic45_fmax,ASIC45 Fmax (MHz),nets + ffs + distram + unicontrolsets,4,SGDClassifier,0.7333,0.2494
asic45_fmax,ASIC45 Fmax (MHz),luts + fmax + power + nets + ffs,5,LogisticRegression,0.6667,0.1886
asic45_fmax,ASIC45 Fmax (MHz),luts + fmax + power + nets + ffs,5,Perceptron,0.6667,0.1886
asic45_fmax,ASIC45 Fmax (MHz),luts + fmax + power + nets + ffs,5,SGDClassifier,0.6667,0.0943
asic45_fmax,ASIC45 Fmax (MHz),luts + fmax + power + nets + distram,5,LogisticRegression,0.6667,0.1886
asic45_fmax,ASIC45 Fmax (MHz),luts + fmax + power + nets + distram,5,Perceptron,0.6667,0.0943
asic45_fmax,ASIC45 Fmax (MHz),luts + fmax + power + nets + distram,5,SGDClassifier,0.7333,0.0943
asic45_fmax,ASIC45 Fmax (MHz),luts + fmax + power + nets + unicontrolsets,5,LogisticRegression,0.6667,0.1886
asic45_fmax,ASIC45 Fmax (MHz),luts + fmax + power + nets + unicontrolsets,5,Perceptron,0.5333,0.0943
asic45_fmax,ASIC45 Fmax (MHz),luts + fmax + power + nets + unicontrolsets,5,SGDClassifier,0.4667,0.0943
asic45_fmax,ASIC45 Fmax (MHz),luts + fmax + power + ffs + distram,5,LogisticRegression,0.6667,0.1886
asic45_fmax,ASIC45 Fmax (MHz),luts + fmax + power + ffs + distram,5,Perceptron,0.7333,0.0943
asic45_fmax,ASIC45 Fmax (MHz),luts + fmax + power + ffs + distram,5,SGDClassifier,0.8,0.0
asic45_fmax,ASIC45 Fmax (MHz),luts + fmax + power + ffs + unicontrolsets,5,LogisticRegression,0.6667,0.1886
asic45_fmax,ASIC45 Fmax (MHz),luts + fmax + power + ffs + unicontrolsets,5,Perceptron,0.6,0.1633
asic45_fmax,ASIC45 Fmax (MHz),luts + fmax + power + ffs + unicontrolsets,5,SGDClassifier,0.5333,0.0943
asic45_fmax,ASIC45 Fmax (MHz),luts + fmax + power + distram + unicontrolsets,5,LogisticRegression,0.6667,0.1886
asic45_fmax,ASIC45 Fmax (MHz),luts + fmax + power + distram + unicontrolsets,5,Perceptron,0.7333,0.0943
asic45_fmax,ASIC45 Fmax (MHz),luts + fmax + power + distram + unicontrolsets,5,SGDClassifier,0.7333,0.0943
asic45_fmax,ASIC45 Fmax (MHz),luts + fmax + nets + ffs + distram,5,LogisticRegression,0.7333,0.0943
asic45_fmax,ASIC45 Fmax (MHz),luts + fmax + nets + ffs + distram,5,Perceptron,0.6,0.1633
asic45_fmax,ASIC45 Fmax (MHz),luts + fmax + nets + ffs + distram,5,SGDClassifier,0.7333,0.0943
asic45_fmax,ASIC45 Fmax (MHz),luts + fmax + nets + ffs + unicontrolsets,5,LogisticRegression,0.6667,0.1886
asic45_fmax,ASIC45 Fmax (MHz),luts + fmax + nets + ffs + unicontrolsets,5,Perceptron,0.6,0.3266
asic45_fmax,ASIC45 Fmax (MHz),luts + fmax + nets + ffs + unicontrolsets,5,SGDClassifier,0.6667,0.2494
asic45_fmax,ASIC45 Fmax (MHz),luts + fmax + nets + distram + unicontrolsets,5,LogisticRegression,0.6667,0.1886
asic45_fmax,ASIC45 Fmax (MHz),luts + fmax + nets + distram + unicontrolsets,5,Perceptron,0.7333,0.0943
asic45_fmax,ASIC45 Fmax (MHz),luts + fmax + nets + distram + unicontrolsets,5,SGDClassifier,0.8,0.1633
asic45_fmax,ASIC45 Fmax (MHz),luts + fmax + ffs + distram + unicontrolsets,5,LogisticRegression,0.6667,0.1886
asic45_fmax,ASIC45 Fmax (MHz),luts + fmax + ffs + distram + unicontrolsets,5,Perceptron,0.8,0.1633
asic45_fmax,ASIC45 Fmax (MHz),luts + fmax + ffs + distram + unicontrolsets,5,SGDClassifier,0.6667,0.2494
asic45_fmax,ASIC45 Fmax (MHz),luts + power + nets + ffs + distram,5,LogisticRegression,0.6,0.1633
asic45_fmax,ASIC45 Fmax (MHz),luts + power + nets + ffs + distram,5,Perceptron,0.5333,0.0943
asic45_fmax,ASIC45 Fmax (MHz),luts + power + nets + ffs + distram,5,SGDClassifier,0.6667,0.1886
asic45_fmax,ASIC45 Fmax (MHz),luts + power + nets + ffs + unicontrolsets,5,LogisticRegression,0.4,0.1633
asic45_fmax,ASIC45 Fmax (MHz),luts + power + nets + ffs + unicontrolsets,5,Perceptron,0.4,0.1633
asic45_fmax,ASIC45 Fmax (MHz),luts + power + nets + ffs + unicontrolsets,5,SGDClassifier,0.4667,0.1886
asic45_fmax,ASIC45 Fmax (MHz),luts + power + nets + distram + unicontrolsets,5,LogisticRegression,0.4667,0.1886
asic45_fmax,ASIC45 Fmax (MHz),luts + power + nets + distram + unicontrolsets,5,Perceptron,0.5333,0.1886
asic45_fmax,ASIC45 Fmax (MHz),luts + power + nets + distram + unicontrolsets,5,SGDClassifier,0.4667,0.0943
asic45_fmax,ASIC45 Fmax (MHz),luts + power + ffs + distram + unicontrolsets,5,LogisticRegression,0.6,0.1633
asic45_fmax,ASIC45 Fmax (MHz),luts + power + ffs + distram + unicontrolsets,5,Perceptron,0.3333,0.1886
asic45_fmax,ASIC45 Fmax (MHz),luts + power + ffs + distram + unicontrolsets,5,SGDClassifier,0.4667,0.0943
asic45_fmax,ASIC45 Fmax (MHz),luts + nets + ffs + distram + unicontrolsets,5,LogisticRegression,0.6,0.2828
asic45_fmax,ASIC45 Fmax (MHz),luts + nets + ffs + distram + unicontrolsets,5,Perceptron,0.5333,0.2494
asic45_fmax,ASIC45 Fmax (MHz),luts + nets + ffs + distram + unicontrolsets,5,SGDClassifier,0.6,0.3266
asic45_fmax,ASIC45 Fmax (MHz),fmax + power + nets + ffs + distram,5,LogisticRegression,0.7333,0.2494
asic45_fmax,ASIC45 Fmax (MHz),fmax + power + nets + ffs + distram,5,Perceptron,0.6,0.1633
asic45_fmax,ASIC45 Fmax (MHz),fmax + power + nets + ffs + distram,5,SGDClassifier,0.7333,0.0943
asic45_fmax,ASIC45 Fmax (MHz),fmax + power + nets + ffs + unicontrolsets,5,LogisticRegression,0.6667,0.1886
asic45_fmax,ASIC45 Fmax (MHz),fmax + power + nets + ffs + unicontrolsets,5,Perceptron,0.6,0.1633
asic45_fmax,ASIC45 Fmax (MHz),fmax + power + nets + ffs + unicontrolsets,5,SGDClassifier,0.6,0.1633
asic45_fmax,ASIC45 Fmax (MHz),fmax + power + nets + distram + unicontrolsets,5,LogisticRegression,0.6667,0.1886
asic45_fmax,ASIC45 Fmax (MHz),fmax + power + nets + distram + unicontrolsets,5,Perceptron,0.7333,0.0943
asic45_fmax,ASIC45 Fmax (MHz),fmax + power + nets + distram + unicontrolsets,5,SGDClassifier,0.7333,0.0943
asic45_fmax,ASIC45 Fmax (MHz),fmax + power + ffs + distram + unicontrolsets,5,LogisticRegression,0.6667,0.1886
asic45_fmax,ASIC45 Fmax (MHz),fmax + power + ffs + distram + unicontrolsets,5,Perceptron,0.7333,0.0943
asic45_fmax,ASIC45 Fmax (MHz),fmax + power + ffs + distram + unicontrolsets,5,SGDClassifier,0.6667,0.0943
asic45_fmax,ASIC45 Fmax (MHz),fmax + nets + ffs + distram + unicontrolsets,5,LogisticRegression,0.7333,0.0943
asic45_fmax,ASIC45 Fmax (MHz),fmax + nets + ffs + distram + unicontrolsets,5,Perceptron,0.8667,0.0943
asic45_fmax,ASIC45 Fmax (MHz),fmax + nets + ffs + distram + unicontrolsets,5,SGDClassifier,0.8,0.1633
asic45_fmax,ASIC45 Fmax (MHz),power + nets + ffs + distram + unicontrolsets,5,LogisticRegression,0.6,0.1633
asic45_fmax,ASIC45 Fmax (MHz),power + nets + ffs + distram + unicontrolsets,5,Perceptron,0.4,0.1633
asic45_fmax,ASIC45 Fmax (MHz),power + nets + ffs + distram + unicontrolsets,5,SGDClassifier,0.3333,0.1886
asic45_fmax,ASIC45 Fmax (MHz),luts + fmax + power + nets + ffs + distram,6,LogisticRegression,0.7333,0.2494
asic45_fmax,ASIC45 Fmax (MHz),luts + fmax + power + nets + ffs + distram,6,Perceptron,0.7333,0.0943
asic45_fmax,ASIC45 Fmax (MHz),luts + fmax + power + nets + ffs + distram,6,SGDClassifier,0.7333,0.0943
asic45_fmax,ASIC45 Fmax (MHz),luts + fmax + power + nets + ffs + unicontrolsets,6,LogisticRegression,0.6667,0.1886
asic45_fmax,ASIC45 Fmax (MHz),luts + fmax + power + nets + ffs + unicontrolsets,6,Perceptron,0.6,0.1633
asic45_fmax,ASIC45 Fmax (MHz),luts + fmax + power + nets + ffs + unicontrolsets,6,SGDClassifier,0.6,0.1633
asic45_fmax,ASIC45 Fmax (MHz),luts + fmax + power + nets + distram + unicontrolsets,6,LogisticRegression,0.6667,0.1886
asic45_fmax,ASIC45 Fmax (MHz),luts + fmax + power + nets + distram + unicontrolsets,6,Perceptron,0.6667,0.1886
asic45_fmax,ASIC45 Fmax (MHz),luts + fmax + power + nets + distram + unicontrolsets,6,SGDClassifier,0.7333,0.0943
asic45_fmax,ASIC45 Fmax (MHz),luts + fmax + power + ffs + distram + unicontrolsets,6,LogisticRegression,0.7333,0.2494
asic45_fmax,ASIC45 Fmax (MHz),luts + fmax + power + ffs + distram + unicontrolsets,6,Perceptron,0.6667,0.1886
asic45_fmax,ASIC45 Fmax (MHz),luts + fmax + power + ffs + distram + unicontrolsets,6,SGDClassifier,0.7333,0.0943
asic45_fmax,ASIC45 Fmax (MHz),luts + fmax + nets + ffs + distram + unicontrolsets,6,LogisticRegression,0.6667,0.1886
asic45_fmax,ASIC45 Fmax (MHz),luts + fmax + nets + ffs + distram + unicontrolsets,6,Perceptron,0.8,0.1633
asic45_fmax,ASIC45 Fmax (MHz),luts + fmax + nets + ffs + distram + unicontrolsets,6,SGDClassifier,0.8667,0.0943
asic45_fmax,ASIC45 Fmax (MHz),luts + power + nets + ffs + distram + unicontrolsets,6,LogisticRegression,0.6,0.1633
asic45_fmax,ASIC45 Fmax (MHz),luts + power + nets + ffs + distram + unicontrolsets,6,Perceptron,0.5333,0.2494
asic45_fmax,ASIC45 Fmax (MHz),luts + power + nets + ffs + distram + unicontrolsets,6,SGDClassifier,0.5333,0.0943
asic45_fmax,ASIC45 Fmax (MHz),fmax + power + nets + ffs + distram + unicontrolsets,6,LogisticRegression,0.7333,0.2494
asic45_fmax,ASIC45 Fmax (MHz),fmax + power + nets + ffs + distram + unicontrolsets,6,Perceptron,0.6667,0.1886
asic45_fmax,ASIC45 Fmax (MHz),fmax + power + nets + ffs + distram + unicontrolsets,6,SGDClassifier,0.6667,0.1886
asic45_fmax,ASIC45 Fmax (MHz),luts + fmax + power + nets + ffs + distram + unicontrolsets,7,LogisticRegression,0.7333,0.2494
asic45_fmax,ASIC45 Fmax (MHz),luts + fmax + power + nets + ffs + distram + unicontrolsets,7,Perceptron,0.6667,0.1886
asic45_fmax,ASIC45 Fmax (MHz),luts + fmax + power + nets + ffs + distram + unicontrolsets,7,SGDClassifier,0.7333,0.0943
asic45_power,ASIC45 Power (mW),luts,1,LogisticRegression,0.3333,0.0943
asic45_power,ASIC45 Power (mW),luts,1,Perceptron,0.4,0.0
asic45_power,ASIC45 Power (mW),luts,1,SGDClassifier,0.4,0.0
asic45_power,ASIC45 Power (mW),fmax,1,LogisticRegression,0.4,0.0
asic45_power,ASIC45 Power (mW),fmax,1,Perceptron,0.4,0.1633
asic45_power,ASIC45 Power (mW),fmax,1,SGDClassifier,0.4667,0.0943
asic45_power,ASIC45 Power (mW),power,1,LogisticRegression,0.2667,0.0943
asic45_power,ASIC45 Power (mW),power,1,Perceptron,0.4667,0.0943
asic45_power,ASIC45 Power (mW),power,1,SGDClassifier,0.4667,0.0943
asic45_power,ASIC45 Power (mW),nets,1,LogisticRegression,0.3333,0.0943
asic45_power,ASIC45 Power (mW),nets,1,Perceptron,0.3333,0.0943
asic45_power,ASIC45 Power (mW),nets,1,SGDClassifier,0.4,0.0
asic45_power,ASIC45 Power (mW),ffs,1,LogisticRegression,0.3333,0.0943
asic45_power,ASIC45 Power (mW),ffs,1,Perceptron,0.4667,0.0943
asic45_power,ASIC45 Power (mW),ffs,1,SGDClassifier,0.4667,0.0943
asic45_power,ASIC45 Power (mW),distram,1,LogisticRegression,0.2,0.0
asic45_power,ASIC45 Power (mW),distram,1,Perceptron,0.3333,0.0943
asic45_power,ASIC45 Power (mW),distram,1,SGDClassifier,0.3333,0.0943
asic45_power,ASIC45 Power (mW),unicontrolsets,1,LogisticRegression,0.2667,0.0943
asic45_power,ASIC45 Power (mW),unicontrolsets,1,Perceptron,0.4667,0.0943
asic45_power,ASIC45 Power (mW),unicontrolsets,1,SGDClassifier,0.5333,0.0943
asic45_power,ASIC45 Power (mW),luts + fmax,2,LogisticRegression,0.3333,0.0943
asic45_power,ASIC45 Power (mW),luts + fmax,2,Perceptron,0.4667,0.0943
asic45_power,ASIC45 Power (mW),luts + fmax,2,SGDClassifier,0.4,0.1633
asic45_power,ASIC45 Power (mW),luts + power,2,LogisticRegression,0.3333,0.0943
asic45_power,ASIC45 Power (mW),luts + power,2,Perceptron,0.4,0.0
asic45_power,ASIC45 Power (mW),luts + power,2,SGDClassifier,0.4,0.0
asic45_power,ASIC45 Power (mW),luts + nets,2,LogisticRegression,0.3333,0.0943
asic45_power,ASIC45 Power (mW),luts + nets,2,Perceptron,0.4,0.0
asic45_power,ASIC45 Power (mW),luts + nets,2,SGDClassifier,0.4,0.0
asic45_power,ASIC45 Power (mW),luts + ffs,2,LogisticRegression,0.3333,0.0943
asic45_power,ASIC45 Power (mW),luts + ffs,2,Perceptron,0.3333,0.0943
asic45_power,ASIC45 Power (mW),luts + ffs,2,SGDClassifier,0.3333,0.0943
asic45_power,ASIC45 Power (mW),luts + distram,2,LogisticRegression,0.3333,0.2494
asic45_power,ASIC45 Power (mW),luts + distram,2,Perceptron,0.5333,0.0943
asic45_power,ASIC45 Power (mW),luts + distram,2,SGDClassifier,0.6,0.0
asic45_power,ASIC45 Power (mW),luts + unicontrolsets,2,LogisticRegression,0.3333,0.0943
asic45_power,ASIC45 Power (mW),luts + unicontrolsets,2,Perceptron,0.3333,0.0943
asic45_power,ASIC45 Power (mW),luts + unicontrolsets,2,SGDClassifier,0.4,0.0
asic45_power,ASIC45 Power (mW),fmax + power,2,LogisticRegression,0.4,0.0
asic45_power,ASIC45 Power (mW),fmax + power,2,Perceptron,0.4,0.1633
asic45_power,ASIC45 Power (mW),fmax + power,2,SGDClassifier,0.4,0.0
asic45_power,ASIC45 Power (mW),fmax + nets,2,LogisticRegression,0.3333,0.0943
asic45_power,ASIC45 Power (mW),fmax + nets,2,Perceptron,0.4,0.0
asic45_power,ASIC45 Power (mW),fmax + nets,2,SGDClassifier,0.4,0.0
asic45_power,ASIC45 Power (mW),fmax + ffs,2,LogisticRegression,0.2667,0.1886
asic45_power,ASIC45 Power (mW),fmax + ffs,2,Perceptron,0.4,0.1633
asic45_power,ASIC45 Power (mW),fmax + ffs,2,SGDClassifier,0.4,0.0
asic45_power,ASIC45 Power (mW),fmax + distram,2,LogisticRegression,0.4,0.0
asic45_power,ASIC45 Power (mW),fmax + distram,2,Perceptron,0.4667,0.0943
asic45_power,ASIC45 Power (mW),fmax + distram,2,SGDClassifier,0.4667,0.2494
asic45_power,ASIC45 Power (mW),fmax + unicontrolsets,2,LogisticRegression,0.4,0.0
asic45_power,ASIC45 Power (mW),fmax + unicontrolsets,2,Perceptron,0.4,0.1633
asic45_power,ASIC45 Power (mW),fmax + unicontrolsets,2,SGDClassifier,0.3333,0.0943
asic45_power,ASIC45 Power (mW),power + nets,2,LogisticRegression,0.3333,0.0943
asic45_power,ASIC45 Power (mW),power + nets,2,Perceptron,0.4,0.0
asic45_power,ASIC45 Power (mW),power + nets,2,SGDClassifier,0.4,0.0
asic45_power,ASIC45 Power (mW),power + ffs,2,LogisticRegression,0.2667,0.0943
asic45_power,ASIC45 Power (mW),power + ffs,2,Perceptron,0.4,0.0
asic45_power,ASIC45 Power (mW),power + ffs,2,SGDClassifier,0.3333,0.0943
asic45_power,ASIC45 Power (mW),power + distram,2,LogisticRegression,0.3333,0.0943
asic45_power,ASIC45 Power (mW),power + distram,2,Perceptron,0.6,0.1633
asic45_power,ASIC45 Power (mW),power + distram,2,SGDClassifier,0.4667,0.0943
asic45_power,ASIC45 Power (mW),power + unicontrolsets,2,LogisticRegression,0.2667,0.0943
asic45_power,ASIC45 Power (mW),power + unicontrolsets,2,Perceptron,0.3333,0.0943
asic45_power,ASIC45 Power (mW),power + unicontrolsets,2,SGDClassifier,0.4,0.1633
asic45_power,ASIC45 Power (mW),nets + ffs,2,LogisticRegression,0.3333,0.0943
asic45_power,ASIC45 Power (mW),nets + ffs,2,Perceptron,0.2667,0.0943
asic45_power,ASIC45 Power (mW),nets + ffs,2,SGDClassifier,0.2667,0.0943
asic45_power,ASIC45 Power (mW),nets + distram,2,LogisticRegression,0.3333,0.2494
asic45_power,ASIC45 Power (mW),nets + distram,2,Perceptron,0.5333,0.0943
asic45_power,ASIC45 Power (mW),nets + distram,2,SGDClassifier,0.4667,0.0943
asic45_power,ASIC45 Power (mW),nets + unicontrolsets,2,LogisticRegression,0.3333,0.0943
asic45_power,ASIC45 Power (mW),nets + unicontrolsets,2,Perceptron,0.2667,0.0943
asic45_power,ASIC45 Power (mW),nets + unicontrolsets,2,SGDClassifier,0.3333,0.0943
asic45_power,ASIC45 Power (mW),ffs + distram,2,LogisticRegression,0.4,0.0
asic45_power,ASIC45 Power (mW),ffs + distram,2,Perceptron,0.4,0.1633
asic45_power,ASIC45 Power (mW),ffs + distram,2,SGDClassifier,0.4667,0.1886
asic45_power,ASIC45 Power (mW),ffs + unicontrolsets,2,LogisticRegression,0.3333,0.0943
asic45_power,ASIC45 Power (mW),ffs + unicontrolsets,2,Perceptron,0.3333,0.0943
asic45_power,ASIC45 Power (mW),ffs + unicontrolsets,2,SGDClassifier,0.4667,0.0943
asic45_power,ASIC45 Power (mW),distram + unicontrolsets,2,LogisticRegression,0.2667,0.1886
asic45_power,ASIC45 Power (mW),distram + unicontrolsets,2,Perceptron,0.4667,0.0943
asic45_power,ASIC45 Power (mW),distram + unicontrolsets,2,SGDClassifier,0.5333,0.0943
asic45_power,ASIC45 Power (mW),luts + fmax + power,3,LogisticRegression,0.3333,0.0943
asic45_power,ASIC45 Power (mW),luts + fmax + power,3,Perceptron,0.4,0.0
asic45_power,ASIC45 Power (mW),luts + fmax + power,3,SGDClassifier,0.4667,0.0943
asic45_power,ASIC45 Power (mW),luts + fmax + nets,3,LogisticRegression,0.3333,0.0943
asic45_power,ASIC45 Power (mW),luts + fmax + nets,3,Perceptron,0.4667,0.0943
asic45_power,ASIC45 Power (mW),luts + fmax + nets,3,SGDClassifier,0.4,0.0
asic45_power,ASIC45 Power (mW),luts + fmax + ffs,3,LogisticRegression,0.2667,0.1886
asic45_power,ASIC45 Power (mW),luts + fmax + ffs,3,Perceptron,0.3333,0.0943
asic45_power,ASIC45 Power (mW),luts + fmax + ffs,3,SGDClassifier,0.3333,0.0943
asic45_power,ASIC45 Power (mW),luts + fmax + distram,3,LogisticRegression,0.3333,0.0943
asic45_power,ASIC45 Power (mW),luts + fmax + distram,3,Perceptron,0.4667,0.0943
asic45_power,ASIC45 Power (mW),luts + fmax + distram,3,SGDClassifier,0.4667,0.0943
asic45_power,ASIC45 Power (mW),luts + fmax + unicontrolsets,3,LogisticRegression,0.3333,0.0943
asic45_power,ASIC45 Power (mW),luts + fmax + unicontrolsets,3,Perceptron,0.3333,0.0943
asic45_power,ASIC45 Power (mW),luts + fmax + unicontrolsets,3,SGDClassifier,0.2667,0.0943
asic45_power,ASIC45 Power (mW),luts + power + nets,3,LogisticRegression,0.3333,0.0943
asic45_power,ASIC45 Power (mW),luts + power + nets,3,Perceptron,0.4667,0.0943
asic45_power,ASIC45 Power (mW),luts + power + nets,3,SGDClassifier,0.3333,0.0943
asic45_power,ASIC45 Power (mW),luts + power + ffs,3,LogisticRegression,0.3333,0.0943
asic45_power,ASIC45 Power (mW),luts + power + ffs,3,Perceptron,0.4,0.0
asic45_power,ASIC45 Power (mW),luts + power + ffs,3,SGDClassifier,0.4,0.0
asic45_power,ASIC45 Power (mW),luts + power + distram,3,LogisticRegression,0.4,0.1633
asic45_power,ASIC45 Power (mW),luts + power + distram,3,Perceptron,0.5333,0.0943
asic45_power,ASIC45 Power (mW),luts + power + distram,3,SGDClassifier,0.4667,0.0943
asic45_power,ASIC45 Power (mW),luts + power + unicontrolsets,3,LogisticRegression,0.3333,0.0943
asic45_power,ASIC45 Power (mW),luts + power + unicontrolsets,3,Perceptron,0.3333,0.0943
asic45_power,ASIC45 Power (mW),luts + power + unicontrolsets,3,SGDClassifier,0.3333,0.0943
asic45_power,ASIC45 Power (mW),luts + nets + ffs,3,LogisticRegression,0.3333,0.0943
asic45_power,ASIC45 Power (mW),luts + nets + ffs,3,Perceptron,0.4,0.0
asic45_power,ASIC45 Power (mW),luts + nets + ffs,3,SGDClassifier,0.4,0.0
asic45_power,ASIC45 Power (mW),luts + nets + distram,3,LogisticRegression,0.4,0.1633
asic45_power,ASIC45 Power (mW),luts + nets + distram,3,Perceptron,0.5333,0.0943
asic45_power,ASIC45 Power (mW),luts + nets + distram,3,SGDClassifier,0.6,0.0
asic45_power,ASIC45 Power (mW),luts + nets + unicontrolsets,3,LogisticRegression,0.3333,0.0943
asic45_power,ASIC45 Power (mW),luts + nets + unicontrolsets,3,Perceptron,0.3333,0.0943
asic45_power,ASIC45 Power (mW),luts + nets + unicontrolsets,3,SGDClassifier,0.3333,0.0943
asic45_power,ASIC45 Power (mW),luts + ffs + distram,3,LogisticRegression,0.3333,0.0943
asic45_power,ASIC45 Power (mW),luts + ffs + distram,3,Perceptron,0.4667,0.0943
asic45_power,ASIC45 Power (mW),luts + ffs + distram,3,SGDClassifier,0.5333,0.0943
asic45_power,ASIC45 Power (mW),luts + ffs + unicontrolsets,3,LogisticRegression,0.3333,0.0943
asic45_power,ASIC45 Power (mW),luts + ffs + unicontrolsets,3,Perceptron,0.3333,0.0943
asic45_power,ASIC45 Power (mW),luts + ffs + unicontrolsets,3,SGDClassifier,0.3333,0.0943
asic45_power,ASIC45 Power (mW),luts + distram + unicontrolsets,3,LogisticRegression,0.3333,0.2494
asic45_power,ASIC45 Power (mW),luts + distram + unicontrolsets,3,Perceptron,0.4,0.1633
asic45_power,ASIC45 Power (mW),luts + distram + unicontrolsets,3,SGDClassifier,0.4,0.1633
asic45_power,ASIC45 Power (mW),fmax + power + nets,3,LogisticRegression,0.3333,0.0943
asic45_power,ASIC45 Power (mW),fmax + power + nets,3,Perceptron,0.3333,0.0943
asic45_power,ASIC45 Power (mW),fmax + power + nets,3,SGDClassifier,0.4,0.0
asic45_power,ASIC45 Power (mW),fmax + power + ffs,3,LogisticRegression,0.2667,0.1886
asic45_power,ASIC45 Power (mW),fmax + power + ffs,3,Perceptron,0.3333,0.0943
asic45_power,ASIC45 Power (mW),fmax + power + ffs,3,SGDClassifier,0.2,0.0
asic45_power,ASIC45 Power (mW),fmax + power + distram,3,LogisticRegression,0.4,0.0
asic45_power,ASIC45 Power (mW),fmax + power + distram,3,Perceptron,0.4667,0.0943
asic45_power,ASIC45 Power (mW),fmax + power + distram,3,SGDClassifier,0.5333,0.0943
asic45_power,ASIC45 Power (mW),fmax + power + unicontrolsets,3,LogisticRegression,0.3333,0.0943
asic45_power,ASIC45 Power (mW),fmax + power + unicontrolsets,3,Perceptron,0.3333,0.0943
asic45_power,ASIC45 Power (mW),fmax + power + unicontrolsets,3,SGDClassifier,0.4,0.1633
asic45_power,ASIC45 Power (mW),fmax + nets + ffs,3,LogisticRegression,0.2667,0.1886
asic45_power,ASIC45 Power (mW),fmax + nets + ffs,3,Perceptron,0.4,0.0
asic45_power,ASIC45 Power (mW),fmax + nets + ffs,3,SGDClassifier,0.3333,0.0943
asic45_power,ASIC45 Power (mW),fmax + nets + distram,3,LogisticRegression,0.3333,0.0943
asic45_power,ASIC45 Power (mW),fmax + nets + distram,3,Perceptron,0.4,0.0
asic45_power,ASIC45 Power (mW),fmax + nets + distram,3,SGDClassifier,0.4,0.0
asic45_power,ASIC45 Power (mW),fmax + nets + unicontrolsets,3,LogisticRegression,0.3333,0.0943
asic45_power,ASIC45 Power (mW),fmax + nets + unicontrolsets,3,Perceptron,0.3333,0.0943
asic45_power,ASIC45 Power (mW),fmax + nets + unicontrolsets,3,SGDClassifier,0.3333,0.0943
asic45_power,ASIC45 Power (mW),fmax + ffs + distram,3,LogisticRegression,0.4,0.0
asic45_power,ASIC45 Power (mW),fmax + ffs + distram,3,Perceptron,0.5333,0.0943
asic45_power,ASIC45 Power (mW),fmax + ffs + distram,3,SGDClassifier,0.6,0.0
asic45_power,ASIC45 Power (mW),fmax + ffs + unicontrolsets,3,LogisticRegression,0.2667,0.1886
asic45_power,ASIC45 Power (mW),fmax + ffs + unicontrolsets,3,Perceptron,0.5333,0.0943
asic45_power,ASIC45 Power (mW),fmax + ffs + unicontrolsets,3,SGDClassifier,0.4,0.1633
asic45_power,ASIC45 Power (mW),fmax + distram + unicontrolsets,3,LogisticRegression,0.3333,0.0943
asic45_power,ASIC45 Power (mW),fmax + distram + unicontrolsets,3,Perceptron,0.4667,0.0943
asic45_power,ASIC45 Power (mW),fmax + distram + unicontrolsets,3,SGDClassifier,0.4667,0.0943
asic45_power,ASIC45 Power (mW),power + nets + ffs,3,LogisticRegression,0.3333,0.0943
asic45_power,ASIC45 Power (mW),power + nets + ffs,3,Perceptron,0.2667,0.0943
asic45_power,ASIC45 Power (mW),power + nets + ffs,3,SGDClassifier,0.2667,0.2494
asic45_power,ASIC45 Power (mW),power + nets + distram,3,LogisticRegression,0.4,0.1633
asic45_power,ASIC45 Power (mW),power + nets + distram,3,Perceptron,0.4667,0.0943
asic45_power,ASIC45 Power (mW),power + nets + distram,3,SGDClassifier,0.4667,0.0943
asic45_power,ASIC45 Power (mW),power + nets + unicontrolsets,3,LogisticRegression,0.3333,0.0943
asic45_power,ASIC45 Power (mW),power + nets + unicontrolsets,3,Perceptron,0.3333,0.0943
asic45_power,ASIC45 Power (mW),power + nets + unicontrolsets,3,SGDClassifier,0.3333,0.0943
asic45_power,ASIC45 Power (mW),power + ffs + distram,3,LogisticRegression,0.4667,0.0943
asic45_power,ASIC45 Power (mW),power + ffs + distram,3,Perceptron,0.3333,0.0943
asic45_power,ASIC45 Power (mW),power + ffs + distram,3,SGDClassifier,0.3333,0.2494
asic45_power,ASIC45 Power (mW),power + ffs + unicontrolsets,3,LogisticRegression,0.2667,0.0943
asic45_power,ASIC45 Power (mW),power + ffs + unicontrolsets,3,Perceptron,0.2667,0.0943
asic45_power,ASIC45 Power (mW),power + ffs + unicontrolsets,3,SGDClassifier,0.2667,0.0943
asic45_power,ASIC45 Power (mW),power + distram + unicontrolsets,3,LogisticRegression,0.2,0.1633
asic45_power,ASIC45 Power (mW),power + distram + unicontrolsets,3,Perceptron,0.3333,0.1886
asic45_power,ASIC45 Power (mW),power + distram + unicontrolsets,3,SGDClassifier,0.4667,0.1886
asic45_power,ASIC45 Power (mW),nets + ffs + distram,3,LogisticRegression,0.3333,0.0943
asic45_power,ASIC45 Power (mW),nets + ffs + distram,3,Perceptron,0.4667,0.0943
asic45_power,ASIC45 Power (mW),nets + ffs + distram,3,SGDClassifier,0.4667,0.0943
asic45_power,ASIC45 Power (mW),nets + ffs + unicontrolsets,3,LogisticRegression,0.3333,0.0943
asic45_power,ASIC45 Power (mW),nets + ffs + unicontrolsets,3,Perceptron,0.4,0.0
asic45_power,ASIC45 Power (mW),nets + ffs + unicontrolsets,3,SGDClassifier,0.3333,0.0943
asic45_power,ASIC45 Power (mW),nets + distram + unicontrolsets,3,LogisticRegression,0.3333,0.2494
asic45_power,ASIC45 Power (mW),nets + distram + unicontrolsets,3,Perceptron,0.4,0.1633
asic45_power,ASIC45 Power (mW),nets + distram + unicontrolsets,3,SGDClassifier,0.4,0.1633
asic45_power,ASIC45 Power (mW),ffs + distram + unicontrolsets,3,LogisticRegression,0.4,0.0
asic45_power,ASIC45 Power (mW),ffs + distram + unicontrolsets,3,Perceptron,0.3333,0.0943
asic45_power,ASIC45 Power (mW),ffs + distram + unicontrolsets,3,SGDClassifier,0.5333,0.0943
asic45_power,ASIC45 Power (mW),luts + fmax + power + nets,4,LogisticRegression,0.3333,0.0943
asic45_power,ASIC45 Power (mW),luts + fmax + power + nets,4,Perceptron,0.4,0.0
asic45_power,ASIC45 Power (mW),luts + fmax + power + nets,4,SGDClassifier,0.4,0.0
asic45_power,ASIC45 Power (mW),luts + fmax + power + ffs,4,LogisticRegression,0.3333,0.0943
asic45_power,ASIC45 Power (mW),luts + fmax + power + ffs,4,Perceptron,0.4,0.0
asic45_power,ASIC45 Power (mW),luts + fmax + power + ffs,4,SGDClassifier,0.4,0.0
asic45_power,ASIC45 Power (mW),luts + fmax + power + distram,4,LogisticRegression,0.3333,0.0943
asic45_power,ASIC45 Power (mW),luts + fmax + power + distram,4,Perceptron,0.5333,0.0943
asic45_power,ASIC45 Power (mW),luts + fmax + power + distram,4,SGDClassifier,0.4667,0.0943
asic45_power,ASIC45 Power (mW),luts + fmax + power + unicontrolsets,4,LogisticRegression,0.3333,0.0943
asic45_power,ASIC45 Power (mW),luts + fmax + power + unicontrolsets,4,Perceptron,0.4,0.1633
asic45_power,ASIC45 Power (mW),luts + fmax + power + unicontrolsets,4,SGDClassifier,0.3333,0.0943
asic45_power,ASIC45 Power (mW),luts + fmax + nets + ffs,4,LogisticRegression,0.3333,0.0943
asic45_power,ASIC45 Power (mW),luts + fmax + nets + ffs,4,Perceptron,0.2667,0.0943
asic45_power,ASIC45 Power (mW),luts + fmax + nets + ffs,4,SGDClassifier,0.3333,0.0943
asic45_power,ASIC45 Power (mW),luts + fmax + nets + distram,4,LogisticRegression,0.3333,0.0943
asic45_power,ASIC45 Power (mW),luts + fmax + nets + distram,4,Perceptron,0.4667,0.0943
asic45_power,ASIC45 Power (mW),luts + fmax + nets + distram,4,SGDClassifier,0.4667,0.0943
asic45_power,ASIC45 Power (mW),luts + fmax + nets + unicontrolsets,4,LogisticRegression,0.3333,0.0943
asic45_power,ASIC45 Power (mW),luts + fmax + nets + unicontrolsets,4,Perceptron,0.2667,0.0943
asic45_power,ASIC45 Power (mW),luts + fmax + nets + unicontrolsets,4,SGDClassifier,0.2667,0.0943
asic45_power,ASIC45 Power (mW),luts + fmax + ffs + distram,4,LogisticRegression,0.4,0.0
asic45_power,ASIC45 Power (mW),luts + fmax + ffs + distram,4,Perceptron,0.4,0.1633
asic45_power,ASIC45 Power (mW),luts + fmax + ffs + distram,4,SGDClassifier,0.4,0.1633
asic45_power,ASIC45 Power (mW),luts + fmax + ffs + unicontrolsets,4,LogisticRegression,0.3333,0.0943
asic45_power,ASIC45 Power (mW),luts + fmax + ffs + unicontrolsets,4,Perceptron,0.4,0.0
asic45_power,ASIC45 Power (mW),luts + fmax + ffs + unicontrolsets,4,SGDClassifier,0.2667,0.0943
asic45_power,ASIC45 Power (mW),luts + fmax + distram + unicontrolsets,4,LogisticRegression,0.2667,0.0943
asic45_power,ASIC45 Power (mW),luts + fmax + distram + unicontrolsets,4,Perceptron,0.4,0.1633
asic45_power,ASIC45 Power (mW),luts + fmax + distram + unicontrolsets,4,SGDClassifier,0.4,0.1633
asic45_power,ASIC45 Power (mW),luts + power + nets + ffs,4,LogisticRegression,0.3333,0.0943
asic45_power,ASIC45 Power (mW),luts + power + nets + ffs,4,Perceptron,0.3333,0.0943
asic45_power,ASIC45 Power (mW),luts + power + nets + ffs,4,SGDClassifier,0.3333,0.0943
asic45_power,ASIC45 Power (mW),luts + power + nets + distram,4,LogisticRegression,0.3333,0.0943
asic45_power,ASIC45 Power (mW),luts + power + nets + distram,4,Perceptron,0.6,0.0
asic45_power,ASIC45 Power (mW),luts + power + nets + distram,4,SGDClassifier,0.4667,0.0943
asic45_power,ASIC45 Power (mW),luts + power + nets + unicontrolsets,4,LogisticRegression,0.3333,0.0943
asic45_power,ASIC45 Power (mW),luts + power + nets + unicontrolsets,4,Perceptron,0.2667,0.0943
asic45_power,ASIC45 Power (mW),luts + power + nets + unicontrolsets,4,SGDClassifier,0.2667,0.1886
asic45_power,ASIC45 Power (mW),luts + power + ffs + distram,4,LogisticRegression,0.3333,0.0943
asic45_power,ASIC45 Power (mW),luts + power + ffs + distram,4,Perceptron,0.5333,0.0943
asic45_power,ASIC45 Power (mW),luts + power + ffs + distram,4,SGDClassifier,0.4667,0.0943
asic45_power,ASIC45 Power (mW),luts + power + ffs + unicontrolsets,4,LogisticRegression,0.3333,0.0943
asic45_power,ASIC45 Power (mW),luts + power + ffs + unicontrolsets,4,Perceptron,0.3333,0.0943
asic45_power,ASIC45 Power (mW),luts + power + ffs + unicontrolsets,4,SGDClassifier,0.3333,0.0943
asic45_power,ASIC45 Power (mW),luts + power + distram + unicontrolsets,4,LogisticRegression,0.2667,0.2494
asic45_power,ASIC45 Power (mW),luts + power + distram + unicontrolsets,4,Perceptron,0.4,0.1633
asic45_power,ASIC45 Power (mW),luts + power + distram + unicontrolsets,4,SGDClassifier,0.4,0.1633
asic45_power,ASIC45 Power (mW),luts + nets + ffs + distram,4,LogisticRegression,0.4,0.1633
asic45_power,ASIC45 Power (mW),luts + nets + ffs + distram,4,Perceptron,0.4,0.1633
asic45_power,ASIC45 Power (mW),luts + nets + ffs + distram,4,SGDClassifier,0.3333,0.0943
asic45_power,ASIC45 Power (mW),luts + nets + ffs + unicontrolsets,4,LogisticRegression,0.3333,0.0943
asic45_power,ASIC45 Power (mW),luts + nets + ffs + unicontrolsets,4,Perceptron,0.3333,0.0943
asic45_power,ASIC45 Power (mW),luts + nets + ffs + unicontrolsets,4,SGDClassifier,0.3333,0.0943
asic45_power,ASIC45 Power (mW),luts + nets + distram + unicontrolsets,4,LogisticRegression,0.2667,0.2494
asic45_power,ASIC45 Power (mW),luts + nets + distram + unicontrolsets,4,Perceptron,0.4,0.1633
asic45_power,ASIC45 Power (mW),luts + nets + distram + unicontrolsets,4,SGDClassifier,0.4,0.1633
asic45_power,ASIC45 Power (mW),luts + ffs + distram + unicontrolsets,4,LogisticRegression,0.3333,0.0943
asic45_power,ASIC45 Power (mW),luts + ffs + distram + unicontrolsets,4,Perceptron,0.4,0.1633
asic45_power,ASIC45 Power (mW),luts + ffs + distram + unicontrolsets,4,SGDClassifier,0.4,0.1633
asic45_power,ASIC45 Power (mW),fmax + power + nets + ffs,4,LogisticRegression,0.3333,0.0943
asic45_power,ASIC45 Power (mW),fmax + power + nets + ffs,4,Perceptron,0.4667,0.0943
asic45_power,ASIC45 Power (mW),fmax + power + nets + ffs,4,SGDClassifier,0.4,0.0
asic45_power,ASIC45 Power (mW),fmax + power + nets + distram,4,LogisticRegression,0.3333,0.0943
asic45_power,ASIC45 Power (mW),fmax + power + nets + distram,4,Perceptron,0.5333,0.0943
asic45_power,ASIC45 Power (mW),fmax + power + nets + distram,4,SGDClassifier,0.4667,0.0943
asic45_power,ASIC45 Power (mW),fmax + power + nets + unicontrolsets,4,LogisticRegression,0.3333,0.0943
asic45_power,ASIC45 Power (mW),fmax + power + nets + unicontrolsets,4,Perceptron,0.3333,0.0943
asic45_power,ASIC45 Power (mW),fmax + power + nets + unicontrolsets,4,SGDClassifier,0.3333,0.0943
asic45_power,ASIC45 Power (mW),fmax + power + ffs + distram,4,LogisticRegression,0.4,0.0
asic45_power,ASIC45 Power (mW),fmax + power + ffs + distram,4,Perceptron,0.4,0.1633
asic45_power,ASIC45 Power (mW),fmax + power + ffs + distram,4,SGDClassifier,0.3333,0.1886
asic45_power,ASIC45 Power (mW),fmax + power + ffs + unicontrolsets,4,LogisticRegression,0.3333,0.0943
asic45_power,ASIC45 Power (mW),fmax + power + ffs + unicontrolsets,4,Perceptron,0.2667,0.0943
asic45_power,ASIC45 Power (mW),fmax + power + ffs + unicontrolsets,4,SGDClassifier,0.3333,0.0943
asic45_power,ASIC45 Power (mW),fmax + power + distram + unicontrolsets,4,LogisticRegression,0.2667,0.0943
asic45_power,ASIC45 Power (mW),fmax + power + distram + unicontrolsets,4,Perceptron,0.4667,0.1886
asic45_power,ASIC45 Power (mW),fmax + power + distram + unicontrolsets,4,SGDClassifier,0.4,0.1633
asic45_power,ASIC45 Power (mW),fmax + nets + ffs + distram,4,LogisticRegression,0.4,0.0
asic45_power,ASIC45 Power (mW),fmax + nets + ffs + distram,4,Perceptron,0.4,0.1633
asic45_power,ASIC45 Power (mW),fmax + nets + ffs + distram,4,SGDClassifier,0.4,0.1633
asic45_power,ASIC45 Power (mW),fmax + nets + ffs + unicontrolsets,4,LogisticRegression,0.2667,0.1886
asic45_power,ASIC45 Power (mW),fmax + nets + ffs + unicontrolsets,4,Perceptron,0.3333,0.0943
asic45_power,ASIC45 Power (mW),fmax + nets + ffs + unicontrolsets,4,SGDClassifier,0.3333,0.0943
asic45_power,ASIC45 Power (mW),fmax + nets + distram + unicontrolsets,4,LogisticRegression,0.2667,0.0943
asic45_power,ASIC45 Power (mW),fmax + nets + distram + unicontrolsets,4,Perceptron,0.4,0.1633
asic45_power,ASIC45 Power (mW),fmax + nets + distram + unicontrolsets,4,SGDClassifier,0.4,0.1633
asic45_power,ASIC45 Power (mW),fmax + ffs + distram + unicontrolsets,4,LogisticRegression,0.4,0.0
asic45_power,ASIC45 Power (mW),fmax + ffs + distram + unicontrolsets,4,Perceptron,0.5333,0.0943
asic45_power,ASIC45 Power (mW),fmax + ffs + distram + unicontrolsets,4,SGDClassifier,0.5333,0.0943
asic45_power,ASIC45 Power (mW),power + nets + ffs + distram,4,LogisticRegression,0.3333,0.0943
asic45_power,ASIC45 Power (mW),power + nets + ffs + distram,4,Perceptron,0.5333,0.0943
asic45_power,ASIC45 Power (mW),power + nets + ffs + distram,4,SGDClassifier,0.4667,0.0943
asic45_power,ASIC45 Power (mW),power + nets + ffs + unicontrolsets,4,LogisticRegression,0.3333,0.0943
asic45_power,ASIC45 Power (mW),power + nets + ffs + unicontrolsets,4,Perceptron,0.4,0.1633
asic45_power,ASIC45 Power (mW),power + nets + ffs + unicontrolsets,4,SGDClassifier,0.4,0.1633
asic45_power,ASIC45 Power (mW),power + nets + distram + unicontrolsets,4,LogisticRegression,0.3333,0.1886
asic45_power,ASIC45 Power (mW),power + nets + distram + unicontrolsets,4,Perceptron,0.4,0.1633
asic45_power,ASIC45 Power (mW),power + nets + distram + unicontrolsets,4,SGDClassifier,0.4,0.1633
asic45_power,ASIC45 Power (mW),power + ffs + distram + unicontrolsets,4,LogisticRegression,0.4,0.1633
asic45_power,ASIC45 Power (mW),power + ffs + distram + unicontrolsets,4,Perceptron,0.2667,0.2494
asic45_power,ASIC45 Power (mW),power + ffs + distram + unicontrolsets,4,SGDClassifier,0.2,0.1633
asic45_power,ASIC45 Power (mW),nets + ffs + distram + unicontrolsets,4,LogisticRegression,0.3333,0.0943
asic45_power,ASIC45 Power (mW),nets + ffs + distram + unicontrolsets,4,Perceptron,0.3333,0.1886
asic45_power,ASIC45 Power (mW),nets + ffs + distram + unicontrolsets,4,SGDClassifier,0.4,0.1633
asic45_power,ASIC45 Power (mW),luts + fmax + power + nets + ffs,5,LogisticRegression,0.3333,0.0943
asic45_power,ASIC45 Power (mW),luts + fmax + power + nets + ffs,5,Perceptron,0.4,0.0
asic45_power,ASIC45 Power (mW),luts + fmax + power + nets + ffs,5,SGDClassifier,0.4,0.0
asic45_power,ASIC45 Power (mW),luts + fmax + power + nets + distram,5,LogisticRegression,0.3333,0.0943
asic45_power,ASIC45 Power (mW),luts + fmax + power + nets + distram,5,Perceptron,0.5333,0.0943
asic45_power,ASIC45 Power (mW),luts + fmax + power + nets + distram,5,SGDClassifier,0.4667,0.0943
asic45_power,ASIC45 Power (mW),luts + fmax + power + nets + unicontrolsets,5,LogisticRegression,0.2667,0.0943
asic45_power,ASIC45 Power (mW),luts + fmax + power + nets + unicontrolsets,5,Perceptron,0.3333,0.0943
asic45_power,ASIC45 Power (mW),luts + fmax + power + nets + unicontrolsets,5,SGDClassifier,0.3333,0.0943
asic45_power,ASIC45 Power (mW),luts + fmax + power + ffs + distram,5,LogisticRegression,0.4,0.0
asic45_power,ASIC45 Power (mW),luts + fmax + power + ffs + distram,5,Perceptron,0.4667,0.0943
asic45_power,ASIC45 Power (mW),luts + fmax + power + ffs + distram,5,SGDClassifier,0.4667,0.1886
asic45_power,ASIC45 Power (mW),luts + fmax + power + ffs + unicontrolsets,5,LogisticRegression,0.3333,0.0943
asic45_power,ASIC45 Power (mW),luts + fmax + power + ffs + unicontrolsets,5,Perceptron,0.2667,0.0943
asic45_power,ASIC45 Power (mW),luts + fmax + power + ffs + unicontrolsets,5,SGDClassifier,0.3333,0.0943
asic45_power,ASIC45 Power (mW),luts + fmax + power + distram + unicontrolsets,5,LogisticRegression,0.2667,0.0943
asic45_power,ASIC45 Power (mW),luts + fmax + power + distram + unicontrolsets,5,Perceptron,0.4,0.1633
asic45_power,ASIC45 Power (mW),luts + fmax + power + distram + unicontrolsets,5,SGDClassifier,0.4667,0.1886
asic45_power,ASIC45 Power (mW),luts + fmax + nets + ffs + distram,5,LogisticRegression,0.3333,0.0943
asic45_power,ASIC45 Power (mW),luts + fmax + nets + ffs + distram,5,Perceptron,0.5333,0.0943
asic45_power,ASIC45 Power (mW),luts + fmax + nets + ffs + distram,5,SGDClassifier,0.5333,0.0943
asic45_power,ASIC45 Power (mW),luts + fmax + nets + ffs + unicontrolsets,5,LogisticRegression,0.3333,0.0943
asic45_power,ASIC45 Power (mW),luts + fmax + nets + ffs + unicontrolsets,5,Perceptron,0.2667,0.0943
asic45_power,ASIC45 Power (mW),luts + fmax + nets + ffs + unicontrolsets,5,SGDClassifier,0.3333,0.0943
asic45_power,ASIC45 Power (mW),luts + fmax + nets + distram + unicontrolsets,5,LogisticRegression,0.2667,0.0943
asic45_power,ASIC45 Power (mW),luts + fmax + nets + distram + unicontrolsets,5,Perceptron,0.4,0.1633
asic45_power,ASIC45 Power (mW),luts + fmax + nets + distram + unicontrolsets,5,SGDClassifier,0.4,0.1633
asic45_power,ASIC45 Power (mW),luts + fmax + ffs + distram + unicontrolsets,5,LogisticRegression,0.2667,0.0943
asic45_power,ASIC45 Power (mW),luts + fmax + ffs + distram + unicontrolsets,5,Perceptron,0.4,0.1633
asic45_power,ASIC45 Power (mW),luts + fmax + ffs + distram + unicontrolsets,5,SGDClassifier,0.2667,0.0943
asic45_power,ASIC45 Power (mW),luts + power + nets + ffs + distram,5,LogisticRegression,0.3333,0.0943
asic45_power,ASIC45 Power (mW),luts + power + nets + ffs + distram,5,Perceptron,0.4,0.0
asic45_power,ASIC45 Power (mW),luts + power + nets + ffs + distram,5,SGDClassifier,0.5333,0.0943
asic45_power,ASIC45 Power (mW),luts + power + nets + ffs + unicontrolsets,5,LogisticRegression,0.3333,0.0943
asic45_power,ASIC45 Power (mW),luts + power + nets + ffs + unicontrolsets,5,Perceptron,0.3333,0.0943
asic45_power,ASIC45 Power (mW),luts + power + nets + ffs + unicontrolsets,5,SGDClassifier,0.3333,0.0943
asic45_power,ASIC45 Power (mW),luts + power + nets + distram + unicontrolsets,5,LogisticRegression,0.2667,0.0943
asic45_power,ASIC45 Power (mW),luts + power + nets + distram + unicontrolsets,5,Perceptron,0.4,0.1633
asic45_power,ASIC45 Power (mW),luts + power + nets + distram + unicontrolsets,5,SGDClassifier,0.4667,0.1886
asic45_power,ASIC45 Power (mW),luts + power + ffs + distram + unicontrolsets,5,LogisticRegression,0.2667,0.0943
asic45_power,ASIC45 Power (mW),luts + power + ffs + distram + unicontrolsets,5,Perceptron,0.4,0.1633
asic45_power,ASIC45 Power (mW),luts + power + ffs + distram + unicontrolsets,5,SGDClassifier,0.4,0.1633
asic45_power,ASIC45 Power (mW),luts + nets + ffs + distram + unicontrolsets,5,LogisticRegression,0.3333,0.1886
asic45_power,ASIC45 Power (mW),luts + nets + ffs + distram + unicontrolsets,5,Perceptron,0.4,0.1633
asic45_power,ASIC45 Power (mW),luts + nets + ffs + distram + unicontrolsets,5,SGDClassifier,0.4667,0.1886
asic45_power,ASIC45 Power (mW),fmax + power + nets + ffs + distram,5,LogisticRegression,0.4,0.0
asic45_power,ASIC45 Power (mW),fmax + power + nets + ffs + distram,5,Perceptron,0.4,0.1633
asic45_power,ASIC45 Power (mW),fmax + power + nets + ffs + distram,5,SGDClassifier,0.4667,0.0943
asic45_power,ASIC45 Power (mW),fmax + power + nets + ffs + unicontrolsets,5,LogisticRegression,0.3333,0.0943
asic45_power,ASIC45 Power (mW),fmax + power + nets + ffs + unicontrolsets,5,Perceptron,0.3333,0.0943
asic45_power,ASIC45 Power (mW),fmax + power + nets + ffs + unicontrolsets,5,SGDClassifier,0.2667,0.0943
asic45_power,ASIC45 Power (mW),fmax + power + nets + distram + unicontrolsets,5,LogisticRegression,0.2667,0.0943
asic45_power,ASIC45 Power (mW),fmax + power + nets + distram + unicontrolsets,5,Perceptron,0.4667,0.1886
asic45_power,ASIC45 Power (mW),fmax + power + nets + distram + unicontrolsets,5,SGDClassifier,0.4667,0.1886
asic45_power,ASIC45 Power (mW),fmax + power + ffs + distram + unicontrolsets,5,LogisticRegression,0.3333,0.0943
asic45_power,ASIC45 Power (mW),fmax + power + ffs + distram + unicontrolsets,5,Perceptron,0.4,0.1633
asic45_power,ASIC45 Power (mW),fmax + power + ffs + distram + unicontrolsets,5,SGDClassifier,0.4,0.1633
asic45_power,ASIC45 Power (mW),fmax + nets + ffs + distram + unicontrolsets,5,LogisticRegression,0.2667,0.0943
asic45_power,ASIC45 Power (mW),fmax + nets + ffs + distram + unicontrolsets,5,Perceptron,0.4,0.1633
asic45_power,ASIC45 Power (mW),fmax + nets + ffs + distram + unicontrolsets,5,SGDClassifier,0.4,0.1633
asic45_power,ASIC45 Power (mW),power + nets + ffs + distram + unicontrolsets,5,LogisticRegression,0.2667,0.0943
asic45_power,ASIC45 Power (mW),power + nets + ffs + distram + unicontrolsets,5,Perceptron,0.2667,0.2494
asic45_power,ASIC45 Power (mW),power + nets + ffs + distram + unicontrolsets,5,SGDClassifier,0.3333,0.1886
asic45_power,ASIC45 Power (mW),luts + fmax + power + nets + ffs + distram,6,LogisticRegression,0.4667,0.0943
asic45_power,ASIC45 Power (mW),luts + fmax + power + nets + ffs + distram,6,Perceptron,0.6,0.0
asic45_power,ASIC45 Power (mW),luts + fmax + power + nets + ffs + distram,6,SGDClassifier,0.2667,0.0943
asic45_power,ASIC45 Power (mW),luts + fmax + power + nets + ffs + unicontrolsets,6,LogisticRegression,0.3333,0.0943
asic45_power,ASIC45 Power (mW),luts + fmax + power + nets + ffs + unicontrolsets,6,Perceptron,0.3333,0.0943
asic45_power,ASIC45 Power (mW),luts + fmax + power + nets + ffs + unicontrolsets,6,SGDClassifier,0.3333,0.0943
asic45_power,ASIC45 Power (mW),luts + fmax + power + nets + distram + unicontrolsets,6,LogisticRegression,0.2667,0.0943
asic45_power,ASIC45 Power (mW),luts + fmax + power + nets + distram + unicontrolsets,6,Perceptron,0.4,0.1633
asic45_power,ASIC45 Power (mW),luts + fmax + power + nets + distram + unicontrolsets,6,SGDClassifier,0.4,0.1633
asic45_power,ASIC45 Power (mW),luts + fmax + power + ffs + distram + unicontrolsets,6,LogisticRegression,0.3333,0.0943
asic45_power,ASIC45 Power (mW),luts + fmax + power + ffs + distram + unicontrolsets,6,Perceptron,0.4667,0.1886
asic45_power,ASIC45 Power (mW),luts + fmax + power + ffs + distram + unicontrolsets,6,SGDClassifier,0.4667,0.1886
asic45_power,ASIC45 Power (mW),luts + fmax + nets + ffs + distram + unicontrolsets,6,LogisticRegression,0.2667,0.0943
asic45_power,ASIC45 Power (mW),luts + fmax + nets + ffs + distram + unicontrolsets,6,Perceptron,0.3333,0.0943
asic45_power,ASIC45 Power (mW),luts + fmax + nets + ffs + distram + unicontrolsets,6,SGDClassifier,0.4,0.1633
asic45_power,ASIC45 Power (mW),luts + power + nets + ffs + distram + unicontrolsets,6,LogisticRegression,0.2667,0.0943
asic45_power,ASIC45 Power (mW),luts + power + nets + ffs + distram + unicontrolsets,6,Perceptron,0.4,0.1633
asic45_power,ASIC45 Power (mW),luts + power + nets + ffs + distram + unicontrolsets,6,SGDClassifier,0.4,0.1633
asic45_power,ASIC45 Power (mW),fmax + power + nets + ffs + distram + unicontrolsets,6,LogisticRegression,0.3333,0.0943
asic45_power,ASIC45 Power (mW),fmax + power + nets + ffs + distram + unicontrolsets,6,Perceptron,0.4,0.1633
asic45_power,ASIC45 Power (mW),fmax + power + nets + ffs + distram + unicontrolsets,6,SGDClassifier,0.4,0.1633
asic45_power,ASIC45 Power (mW),luts + fmax + power + nets + ffs + distram + unicontrolsets,7,LogisticRegression,0.3333,0.0943
asic45_power,ASIC45 Power (mW),luts + fmax + power + nets + ffs + distram + unicontrolsets,7,Perceptron,0.4667,0.1886
asic45_power,ASIC45 Power (mW),luts + fmax + power + nets + ffs + distram + unicontrolsets,7,SGDClassifier,0.4667,0.1886
asic45_nets,ASIC45 Nets,luts,1,LogisticRegression,0.4667,0.1886
asic45_nets,ASIC45 Nets,luts,1,Perceptron,0.4667,0.1886
asic45_nets,ASIC45 Nets,luts,1,SGDClassifier,0.4667,0.1886
asic45_nets,ASIC45 Nets,fmax,1,LogisticRegression,0.7333,0.0943
asic45_nets,ASIC45 Nets,fmax,1,Perceptron,0.5333,0.0943
asic45_nets,ASIC45 Nets,fmax,1,SGDClassifier,0.6,0.0
asic45_nets,ASIC45 Nets,power,1,LogisticRegression,0.2667,0.0943
asic45_nets,ASIC45 Nets,power,1,Perceptron,0.2667,0.0943
asic45_nets,ASIC45 Nets,power,1,SGDClassifier,0.4,0.1633
asic45_nets,ASIC45 Nets,nets,1,LogisticRegression,0.5333,0.2494
asic45_nets,ASIC45 Nets,nets,1,Perceptron,0.4667,0.1886
asic45_nets,ASIC45 Nets,nets,1,SGDClassifier,0.4667,0.1886
asic45_nets,ASIC45 Nets,ffs,1,LogisticRegression,0.4667,0.1886
asic45_nets,ASIC45 Nets,ffs,1,Perceptron,0.5333,0.0943
asic45_nets,ASIC45 Nets,ffs,1,SGDClassifier,0.4,0.1633
asic45_nets,ASIC45 Nets,distram,1,LogisticRegression,0.2,0.0
asic45_nets,ASIC45 Nets,distram,1,Perceptron,0.2,0.1633
asic45_nets,ASIC45 Nets,distram,1,SGDClassifier,0.2,0.1633
asic45_nets,ASIC45 Nets,unicontrolsets,1,LogisticRegression,0.4667,0.2494
asic45_nets,ASIC45 Nets,unicontrolsets,1,Perceptron,0.3333,0.1886
asic45_nets,ASIC45 Nets,unicontrolsets,1,SGDClassifier,0.4667,0.1886
asic45_nets,ASIC45 Nets,luts + fmax,2,LogisticRegression,0.6667,0.0943
asic45_nets,ASIC45 Nets,luts + fmax,2,Perceptron,0.6,0.0
asic45_nets,ASIC45 Nets,luts + fmax,2,SGDClassifier,0.6,0.0
asic45_nets,ASIC45 Nets,luts + power,2,LogisticRegression,0.5333,0.2494
asic45_nets,ASIC45 Nets,luts + power,2,Perceptron,0.5333,0.0943
asic45_nets,ASIC45 Nets,luts + power,2,SGDClassifier,0.6,0.0
asic45_nets,ASIC45 Nets,luts + nets,2,LogisticRegression,0.5333,0.2494
asic45_nets,ASIC45 Nets,luts + nets,2,Perceptron,0.3333,0.1886
asic45_nets,ASIC45 Nets,luts + nets,2,SGDClassifier,0.5333,0.0943
asic45_nets,ASIC45 Nets,luts + ffs,2,LogisticRegression,0.5333,0.2494
asic45_nets,ASIC45 Nets,luts + ffs,2,Perceptron,0.6,0.1633
asic45_nets,ASIC45 Nets,luts + ffs,2,SGDClassifier,0.5333,0.0943
asic45_nets,ASIC45 Nets,luts + distram,2,LogisticRegression,0.5333,0.0943
asic45_nets,ASIC45 Nets,luts + distram,2,Perceptron,0.6667,0.0943
asic45_nets,ASIC45 Nets,luts + distram,2,SGDClassifier,0.5333,0.2494
asic45_nets,ASIC45 Nets,luts + unicontrolsets,2,LogisticRegression,0.4667,0.1886
asic45_nets,ASIC45 Nets,luts + unicontrolsets,2,Perceptron,0.4667,0.1886
asic45_nets,ASIC45 Nets,luts + unicontrolsets,2,SGDClassifier,0.4,0.1633
asic45_nets,ASIC45 Nets,fmax + power,2,LogisticRegression,0.6,0.1633
asic45_nets,ASIC45 Nets,fmax + power,2,Perceptron,0.6,0.0
asic45_nets,ASIC45 Nets,fmax + power,2,SGDClassifier,0.6,0.0
asic45_nets,ASIC45 Nets,fmax + nets,2,LogisticRegression,0.7333,0.0943
asic45_nets,ASIC45 Nets,fmax + nets,2,Perceptron,0.6667,0.0943
asic45_nets,ASIC45 Nets,fmax + nets,2,SGDClassifier,0.6,0.0
asic45_nets,ASIC45 Nets,fmax + ffs,2,LogisticRegression,0.7333,0.0943
asic45_nets,ASIC45 Nets,fmax + ffs,2,Perceptron,0.7333,0.0943
asic45_nets,ASIC45 Nets,fmax + ffs,2,SGDClassifier,0.7333,0.0943
asic45_nets,ASIC45 Nets,fmax + distram,2,LogisticRegression,0.6,0.0
asic45_nets,ASIC45 Nets,fmax + distram,2,Perceptron,0.6,0.1633
asic45_nets,ASIC45 Nets,fmax + distram,2,SGDClassifier,0.6,0.0
asic45_nets,ASIC45 Nets,fmax + unicontrolsets,2,LogisticRegression,0.6667,0.0943
asic45_nets,ASIC45 Nets,fmax + unicontrolsets,2,Perceptron,0.5333,0.0943
asic45_nets,ASIC45 Nets,fmax + unicontrolsets,2,SGDClassifier,0.6,0.0
asic45_nets,ASIC45 Nets,power + nets,2,LogisticRegression,0.5333,0.2494
asic45_nets,ASIC45 Nets,power + nets,2,Perceptron,0.5333,0.0943
asic45_nets,ASIC45 Nets,power + nets,2,SGDClassifier,0.4667,0.1886
asic45_nets,ASIC45 Nets,power + ffs,2,LogisticRegression,0.4667,0.2494
asic45_nets,ASIC45 Nets,power + ffs,2,Perceptron,0.4667,0.0943
asic45_nets,ASIC45 Nets,power + ffs,2,SGDClassifier,0.4667,0.1886
asic45_nets,ASIC45 Nets,power + distram,2,LogisticRegression,0.3333,0.0943
asic45_nets,ASIC45 Nets,power + distram,2,Perceptron,0.3333,0.0943
asic45_nets,ASIC45 Nets,power + distram,2,SGDClassifier,0.2,0.1633
asic45_nets,ASIC45 Nets,power + unicontrolsets,2,LogisticRegression,0.4667,0.1886
asic45_nets,ASIC45 Nets,power + unicontrolsets,2,Perceptron,0.3333,0.0943
asic45_nets,ASIC45 Nets,power + unicontrolsets,2,SGDClassifier,0.3333,0.0943
asic45_nets,ASIC45 Nets,nets + ffs,2,LogisticRegression,0.6,0.1633
asic45_nets,ASIC45 Nets,nets + ffs,2,Perceptron,0.6667,0.0943
asic45_nets,ASIC45 Nets,nets + ffs,2,SGDClassifier,0.5333,0.2494
asic45_nets,ASIC45 Nets,nets + distram,2,LogisticRegression,0.6,0.1633
asic45_nets,ASIC45 Nets,nets + distram,2,Perceptron,0.4667,0.1886
asic45_nets,ASIC45 Nets,nets + distram,2,SGDClassifier,0.5333,0.0943
asic45_nets,ASIC45 Nets,nets + unicontrolsets,2,LogisticRegression,0.5333,0.2494
asic45_nets,ASIC45 Nets,nets + unicontrolsets,2,Perceptron,0.4,0.1633
asic45_nets,ASIC45 Nets,nets + unicontrolsets,2,SGDClassifier,0.4,0.1633
asic45_nets,ASIC45 Nets,ffs + distram,2,LogisticRegression,0.6,0.1633
asic45_nets,ASIC45 Nets,ffs + distram,2,Perceptron,0.6667,0.0943
asic45_nets,ASIC45 Nets,ffs + distram,2,SGDClassifier,0.6667,0.1886
asic45_nets,ASIC45 Nets,ffs + unicontrolsets,2,LogisticRegression,0.4,0.1633
asic45_nets,ASIC45 Nets,ffs + unicontrolsets,2,Perceptron,0.4,0.1633
asic45_nets,ASIC45 Nets,ffs + unicontrolsets,2,SGDClassifier,0.4,0.1633
asic45_nets,ASIC45 Nets,distram + unicontrolsets,2,LogisticRegression,0.5333,0.1886
asic45_nets,ASIC45 Nets,distram + unicontrolsets,2,Perceptron,0.5333,0.0943
asic45_nets,ASIC45 Nets,distram + unicontrolsets,2,SGDClassifier,0.4,0.1633
asic45_nets,ASIC45 Nets,luts + fmax + power,3,LogisticRegression,0.6667,0.0943
asic45_nets,ASIC45 Nets,luts + fmax + power,3,Perceptron,0.4667,0.0943
asic45_nets,ASIC45 Nets,luts + fmax + power,3,SGDClassifier,0.5333,0.0943
asic45_nets,ASIC45 Nets,luts + fmax + nets,3,LogisticRegression,0.7333,0.0943
asic45_nets,ASIC45 Nets,luts + fmax + nets,3,Perceptron,0.6667,0.0943
asic45_nets,ASIC45 Nets,luts + fmax + nets,3,SGDClassifier,0.7333,0.1886
asic45_nets,ASIC45 Nets,luts + fmax + ffs,3,LogisticRegression,0.7333,0.0943
asic45_nets,ASIC45 Nets,luts + fmax + ffs,3,Perceptron,0.6,0.0
asic45_nets,ASIC45 Nets,luts + fmax + ffs,3,SGDClassifier,0.5333,0.0943
asic45_nets,ASIC45 Nets,luts + fmax + distram,3,LogisticRegression,0.6,0.0
asic45_nets,ASIC45 Nets,luts + fmax + distram,3,Perceptron,0.6,0.1633
asic45_nets,ASIC45 Nets,luts + fmax + distram,3,SGDClassifier,0.5333,0.2494
asic45_nets,ASIC45 Nets,luts + fmax + unicontrolsets,3,LogisticRegression,0.6667,0.0943
asic45_nets,ASIC45 Nets,luts + fmax + unicontrolsets,3,Perceptron,0.5333,0.0943
asic45_nets,ASIC45 Nets,luts + fmax + unicontrolsets,3,SGDClassifier,0.5333,0.0943
asic45_nets,ASIC45 Nets,luts + power + nets,3,LogisticRegression,0.5333,0.0943
asic45_nets,ASIC45 Nets,luts + power + nets,3,Perceptron,0.5333,0.0943
asic45_nets,ASIC45 Nets,luts + power + nets,3,SGDClassifier,0.4667,0.1886
asic45_nets,ASIC45 Nets,luts + power + ffs,3,LogisticRegression,0.5333,0.0943
asic45_nets,ASIC45 Nets,luts + power + ffs,3,Perceptron,0.4667,0.1886
asic45_nets,ASIC45 Nets,luts + power + ffs,3,SGDClassifier,0.5333,0.0943
asic45_nets,ASIC45 Nets,luts + power + distram,3,LogisticRegression,0.5333,0.0943
asic45_nets,ASIC45 Nets,luts + power + distram,3,Perceptron,0.4667,0.0943
asic45_nets,ASIC45 Nets,luts + power + distram,3,SGDClassifier,0.4667,0.0943
asic45_nets,ASIC45 Nets,luts + power + unicontrolsets,3,LogisticRegression,0.4667,0.1886
asic45_nets,ASIC45 Nets,luts + power + unicontrolsets,3,Perceptron,0.4,0.1633
asic45_nets,ASIC45 Nets,luts + power + unicontrolsets,3,SGDClassifier,0.3333,0.1886
asic45_nets,ASIC45 Nets,luts + nets + ffs,3,LogisticRegression,0.6,0.1633
asic45_nets,ASIC45 Nets,luts + nets + ffs,3,Perceptron,0.4,0.1633
asic45_nets,ASIC45 Nets,luts + nets + ffs,3,SGDClassifier,0.4667,0.0943
asic45_nets,ASIC45 Nets,luts + nets + distram,3,LogisticRegression,0.5333,0.2494
asic45_nets,ASIC45 Nets,luts + nets + distram,3,Perceptron,0.6667,0.0943
asic45_nets,ASIC45 Nets,luts + nets + distram,3,SGDClassifier,0.7333,0.0943
asic45_nets,ASIC45 Nets,luts + nets + unicontrolsets,3,LogisticRegression,0.5333,0.2494
asic45_nets,ASIC45 Nets,luts + nets + unicontrolsets,3,Perceptron,0.4667,0.1886
asic45_nets,ASIC45 Nets,luts + nets + unicontrolsets,3,SGDClassifier,0.4667,0.1886
asic45_nets,ASIC45 Nets,luts + ffs + distram,3,LogisticRegression,0.5333,0.2494
asic45_nets,ASIC45 Nets,luts + ffs + distram,3,Perceptron,0.6,0.0
asic45_nets,ASIC45 Nets,luts + ffs + distram,3,SGDClassifier,0.6,0.0
asic45_nets,ASIC45 Nets,luts + ffs + unicontrolsets,3,LogisticRegression,0.5333,0.0943
asic45_nets,ASIC45 Nets,luts + ffs + unicontrolsets,3,Perceptron,0.5333,0.0943
asic45_nets,ASIC45 Nets,luts + ffs + unicontrolsets,3,SGDClassifier,0.4,0.1633
asic45_nets,ASIC45 Nets,luts + distram + unicontrolsets,3,LogisticRegression,0.4667,0.1886
asic45_nets,ASIC45 Nets,luts + distram + unicontrolsets,3,Perceptron,0.5333,0.0943
asic45_nets,ASIC45 Nets,luts + distram + unicontrolsets,3,SGDClassifier,0.6,0.1633
asic45_nets,ASIC45 Nets,fmax + power + nets,3,LogisticRegression,0.6667,0.0943
asic45_nets,ASIC45 Nets,fmax + power + nets,3,Perceptron,0.6667,0.0943
asic45_nets,ASIC45 Nets,fmax + power + nets,3,SGDClassifier,0.6667,0.0943
asic45_nets,ASIC45 Nets,fmax + power + ffs,3,LogisticRegression,0.6667,0.0943
asic45_nets,ASIC45 Nets,fmax + power + ffs,3,Perceptron,0.7333,0.0943
asic45_nets,ASIC45 Nets,fmax + power + ffs,3,SGDClassifier,0.6667,0.0943
asic45_nets,ASIC45 Nets,fmax + power + distram,3,LogisticRegression,0.6,0.1633
asic45_nets,ASIC45 Nets,fmax + power + distram,3,Perceptron,0.5333,0.0943
asic45_nets,ASIC45 Nets,fmax + power + distram,3,SGDClassifier,0.5333,0.0943
asic45_nets,ASIC45 Nets,fmax + power + unicontrolsets,3,LogisticRegression,0.6667,0.0943
asic45_nets,ASIC45 Nets,fmax + power + unicontrolsets,3,Perceptron,0.4,0.1633
asic45_nets,ASIC45 Nets,fmax + power + unicontrolsets,3,SGDClassifier,0.4,0.1633
asic45_nets,ASIC45 Nets,fmax + nets + ffs,3,LogisticRegression,0.7333,0.0943
asic45_nets,ASIC45 Nets,fmax + nets + ffs,3,Perceptron,0.6667,0.0943
asic45_nets,ASIC45 Nets,fmax + nets + ffs,3,SGDClassifier,0.6,0.0
asic45_nets,ASIC45 Nets,fmax + nets + distram,3,LogisticRegression,0.6667,0.0943
asic45_nets,ASIC45 Nets,fmax + nets + distram,3,Perceptron,0.6,0.1633
asic45_nets,ASIC45 Nets,fmax + nets + distram,3,SGDClassifier,0.6,0.1633
asic45_nets,ASIC45 Nets,fmax + nets + unicontrolsets,3,LogisticRegression,0.7333,0.0943
asic45_nets,ASIC45 Nets,fmax + nets + unicontrolsets,3,Perceptron,0.6,0.0
asic45_nets,ASIC45 Nets,fmax + nets + unicontrolsets,3,SGDClassifier,0.6,0.0
asic45_nets,ASIC45 Nets,fmax + ffs + distram,3,LogisticRegression,0.7333,0.0943
asic45_nets,ASIC45 Nets,fmax + ffs + distram,3,Perceptron,0.6667,0.0943
asic45_nets,ASIC45 Nets,fmax + ffs + distram,3,SGDClassifier,0.7333,0.0943
asic45_nets,ASIC45 Nets,fmax + ffs + unicontrolsets,3,LogisticRegression,0.6667,0.0943
asic45_nets,ASIC45 Nets,fmax + ffs + unicontrolsets,3,Perceptron,0.6,0.0
asic45_nets,ASIC45 Nets,fmax + ffs + unicontrolsets,3,SGDClassifier,0.5333,0.0943
asic45_nets,ASIC45 Nets,fmax + distram + unicontrolsets,3,LogisticRegression,0.6,0.0
asic45_nets,ASIC45 Nets,fmax + distram + unicontrolsets,3,Perceptron,0.5333,0.2494
asic45_nets,ASIC45 Nets,fmax + distram + unicontrolsets,3,SGDClassifier,0.4,0.2828
asic45_nets,ASIC45 Nets,power + nets + ffs,3,LogisticRegression,0.5333,0.0943
asic45_nets,ASIC45 Nets,power + nets + ffs,3,Perceptron,0.4,0.1633
asic45_nets,ASIC45 Nets,power + nets + ffs,3,SGDClassifier,0.6,0.0
asic45_nets,ASIC45 Nets,power + nets + distram,3,LogisticRegression,0.5333,0.0943
asic45_nets,ASIC45 Nets,power + nets + distram,3,Perceptron,0.5333,0.0943
asic45_nets,ASIC45 Nets,power + nets + distram,3,SGDClassifier,0.5333,0.0943
asic45_nets,ASIC45 Nets,power + nets + unicontrolsets,3,LogisticRegression,0.5333,0.2494
asic45_nets,ASIC45 Nets,power + nets + unicontrolsets,3,Perceptron,0.4,0.1633
asic45_nets,ASIC45 Nets,power + nets + unicontrolsets,3,SGDClassifier,0.4,0.1633
asic45_nets,ASIC45 Nets,power + ffs + distram,3,LogisticRegression,0.4667,0.1886
asic45_nets,ASIC45 Nets,power + ffs + distram,3,Perceptron,0.6,0.0
asic45_nets,ASIC45 Nets,power + ffs + distram,3,SGDClassifier,0.4667,0.0943
asic45_nets,ASIC45 Nets,power + ffs + unicontrolsets,3,LogisticRegression,0.4,0.2828
asic45_nets,ASIC45 Nets,power + ffs + unicontrolsets,3,Perceptron,0.3333,0.1886
asic45_nets,ASIC45 Nets,power + ffs + unicontrolsets,3,SGDClassifier,0.3333,0.1886
asic45_nets,ASIC45 Nets,power + distram + unicontrolsets,3,LogisticRegression,0.4,0.1633
asic45_nets,ASIC45 Nets,power + distram + unicontrolsets,3,Perceptron,0.4667,0.2494
asic45_nets,ASIC45 Nets,power + distram + unicontrolsets,3,SGDClassifier,0.4,0.1633
asic45_nets,ASIC45 Nets,nets + ffs + distram,3,LogisticRegression,0.6,0.1633
asic45_nets,ASIC45 Nets,nets + ffs + distram,3,Perceptron,0.6,0.0
asic45_nets,ASIC45 Nets,nets + ffs + distram,3,SGDClassifier,0.6667,0.0943
asic45_nets,ASIC45 Nets,nets + ffs + unicontrolsets,3,LogisticRegression,0.5333,0.0943
asic45_nets,ASIC45 Nets,nets + ffs + unicontrolsets,3,Perceptron,0.4,0.1633
asic45_nets,ASIC45 Nets,nets + ffs + unicontrolsets,3,SGDClassifier,0.4,0.1633
asic45_nets,ASIC45 Nets,nets + distram + unicontrolsets,3,LogisticRegression,0.4667,0.1886
asic45_nets,ASIC45 Nets,nets + distram + unicontrolsets,3,Perceptron,0.4,0.1633
asic45_nets,ASIC45 Nets,nets + distram + unicontrolsets,3,SGDClassifier,0.6,0.0
asic45_nets,ASIC45 Nets,ffs + distram + unicontrolsets,3,LogisticRegression,0.5333,0.0943
asic45_nets,ASIC45 Nets,ffs + distram + unicontrolsets,3,Perceptron,0.6,0.0
asic45_nets,ASIC45 Nets,ffs + distram + unicontrolsets,3,SGDClassifier,0.6,0.1633
asic45_nets,ASIC45 Nets,luts + fmax + power + nets,4,LogisticRegression,0.6667,0.0943
asic45_nets,ASIC45 Nets,luts + fmax + power + nets,4,Perceptron,0.8,0.1633
asic45_nets,ASIC45 Nets,luts + fmax + power + nets,4,SGDClassifier,0.8,0.1633
asic45_nets,ASIC45 Nets,luts + fmax + power + ffs,4,LogisticRegression,0.7333,0.0943
asic45_nets,ASIC45 Nets,luts + fmax + power + ffs,4,Perceptron,0.7333,0.0943
asic45_nets,ASIC45 Nets,luts + fmax + power + ffs,4,SGDClassifier,0.6667,0.0943
asic45_nets,ASIC45 Nets,luts + fmax + power + distram,4,LogisticRegression,0.6,0.0
asic45_nets,ASIC45 Nets,luts + fmax + power + distram,4,Perceptron,0.5333,0.0943
asic45_nets,ASIC45 Nets,luts + fmax + power + distram,4,SGDClassifier,0.5333,0.0943
asic45_nets,ASIC45 Nets,luts + fmax + power + unicontrolsets,4,LogisticRegression,0.6667,0.0943
asic45_nets,ASIC45 Nets,luts + fmax + power + unicontrolsets,4,Perceptron,0.5333,0.0943
asic45_nets,ASIC45 Nets,luts + fmax + power + unicontrolsets,4,SGDClassifier,0.5333,0.0943
asic45_nets,ASIC45 Nets,luts + fmax + nets + ffs,4,LogisticRegression,0.7333,0.0943
asic45_nets,ASIC45 Nets,luts + fmax + nets + ffs,4,Perceptron,0.6,0.1633
asic45_nets,ASIC45 Nets,luts + fmax + nets + ffs,4,SGDClassifier,0.6667,0.0943
asic45_nets,ASIC45 Nets,luts + fmax + nets + distram,4,LogisticRegression,0.6667,0.0943
asic45_nets,ASIC45 Nets,luts + fmax + nets + distram,4,Perceptron,0.6,0.1633
asic45_nets,ASIC45 Nets,luts + fmax + nets + distram,4,SGDClassifier,0.5333,0.2494
asic45_nets,ASIC45 Nets,luts + fmax + nets + unicontrolsets,4,LogisticRegression,0.7333,0.0943
asic45_nets,ASIC45 Nets,luts + fmax + nets + unicontrolsets,4,Perceptron,0.6,0.0
asic45_nets,ASIC45 Nets,luts + fmax + nets + unicontrolsets,4,SGDClassifier,0.5333,0.0943
asic45_nets,ASIC45 Nets,luts + fmax + ffs + distram,4,LogisticRegression,0.7333,0.0943
asic45_nets,ASIC45 Nets,luts + fmax + ffs + distram,4,Perceptron,0.6,0.0
asic45_nets,ASIC45 Nets,luts + fmax + ffs + distram,4,SGDClassifier,0.6,0.0
asic45_nets,ASIC45 Nets,luts + fmax + ffs + unicontrolsets,4,LogisticRegression,0.6667,0.0943
asic45_nets,ASIC45 Nets,luts + fmax + ffs + unicontrolsets,4,Perceptron,0.6,0.0
asic45_nets,ASIC45 Nets,luts + fmax + ffs + unicontrolsets,4,SGDClassifier,0.6,0.1633
asic45_nets,ASIC45 Nets,luts + fmax + distram + unicontrolsets,4,LogisticRegression,0.6,0.0
asic45_nets,ASIC45 Nets,luts + fmax + distram + unicontrolsets,4,Perceptron,0.5333,0.0943
asic45_nets,ASIC45 Nets,luts + fmax + distram + unicontrolsets,4,SGDClassifier,0.5333,0.0943
asic45_nets,ASIC45 Nets,luts + power + nets + ffs,4,LogisticRegression,0.6,0.1633
asic45_nets,ASIC45 Nets,luts + power + nets + ffs,4,Perceptron,0.5333,0.0943
asic45_nets,ASIC45 Nets,luts + power + nets + ffs,4,SGDClassifier,0.4,0.1633
asic45_nets,ASIC45 Nets,luts + power + nets + distram,4,LogisticRegression,0.4667,0.1886
asic45_nets,ASIC45 Nets,luts + power + nets + distram,4,Perceptron,0.6667,0.0943
asic45_nets,ASIC45 Nets,luts + power + nets + distram,4,SGDClassifier,0.6,0.1633
asic45_nets,ASIC45 Nets,luts + power + nets + unicontrolsets,4,LogisticRegression,0.6,0.1633
asic45_nets,ASIC45 Nets,luts + power + nets + unicontrolsets,4,Perceptron,0.4,0.1633
asic45_nets,ASIC45 Nets,luts + power + nets + unicontrolsets,4,SGDClassifier,0.5333,0.0943
asic45_nets,ASIC45 Nets,luts + power + ffs + distram,4,LogisticRegression,0.4667,0.1886
asic45_nets,ASIC45 Nets,luts + power + ffs + distram,4,Perceptron,0.5333,0.0943
asic45_nets,ASIC45 Nets,luts + power + ffs + distram,4,SGDClassifier,0.4667,0.0943
asic45_nets,ASIC45 Nets,luts + power + ffs + unicontrolsets,4,LogisticRegression,0.4667,0.0943
asic45_nets,ASIC45 Nets,luts + power + ffs + unicontrolsets,4,Perceptron,0.4,0.1633
asic45_nets,ASIC45 Nets,luts + power + ffs + unicontrolsets,4,SGDClassifier,0.4667,0.0943
asic45_nets,ASIC45 Nets,luts + power + distram + unicontrolsets,4,LogisticRegression,0.4667,0.1886
asic45_nets,ASIC45 Nets,luts + power + distram + unicontrolsets,4,Perceptron,0.5333,0.0943
asic45_nets,ASIC45 Nets,luts + power + distram + unicontrolsets,4,SGDClassifier,0.4,0.0
asic45_nets,ASIC45 Nets,luts + nets + ffs + distram,4,LogisticRegression,0.5333,0.2494
asic45_nets,ASIC45 Nets,luts + nets + ffs + distram,4,Perceptron,0.5333,0.0943
asic45_nets,ASIC45 Nets,luts + nets + ffs + distram,4,SGDClassifier,0.4667,0.0943
asic45_nets,ASIC45 Nets,luts + nets + ffs + unicontrolsets,4,LogisticRegression,0.5333,0.0943
asic45_nets,ASIC45 Nets,luts + nets + ffs + unicontrolsets,4,Perceptron,0.4,0.1633
asic45_nets,ASIC45 Nets,luts + nets + ffs + unicontrolsets,4,SGDClassifier,0.4667,0.0943
asic45_nets,ASIC45 Nets,luts + nets + distram + unicontrolsets,4,LogisticRegression,0.4667,0.1886
asic45_nets,ASIC45 Nets,luts + nets + distram + unicontrolsets,4,Perceptron,0.5333,0.0943
asic45_nets,ASIC45 Nets,luts + nets + distram + unicontrolsets,4,SGDClassifier,0.6667,0.0943
asic45_nets,ASIC45 Nets,luts + ffs + distram + unicontrolsets,4,LogisticRegression,0.4667,0.1886
asic45_nets,ASIC45 Nets,luts + ffs + distram + unicontrolsets,4,Perceptron,0.5333,0.0943
asic45_nets,ASIC45 Nets,luts + ffs + distram + unicontrolsets,4,SGDClassifier,0.4667,0.0943
asic45_nets,ASIC45 Nets,fmax + power + nets + ffs,4,LogisticRegression,0.7333,0.0943
asic45_nets,ASIC45 Nets,fmax + power + nets + ffs,4,Perceptron,0.5333,0.0943
asic45_nets,ASIC45 Nets,fmax + power + nets + ffs,4,SGDClassifier,0.5333,0.0943
asic45_nets,ASIC45 Nets,fmax + power + nets + distram,4,LogisticRegression,0.6,0.0
asic45_nets,ASIC45 Nets,fmax + power + nets + distram,4,Perceptron,0.5333,0.0943
asic45_nets,ASIC45 Nets,fmax + power + nets + distram,4,SGDClassifier,0.4667,0.1886
asic45_nets,ASIC45 Nets,fmax + power + nets + unicontrolsets,4,LogisticRegression,0.6667,0.0943
asic45_nets,ASIC45 Nets,fmax + power + nets + unicontrolsets,4,Perceptron,0.6,0.0
asic45_nets,ASIC45 Nets,fmax + power + nets + unicontrolsets,4,SGDClassifier,0.5333,0.0943
asic45_nets,ASIC45 Nets,fmax + power + ffs + distram,4,LogisticRegression,0.6,0.0
asic45_nets,ASIC45 Nets,fmax + power + ffs + distram,4,Perceptron,0.5333,0.0943
asic45_nets,ASIC45 Nets,fmax + power + ffs + distram,4,SGDClassifier,0.6,0.1633
asic45_nets,ASIC45 Nets,fmax + power + ffs + unicontrolsets,4,LogisticRegression,0.6667,0.0943
asic45_nets,ASIC45 Nets,fmax + power + ffs + unicontrolsets,4,Perceptron,0.6,0.1633
asic45_nets,ASIC45 Nets,fmax + power + ffs + unicontrolsets,4,SGDClassifier,0.4667,0.1886
asic45_nets,ASIC45 Nets,fmax + power + distram + unicontrolsets,4,LogisticRegression,0.5333,0.0943
asic45_nets,ASIC45 Nets,fmax + power + distram + unicontrolsets,4,Perceptron,0.4667,0.1886
asic45_nets,ASIC45 Nets,fmax + power + distram + unicontrolsets,4,SGDClassifier,0.5333,0.0943
asic45_nets,ASIC45 Nets,fmax + nets + ffs + distram,4,LogisticRegression,0.7333,0.0943
asic45_nets,ASIC45 Nets,fmax + nets + ffs + distram,4,Perceptron,0.6667,0.0943
asic45_nets,ASIC45 Nets,fmax + nets + ffs + distram,4,SGDClassifier,0.5333,0.0943
asic45_nets,ASIC45 Nets,fmax + nets + ffs + unicontrolsets,4,LogisticRegression,0.6667,0.0943
asic45_nets,ASIC45 Nets,fmax + nets + ffs + unicontrolsets,4,Perceptron,0.7333,0.0943
asic45_nets,ASIC45 Nets,fmax + nets + ffs + unicontrolsets,4,SGDClassifier,0.5333,0.0943
asic45_nets,ASIC45 Nets,fmax + nets + distram + unicontrolsets,4,LogisticRegression,0.6,0.0
asic45_nets,ASIC45 Nets,fmax + nets + distram + unicontrolsets,4,Perceptron,0.4,0.1633
asic45_nets,ASIC45 Nets,fmax + nets + distram + unicontrolsets,4,SGDClassifier,0.4667,0.1886
asic45_nets,ASIC45 Nets,fmax + ffs + distram + unicontrolsets,4,LogisticRegression,0.6667,0.0943
asic45_nets,ASIC45 Nets,fmax + ffs + distram + unicontrolsets,4,Perceptron,0.6667,0.0943
asic45_nets,ASIC45 Nets,fmax + ffs + distram + unicontrolsets,4,SGDClassifier,0.5333,0.0943
asic45_nets,ASIC45 Nets,power + nets + ffs + distram,4,LogisticRegression,0.4667,0.1886
asic45_nets,ASIC45 Nets,power + nets + ffs + distram,4,Perceptron,0.6,0.0
asic45_nets,ASIC45 Nets,power + nets + ffs + distram,4,SGDClassifier,0.5333,0.0943
asic45_nets,ASIC45 Nets,power + nets + ffs + unicontrolsets,4,LogisticRegression,0.4667,0.0943
asic45_nets,ASIC45 Nets,power + nets + ffs + unicontrolsets,4,Perceptron,0.3333,0.1886
asic45_nets,ASIC45 Nets,power + nets + ffs + unicontrolsets,4,SGDClassifier,0.5333,0.0943
asic45_nets,ASIC45 Nets,power + nets + distram + unicontrolsets,4,LogisticRegression,0.4667,0.1886
asic45_nets,ASIC45 Nets,power + nets + distram + unicontrolsets,4,Perceptron,0.5333,0.0943
asic45_nets,ASIC45 Nets,power + nets + distram + unicontrolsets,4,SGDClassifier,0.4,0.1633
asic45_nets,ASIC45 Nets,power + ffs + distram + unicontrolsets,4,LogisticRegression,0.4,0.1633
asic45_nets,ASIC45 Nets,power + ffs + distram + unicontrolsets,4,Perceptron,0.5333,0.0943
asic45_nets,ASIC45 Nets,power + ffs + distram + unicontrolsets,4,SGDClassifier,0.4,0.1633
asic45_nets,ASIC45 Nets,nets + ffs + distram + unicontrolsets,4,LogisticRegression,0.4667,0.1886
asic45_nets,ASIC45 Nets,nets + ffs + distram + unicontrolsets,4,Perceptron,0.4667,0.0943
asic45_nets,ASIC45 Nets,nets + ffs + distram + unicontrolsets,4,SGDClassifier,0.5333,0.0943
asic45_nets,ASIC45 Nets,luts + fmax + power + nets + ffs,5,LogisticRegression,0.7333,0.0943
asic45_nets,ASIC45 Nets,luts + fmax + power + nets + ffs,5,Perceptron,0.5333,0.0943
asic45_nets,ASIC45 Nets,luts + fmax + power + nets + ffs,5,SGDClassifier,0.5333,0.0943
asic45_nets,ASIC45 Nets,luts + fmax + power + nets + distram,5,LogisticRegression,0.6,0.0
asic45_nets,ASIC45 Nets,luts + fmax + power + nets + distram,5,Perceptron,0.6,0.1633
asic45_nets,ASIC45 Nets,luts + fmax + power + nets + distram,5,SGDClassifier,0.4667,0.1886
asic45_nets,ASIC45 Nets,luts + fmax + power + nets + unicontrolsets,5,LogisticRegression,0.6667,0.0943
asic45_nets,ASIC45 Nets,luts + fmax + power + nets + unicontrolsets,5,Perceptron,0.5333,0.0943
asic45_nets,ASIC45 Nets,luts + fmax + power + nets + unicontrolsets,5,SGDClassifier,0.6,0.1633
asic45_nets,ASIC45 Nets,luts + fmax + power + ffs + distram,5,LogisticRegression,0.6,0.0
asic45_nets,ASIC45 Nets,luts + fmax + power + ffs + distram,5,Perceptron,0.5333,0.0943
asic45_nets,ASIC45 Nets,luts + fmax + power + ffs + distram,5,SGDClassifier,0.6,0.1633
asic45_nets,ASIC45 Nets,luts + fmax + power + ffs + unicontrolsets,5,LogisticRegression,0.6667,0.0943
asic45_nets,ASIC45 Nets,luts + fmax + power + ffs + unicontrolsets,5,Perceptron,0.5333,0.0943
asic45_nets,ASIC45 Nets,luts + fmax + power + ffs + unicontrolsets,5,SGDClassifier,0.5333,0.0943
asic45_nets,ASIC45 Nets,luts + fmax + power + distram + unicontrolsets,5,LogisticRegression,0.6,0.0
asic45_nets,ASIC45 Nets,luts + fmax + power + distram + unicontrolsets,5,Perceptron,0.4,0.1633
asic45_nets,ASIC45 Nets,luts + fmax + power + distram + unicontrolsets,5,SGDClassifier,0.4,0.1633
asic45_nets,ASIC45 Nets,luts + fmax + nets + ffs + distram,5,LogisticRegression,0.6667,0.0943
asic45_nets,ASIC45 Nets,luts + fmax + nets + ffs + distram,5,Perceptron,0.6,0.0
asic45_nets,ASIC45 Nets,luts + fmax + nets + ffs + distram,5,SGDClassifier,0.6,0.1633
asic45_nets,ASIC45 Nets,luts + fmax + nets + ffs + unicontrolsets,5,LogisticRegression,0.6667,0.0943
asic45_nets,ASIC45 Nets,luts + fmax + nets + ffs + unicontrolsets,5,Perceptron,0.6,0.0
asic45_nets,ASIC45 Nets,luts + fmax + nets + ffs + unicontrolsets,5,SGDClassifier,0.6,0.0
asic45_nets,ASIC45 Nets,luts + fmax + nets + distram + unicontrolsets,5,LogisticRegression,0.6,0.0
asic45_nets,ASIC45 Nets,luts + fmax + nets + distram + unicontrolsets,5,Perceptron,0.4667,0.1886
asic45_nets,ASIC45 Nets,luts + fmax + nets + distram + unicontrolsets,5,SGDClassifier,0.6,0.0
asic45_nets,ASIC45 Nets,luts + fmax + ffs + distram + unicontrolsets,5,LogisticRegression,0.6,0.0
asic45_nets,ASIC45 Nets,luts + fmax + ffs + distram + unicontrolsets,5,Perceptron,0.5333,0.0943
asic45_nets,ASIC45 Nets,luts + fmax + ffs + distram + unicontrolsets,5,SGDClassifier,0.4667,0.0943
asic45_nets,ASIC45 Nets,luts + power + nets + ffs + distram,5,LogisticRegression,0.5333,0.2494
asic45_nets,ASIC45 Nets,luts + power + nets + ffs + distram,5,Perceptron,0.5333,0.0943
asic45_nets,ASIC45 Nets,luts + power + nets + ffs + distram,5,SGDClassifier,0.4,0.1633
asic45_nets,ASIC45 Nets,luts + power + nets + ffs + unicontrolsets,5,LogisticRegression,0.5333,0.0943
asic45_nets,ASIC45 Nets,luts + power + nets + ffs + unicontrolsets,5,Perceptron,0.4667,0.1886
asic45_nets,ASIC45 Nets,luts + power + nets + ffs + unicontrolsets,5,SGDClassifier,0.6,0.1633
asic45_nets,ASIC45 Nets,luts + power + nets + distram + unicontrolsets,5,LogisticRegression,0.4667,0.1886
asic45_nets,ASIC45 Nets,luts + power + nets + distram + unicontrolsets,5,Perceptron,0.5333,0.0943
asic45_nets,ASIC45 Nets,luts + power + nets + distram + unicontrolsets,5,SGDClassifier,0.4667,0.0943
asic45_nets,ASIC45 Nets,luts + power + ffs + distram + unicontrolsets,5,LogisticRegression,0.4667,0.1886
asic45_nets,ASIC45 Nets,luts + power + ffs + distram + unicontrolsets,5,Perceptron,0.5333,0.0943
asic45_nets,ASIC45 Nets,luts + power + ffs + distram + unicontrolsets,5,SGDClassifier,0.3333,0.0943
asic45_nets,ASIC45 Nets,luts + nets + ffs + distram + unicontrolsets,5,LogisticRegression,0.4667,0.1886
asic45_nets,ASIC45 Nets,luts + nets + ffs + distram + unicontrolsets,5,Perceptron,0.4667,0.0943
asic45_nets,ASIC45 Nets,luts + nets + ffs + distram + unicontrolsets,5,SGDClassifier,0.4,0.0
asic45_nets,ASIC45 Nets,fmax + power + nets + ffs + distram,5,LogisticRegression,0.6667,0.0943
asic45_nets,ASIC45 Nets,fmax + power + nets + ffs + distram,5,Perceptron,0.6,0.1633
asic45_nets,ASIC45 Nets,fmax + power + nets + ffs + distram,5,SGDClassifier,0.6667,0.0943
asic45_nets,ASIC45 Nets,fmax + power + nets + ffs + unicontrolsets,5,LogisticRegression,0.6667,0.0943
asic45_nets,ASIC45 Nets,fmax + power + nets + ffs + unicontrolsets,5,Perceptron,0.5333,0.0943
asic45_nets,ASIC45 Nets,fmax + power + nets + ffs + unicontrolsets,5,SGDClassifier,0.6667,0.0943
asic45_nets,ASIC45 Nets,fmax + power + nets + distram + unicontrolsets,5,LogisticRegression,0.6,0.0
asic45_nets,ASIC45 Nets,fmax + power + nets + distram + unicontrolsets,5,Perceptron,0.4667,0.0943
asic45_nets,ASIC45 Nets,fmax + power + nets + distram + unicontrolsets,5,SGDClassifier,0.4667,0.0943
asic45_nets,ASIC45 Nets,fmax + power + ffs + distram + unicontrolsets,5,LogisticRegression,0.6,0.0
asic45_nets,ASIC45 Nets,fmax + power + ffs + distram + unicontrolsets,5,Perceptron,0.4667,0.0943
asic45_nets,ASIC45 Nets,fmax + power + ffs + distram + unicontrolsets,5,SGDClassifier,0.4667,0.0943
asic45_nets,ASIC45 Nets,fmax + nets + ffs + distram + unicontrolsets,5,LogisticRegression,0.6667,0.0943
asic45_nets,ASIC45 Nets,fmax + nets + ffs + distram + unicontrolsets,5,Perceptron,0.6,0.0
asic45_nets,ASIC45 Nets,fmax + nets + ffs + distram + unicontrolsets,5,SGDClassifier,0.6,0.0
asic45_nets,ASIC45 Nets,power + nets + ffs + distram + unicontrolsets,5,LogisticRegression,0.4,0.1633
asic45_nets,ASIC45 Nets,power + nets + ffs + distram + unicontrolsets,5,Perceptron,0.5333,0.0943
asic45_nets,ASIC45 Nets,power + nets + ffs + distram + unicontrolsets,5,SGDClassifier,0.5333,0.0943
asic45_nets,ASIC45 Nets,luts + fmax + power + nets + ffs + distram,6,LogisticRegression,0.6667,0.0943
asic45_nets,ASIC45 Nets,luts + fmax + power + nets + ffs + distram,6,Perceptron,0.6,0.0
asic45_nets,ASIC45 Nets,luts + fmax + power + nets + ffs + distram,6,SGDClassifier,0.6,0.0
asic45_nets,ASIC45 Nets,luts + fmax + power + nets + ffs + unicontrolsets,6,LogisticRegression,0.6667,0.0943
asic45_nets,ASIC45 Nets,luts + fmax + power + nets + ffs + unicontrolsets,6,Perceptron,0.5333,0.0943
asic45_nets,ASIC45 Nets,luts + fmax + power + nets + ffs + unicontrolsets,6,SGDClassifier,0.6,0.1633
asic45_nets,ASIC45 Nets,luts + fmax + power + nets + distram + unicontrolsets,6,LogisticRegression,0.6,0.0
asic45_nets,ASIC45 Nets,luts + fmax + power + nets + distram + unicontrolsets,6,Perceptron,0.4667,0.0943
asic45_nets,ASIC45 Nets,luts + fmax + power + nets + distram + unicontrolsets,6,SGDClassifier,0.4667,0.0943
asic45_nets,ASIC45 Nets,luts + fmax + power + ffs + distram + unicontrolsets,6,LogisticRegression,0.6,0.0
asic45_nets,ASIC45 Nets,luts + fmax + power + ffs + distram + unicontrolsets,6,Perceptron,0.4667,0.0943
asic45_nets,ASIC45 Nets,luts + fmax + power + ffs + distram + unicontrolsets,6,SGDClassifier,0.4667,0.0943
asic45_nets,ASIC45 Nets,luts + fmax + nets + ffs + distram + unicontrolsets,6,LogisticRegression,0.6,0.0
asic45_nets,ASIC45 Nets,luts + fmax + nets + ffs + distram + unicontrolsets,6,Perceptron,0.5333,0.0943
asic45_nets,ASIC45 Nets,luts + fmax + nets + ffs + distram + unicontrolsets,6,SGDClassifier,0.5333,0.0943
asic45_nets,ASIC45 Nets,luts + power + nets + ffs + distram + unicontrolsets,6,LogisticRegression,0.4667,0.1886
asic45_nets,ASIC45 Nets,luts + power + nets + ffs + distram + unicontrolsets,6,Perceptron,0.4667,0.0943
asic45_nets,ASIC45 Nets,luts + power + nets + ffs + distram + unicontrolsets,6,SGDClassifier,0.5333,0.0943
asic45_nets,ASIC45 Nets,fmax + power + nets + ffs + distram + unicontrolsets,6,LogisticRegression,0.6,0.0
asic45_nets,ASIC45 Nets,fmax + power + nets + ffs + distram + unicontrolsets,6,Perceptron,0.5333,0.0943
asic45_nets,ASIC45 Nets,fmax + power + nets + ffs + distram + unicontrolsets,6,SGDClassifier,0.6,0.0
asic45_nets,ASIC45 Nets,luts + fmax + power + nets + ffs + distram + unicontrolsets,7,LogisticRegression,0.6,0.0
asic45_nets,ASIC45 Nets,luts + fmax + power + nets + ffs + distram + unicontrolsets,7,Perceptron,0.5333,0.0943
asic45_nets,ASIC45 Nets,luts + fmax + power + nets + ffs + distram + unicontrolsets,7,SGDClassifier,0.5333,0.0943
asic45_registers,ASIC45 Registers,luts,1,LogisticRegression,0.4667,0.0943
asic45_registers,ASIC45 Registers,luts,1,Perceptron,0.4667,0.0943
asic45_registers,ASIC45 Registers,luts,1,SGDClassifier,0.4667,0.0943
asic45_registers,ASIC45 Registers,fmax,1,LogisticRegression,0.4,0.0
asic45_registers,ASIC45 Registers,fmax,1,Perceptron,0.5333,0.0943
asic45_registers,ASIC45 Registers,fmax,1,SGDClassifier,0.4,0.0
asic45_registers,ASIC45 Registers,power,1,LogisticRegression,0.4,0.0
asic45_registers,ASIC45 Registers,power,1,Perceptron,0.4,0.0
asic45_registers,ASIC45 Registers,power,1,SGDClassifier,0.3333,0.0943
asic45_registers,ASIC45 Registers,nets,1,LogisticRegression,0.5333,0.0943
asic45_registers,ASIC45 Registers,nets,1,Perceptron,0.4667,0.0943
asic45_registers,ASIC45 Registers,nets,1,SGDClassifier,0.6667,0.0943
asic45_registers,ASIC45 Registers,ffs,1,LogisticRegression,0.5333,0.0943
asic45_registers,ASIC45 Registers,ffs,1,Perceptron,0.4,0.1633
asic45_registers,ASIC45 Registers,ffs,1,SGDClassifier,0.4667,0.0943
asic45_registers,ASIC45 Registers,distram,1,LogisticRegression,0.1333,0.0943
asic45_registers,ASIC45 Registers,distram,1,Perceptron,0.2,0.0
asic45_registers,ASIC45 Registers,distram,1,SGDClassifier,0.2,0.0
asic45_registers,ASIC45 Registers,unicontrolsets,1,LogisticRegression,0.4,0.1633
asic45_registers,ASIC45 Registers,unicontrolsets,1,Perceptron,0.4667,0.1886
asic45_registers,ASIC45 Registers,unicontrolsets,1,SGDClassifier,0.4667,0.1886
asic45_registers,ASIC45 Registers,luts + fmax,2,LogisticRegression,0.5333,0.0943
asic45_registers,ASIC45 Registers,luts + fmax,2,Perceptron,0.6,0.0
asic45_registers,ASIC45 Registers,luts + fmax,2,SGDClassifier,0.7333,0.1886
asic45_registers,ASIC45 Registers,luts + power,2,LogisticRegression,0.5333,0.1886
asic45_registers,ASIC45 Registers,luts + power,2,Perceptron,0.4,0.1633
asic45_registers,ASIC45 Registers,luts + power,2,SGDClassifier,0.4667,0.0943
asic45_registers,ASIC45 Registers,luts + nets,2,LogisticRegression,0.6667,0.0943
asic45_registers,ASIC45 Registers,luts + nets,2,Perceptron,0.6667,0.0943
asic45_registers,ASIC45 Registers,luts + nets,2,SGDClassifier,0.6,0.0
asic45_registers,ASIC45 Registers,luts + ffs,2,LogisticRegression,0.6667,0.0943
asic45_registers,ASIC45 Registers,luts + ffs,2,Perceptron,0.5333,0.2494
asic45_registers,ASIC45 Registers,luts + ffs,2,SGDClassifier,0.4667,0.0943
asic45_registers,ASIC45 Registers,luts + distram,2,LogisticRegression,0.3333,0.0943
asic45_registers,ASIC45 Registers,luts + distram,2,Perceptron,0.2667,0.0943
asic45_registers,ASIC45 Registers,luts + distram,2,SGDClassifier,0.3333,0.0943
asic45_registers,ASIC45 Registers,luts + unicontrolsets,2,LogisticRegression,0.5333,0.0943
asic45_registers,ASIC45 Registers,luts + unicontrolsets,2,Perceptron,0.6,0.1633
asic45_registers,ASIC45 Registers,luts + unicontrolsets,2,SGDClassifier,0.5333,0.0943
asic45_registers,ASIC45 Registers,fmax + power,2,LogisticRegression,0.4,0.0
asic45_registers,ASIC45 Registers,fmax + power,2,Perceptron,0.6,0.1633
asic45_registers,ASIC45 Registers,fmax + power,2,SGDClassifier,0.6,0.1633
asic45_registers,ASIC45 Registers,fmax + nets,2,LogisticRegression,0.5333,0.0943
asic45_registers,ASIC45 Registers,fmax + nets,2,Perceptron,0.4,0.1633
asic45_registers,ASIC45 Registers,fmax + nets,2,SGDClassifier,0.6,0.0
asic45_registers,ASIC45 Registers,fmax + ffs,2,LogisticRegression,0.4667,0.0943
asic45_registers,ASIC45 Registers,fmax + ffs,2,Perceptron,0.4,0.2828
asic45_registers,ASIC45 Registers,fmax + ffs,2,SGDClassifier,0.4,0.1633
asic45_registers,ASIC45 Registers,fmax + distram,2,LogisticRegression,0.3333,0.0943
asic45_registers,ASIC45 Registers,fmax + distram,2,Perceptron,0.4,0.0
asic45_registers,ASIC45 Registers,fmax + distram,2,SGDClassifier,0.4667,0.0943
asic45_registers,ASIC45 Registers,fmax + unicontrolsets,2,LogisticRegression,0.3333,0.0943
asic45_registers,ASIC45 Registers,fmax + unicontrolsets,2,Perceptron,0.3333,0.0943
asic45_registers,ASIC45 Registers,fmax + unicontrolsets,2,SGDClassifier,0.3333,0.1886
asic45_registers,ASIC45 Registers,power + nets,2,LogisticRegression,0.5333,0.1886
asic45_registers,ASIC45 Registers,power + nets,2,Perceptron,0.5333,0.0943
asic45_registers,ASIC45 Registers,power + nets,2,SGDClassifier,0.6,0.1633
asic45_registers,ASIC45 Registers,power + ffs,2,LogisticRegression,0.6,0.1633
asic45_registers,ASIC45 Registers,power + ffs,2,Perceptron,0.4667,0.0943
asic45_registers,ASIC45 Registers,power + ffs,2,SGDClassifier,0.5333,0.0943
asic45_registers,ASIC45 Registers,power + distram,2,LogisticRegression,0.3333,0.0943
asic45_registers,ASIC45 Registers,power + distram,2,Perceptron,0.2667,0.0943
asic45_registers,ASIC45 Registers,power + distram,2,SGDClassifier,0.2667,0.0943
asic45_registers,ASIC45 Registers,power + unicontrolsets,2,LogisticRegression,0.4667,0.0943
asic45_registers,ASIC45 Registers,power + unicontrolsets,2,Perceptron,0.4,0.1633
asic45_registers,ASIC45 Registers,power + unicontrolsets,2,SGDClassifier,0.4,0.1633
asic45_registers,ASIC45 Registers,nets + ffs,2,LogisticRegression,0.6667,0.0943
asic45_registers,ASIC45 Registers,nets + ffs,2,Perceptron,0.6,0.0
asic45_registers,ASIC45 Registers,nets + ffs,2,SGDClassifier,0.4,0.1633
asic45_registers,ASIC45 Registers,nets + distram,2,LogisticRegression,0.3333,0.0943
asic45_registers,ASIC45 Registers,nets + distram,2,Perceptron,0.4,0.1633
asic45_registers,ASIC45 Registers,nets + distram,2,SGDClassifier,0.4,0.1633
asic45_registers,ASIC45 Registers,nets + unicontrolsets,2,LogisticRegression,0.6,0.1633
asic45_registers,ASIC45 Registers,nets + unicontrolsets,2,Perceptron,0.5333,0.2494
asic45_registers,ASIC45 Registers,nets + unicontrolsets,2,SGDClassifier,0.6,0.0
asic45_registers,ASIC45 Registers,ffs + distram,2,LogisticRegression,0.4667,0.0943
asic45_registers,ASIC45 Registers,ffs + distram,2,Perceptron,0.4667,0.0943
asic45_registers,ASIC45 Registers,ffs + distram,2,SGDClassifier,0.5333,0.0943
asic45_registers,ASIC45 Registers,ffs + unicontrolsets,2,LogisticRegression,0.6,0.1633
asic45_registers,ASIC45 Registers,ffs + unicontrolsets,2,Perceptron,0.4667,0.0943
asic45_registers,ASIC45 Registers,ffs + unicontrolsets,2,SGDClassifier,0.4667,0.0943
asic45_registers,ASIC45 Registers,distram + unicontrolsets,2,LogisticRegression,0.2667,0.0943
asic45_registers,ASIC45 Registers,distram + unicontrolsets,2,Perceptron,0.4,0.1633
asic45_registers,ASIC45 Registers,distram + unicontrolsets,2,SGDClassifier,0.5333,0.0943
asic45_registers,ASIC45 Registers,luts + fmax + power,3,LogisticRegression,0.4,0.0
asic45_registers,ASIC45 Registers,luts + fmax + power,3,Perceptron,0.6,0.0
asic45_registers,ASIC45 Registers,luts + fmax + power,3,SGDClassifier,0.6667,0.0943
asic45_registers,ASIC45 Registers,luts + fmax + nets,3,LogisticRegression,0.5333,0.0943
asic45_registers,ASIC45 Registers,luts + fmax + nets,3,Perceptron,0.5333,0.0943
asic45_registers,ASIC45 Registers,luts + fmax + nets,3,SGDClassifier,0.6667,0.0943
asic45_registers,ASIC45 Registers,luts + fmax + ffs,3,LogisticRegression,0.4667,0.1886
asic45_registers,ASIC45 Registers,luts + fmax + ffs,3,Perceptron,0.6,0.0
asic45_registers,ASIC45 Registers,luts + fmax + ffs,3,SGDClassifier,0.5333,0.0943
asic45_registers,ASIC45 Registers,luts + fmax + distram,3,LogisticRegression,0.4,0.1633
asic45_registers,ASIC45 Registers,luts + fmax + distram,3,Perceptron,0.4,0.1633
asic45_registers,ASIC45 Registers,luts + fmax + distram,3,SGDClassifier,0.6,0.1633
asic45_registers,ASIC45 Registers,luts + fmax + unicontrolsets,3,LogisticRegression,0.4,0.1633
asic45_registers,ASIC45 Registers,luts + fmax + unicontrolsets,3,Perceptron,0.4,0.2828
asic45_registers,ASIC45 Registers,luts + fmax + unicontrolsets,3,SGDClassifier,0.3333,0.2494
asic45_registers,ASIC45 Registers,luts + power + nets,3,LogisticRegression,0.4667,0.2494
asic45_registers,ASIC45 Registers,luts + power + nets,3,Perceptron,0.6667,0.1886
asic45_registers,ASIC45 Registers,luts + power + nets,3,SGDClassifier,0.6,0.0
asic45_registers,ASIC45 Registers,luts + power + ffs,3,LogisticRegression,0.5333,0.0943
asic45_registers,ASIC45 Registers,luts + power + ffs,3,Perceptron,0.4667,0.0943
asic45_registers,ASIC45 Registers,luts + power + ffs,3,SGDClassifier,0.4667,0.0943
asic45_registers,ASIC45 Registers,luts + power + distram,3,LogisticRegression,0.3333,0.0943
asic45_registers,ASIC45 Registers,luts + power + distram,3,Perceptron,0.3333,0.0943
asic45_registers,ASIC45 Registers,luts + power + distram,3,SGDClassifier,0.2,0.0
asic45_registers,ASIC45 Registers,luts + power + unicontrolsets,3,LogisticRegression,0.4667,0.0943
asic45_registers,ASIC45 Registers,luts + power + unicontrolsets,3,Perceptron,0.5333,0.0943
asic45_registers,ASIC45 Registers,luts + power + unicontrolsets,3,SGDClassifier,0.4667,0.0943
asic45_registers,ASIC45 Registers,luts + nets + ffs,3,LogisticRegression,0.6667,0.0943
asic45_registers,ASIC45 Registers,luts + nets + ffs,3,Perceptron,0.5333,0.2494
asic45_registers,ASIC45 Registers,luts + nets + ffs,3,SGDClassifier,0.4667,0.0943
asic45_registers,ASIC45 Registers,luts + nets + distram,3,LogisticRegression,0.4667,0.2494
asic45_registers,ASIC45 Registers,luts + nets + distram,3,Perceptron,0.3333,0.0943
asic45_registers,ASIC45 Registers,luts + nets + distram,3,SGDClassifier,0.4,0.0
asic45_registers,ASIC45 Registers,luts + nets + unicontrolsets,3,LogisticRegression,0.6,0.1633
asic45_registers,ASIC45 Registers,luts + nets + unicontrolsets,3,Perceptron,0.5333,0.0943
asic45_registers,ASIC45 Registers,luts + nets + unicontrolsets,3,SGDClassifier,0.4667,0.1886
asic45_registers,ASIC45 Registers,luts + ffs + distram,3,LogisticRegression,0.5333,0.0943
asic45_registers,ASIC45 Registers,luts + ffs + distram,3,Perceptron,0.5333,0.0943
asic45_registers,ASIC45 Registers,luts + ffs + distram,3,SGDClassifier,0.5333,0.0943
asic45_registers,ASIC45 Registers,luts + ffs + unicontrolsets,3,LogisticRegression,0.6667,0.0943
asic45_registers,ASIC45 Registers,luts + ffs + unicontrolsets,3,Perceptron,0.4667,0.0943
asic45_registers,ASIC45 Registers,luts + ffs + unicontrolsets,3,SGDClassifier,0.4667,0.0943
asic45_registers,ASIC45 Registers,luts + distram + unicontrolsets,3,LogisticRegression,0.4,0.0
asic45_registers,ASIC45 Registers,luts + distram + unicontrolsets,3,Perceptron,0.2667,0.0943
asic45_registers,ASIC45 Registers,luts + distram + unicontrolsets,3,SGDClassifier,0.3333,0.1886
asic45_registers,ASIC45 Registers,fmax + power + nets,3,LogisticRegression,0.4667,0.0943
asic45_registers,ASIC45 Registers,fmax + power + nets,3,Perceptron,0.5333,0.0943
asic45_registers,ASIC45 Registers,fmax + power + nets,3,SGDClassifier,0.4667,0.0943
asic45_registers,ASIC45 Registers,fmax + power + ffs,3,LogisticRegression,0.4667,0.0943
asic45_registers,ASIC45 Registers,fmax + power + ffs,3,Perceptron,0.4667,0.0943
asic45_registers,ASIC45 Registers,fmax + power + ffs,3,SGDClassifier,0.4667,0.0943
asic45_registers,ASIC45 Registers,fmax + power + distram,3,LogisticRegression,0.3333,0.0943
asic45_registers,ASIC45 Registers,fmax + power + distram,3,Perceptron,0.4,0.1633
asic45_registers,ASIC45 Registers,fmax + power + distram,3,SGDClassifier,0.4667,0.1886
asic45_registers,ASIC45 Registers,fmax + power + unicontrolsets,3,LogisticRegression,0.3333,0.0943
asic45_registers,ASIC45 Registers,fmax + power + unicontrolsets,3,Perceptron,0.4667,0.0943
asic45_registers,ASIC45 Registers,fmax + power + unicontrolsets,3,SGDClassifier,0.4,0.1633
asic45_registers,ASIC45 Registers,fmax + nets + ffs,3,LogisticRegression,0.4667,0.1886
asic45_registers,ASIC45 Registers,fmax + nets + ffs,3,Perceptron,0.4667,0.3399
asic45_registers,ASIC45 Registers,fmax + nets + ffs,3,SGDClassifier,0.4667,0.1886
asic45_registers,ASIC45 Registers,fmax + nets + distram,3,LogisticRegression,0.4,0.1633
asic45_registers,ASIC45 Registers,fmax + nets + distram,3,Perceptron,0.4,0.1633
asic45_registers,ASIC45 Registers,fmax + nets + distram,3,SGDClassifier,0.4,0.1633
asic45_registers,ASIC45 Registers,fmax + nets + unicontrolsets,3,LogisticRegression,0.4667,0.1886
asic45_registers,ASIC45 Registers,fmax + nets + unicontrolsets,3,Perceptron,0.4,0.2828
asic45_registers,ASIC45 Registers,fmax + nets + unicontrolsets,3,SGDClassifier,0.3333,0.2494
asic45_registers,ASIC45 Registers,fmax + ffs + distram,3,LogisticRegression,0.4667,0.0943
asic45_registers,ASIC45 Registers,fmax + ffs + distram,3,Perceptron,0.6,0.0
asic45_registers,ASIC45 Registers,fmax + ffs + distram,3,SGDClassifier,0.6,0.0
asic45_registers,ASIC45 Registers,fmax + ffs + unicontrolsets,3,LogisticRegression,0.4,0.1633
asic45_registers,ASIC45 Registers,fmax + ffs + unicontrolsets,3,Perceptron,0.4667,0.0943
asic45_registers,ASIC45 Registers,fmax + ffs + unicontrolsets,3,SGDClassifier,0.5333,0.0943
asic45_registers,ASIC45 Registers,fmax + distram + unicontrolsets,3,LogisticRegression,0.3333,0.0943
asic45_registers,ASIC45 Registers,fmax + distram + unicontrolsets,3,Perceptron,0.3333,0.0943
asic45_registers,ASIC45 Registers,fmax + distram + unicontrolsets,3,SGDClassifier,0.4,0.0
asic45_registers,ASIC45 Registers,power + nets + ffs,3,LogisticRegression,0.5333,0.0943
asic45_registers,ASIC45 Registers,power + nets + ffs,3,Perceptron,0.4,0.1633
asic45_registers,ASIC45 Registers,power + nets + ffs,3,SGDClassifier,0.4667,0.0943
asic45_registers,ASIC45 Registers,power + nets + distram,3,LogisticRegression,0.3333,0.0943
asic45_registers,ASIC45 Registers,power + nets + distram,3,Perceptron,0.4,0.1633
asic45_registers,ASIC45 Registers,power + nets + distram,3,SGDClassifier,0.2667,0.0943
asic45_registers,ASIC45 Registers,power + nets + unicontrolsets,3,LogisticRegression,0.5333,0.1886
asic45_registers,ASIC45 Registers,power + nets + unicontrolsets,3,Perceptron,0.5333,0.0943
asic45_registers,ASIC45 Registers,power + nets + unicontrolsets,3,SGDClassifier,0.5333,0.0943
asic45_registers,ASIC45 Registers,power + ffs + distram,3,LogisticRegression,0.4667,0.0943
asic45_registers,ASIC45 Registers,power + ffs + distram,3,Perceptron,0.4667,0.0943
asic45_registers,ASIC45 Registers,power + ffs + distram,3,SGDClassifier,0.3333,0.0943
asic45_registers,ASIC45 Registers,power + ffs + unicontrolsets,3,LogisticRegression,0.6667,0.1886
asic45_registers,ASIC45 Registers,power + ffs + unicontrolsets,3,Perceptron,0.4667,0.0943
asic45_registers,ASIC45 Registers,power + ffs + unicontrolsets,3,SGDClassifier,0.4667,0.0943
asic45_registers,ASIC45 Registers,power + distram + unicontrolsets,3,LogisticRegression,0.4,0.0
asic45_registers,ASIC45 Registers,power + distram + unicontrolsets,3,Perceptron,0.3333,0.0943
asic45_registers,ASIC45 Registers,power + distram + unicontrolsets,3,SGDClassifier,0.4,0.1633
asic45_registers,ASIC45 Registers,nets + ffs + distram,3,LogisticRegression,0.5333,0.1886
asic45_registers,ASIC45 Registers,nets + ffs + distram,3,Perceptron,0.4667,0.0943
asic45_registers,ASIC45 Registers,nets + ffs + distram,3,SGDClassifier,0.4667,0.0943
asic45_registers,ASIC45 Registers,nets + ffs + unicontrolsets,3,LogisticRegression,0.6667,0.0943
asic45_registers,ASIC45 Registers,nets + ffs + unicontrolsets,3,Perceptron,0.5333,0.0943
asic45_registers,ASIC45 Registers,nets + ffs + unicontrolsets,3,SGDClassifier,0.4667,0.0943
asic45_registers,ASIC45 Registers,nets + distram + unicontrolsets,3,LogisticRegression,0.4,0.0
asic45_registers,ASIC45 Registers,nets + distram + unicontrolsets,3,Perceptron,0.4,0.1633
asic45_registers,ASIC45 Registers,nets + distram + unicontrolsets,3,SGDClassifier,0.4667,0.1886
asic45_registers,ASIC45 Registers,ffs + distram + unicontrolsets,3,LogisticRegression,0.6,0.1633
asic45_registers,ASIC45 Registers,ffs + distram + unicontrolsets,3,Perceptron,0.6667,0.0943
asic45_registers,ASIC45 Registers,ffs + distram + unicontrolsets,3,SGDClassifier,0.8,0.1633
asic45_registers,ASIC45 Registers,luts + fmax + power + nets,4,LogisticRegression,0.4667,0.0943
asic45_registers,ASIC45 Registers,luts + fmax + power + nets,4,Perceptron,0.5333,0.0943
asic45_registers,ASIC45 Registers,luts + fmax + power + nets,4,SGDClassifier,0.5333,0.0943
asic45_registers,ASIC45 Registers,luts + fmax + power + ffs,4,LogisticRegression,0.4,0.1633
asic45_registers,ASIC45 Registers,luts + fmax + power + ffs,4,Perceptron,0.6,0.1633
asic45_registers,ASIC45 Registers,luts + fmax + power + ffs,4,SGDClassifier,0.5333,0.0943
asic45_registers,ASIC45 Registers,luts + fmax + power + distram,4,LogisticRegression,0.3333,0.0943
asic45_registers,ASIC45 Registers,luts + fmax + power + distram,4,Perceptron,0.4667,0.1886
asic45_registers,ASIC45 Registers,luts + fmax + power + distram,4,SGDClassifier,0.4,0.1633
asic45_registers,ASIC45 Registers,luts + fmax + power + unicontrolsets,4,LogisticRegression,0.3333,0.0943
asic45_registers,ASIC45 Registers,luts + fmax + power + unicontrolsets,4,Perceptron,0.4,0.2828
asic45_registers,ASIC45 Registers,luts + fmax + power + unicontrolsets,4,SGDClassifier,0.4,0.1633
asic45_registers,ASIC45 Registers,luts + fmax + nets + ffs,4,LogisticRegression,0.4667,0.1886
asic45_registers,ASIC45 Registers,luts + fmax + nets + ffs,4,Perceptron,0.6,0.1633
asic45_registers,ASIC45 Registers,luts + fmax + nets + ffs,4,SGDClassifier,0.4667,0.0943
asic45_registers,ASIC45 Registers,luts + fmax + nets + distram,4,LogisticRegression,0.4,0.1633
asic45_registers,ASIC45 Registers,luts + fmax + nets + distram,4,Perceptron,0.6,0.3266
asic45_registers,ASIC45 Registers,luts + fmax + nets + distram,4,SGDClassifier,0.6,0.3266
asic45_registers,ASIC45 Registers,luts + fmax + nets + unicontrolsets,4,LogisticRegression,0.4,0.1633
asic45_registers,ASIC45 Registers,luts + fmax + nets + unicontrolsets,4,Perceptron,0.4,0.3266
asic45_registers,ASIC45 Registers,luts + fmax + nets + unicontrolsets,4,SGDClassifier,0.4667,0.3399
asic45_registers,ASIC45 Registers,luts + fmax + ffs + distram,4,LogisticRegression,0.4667,0.0943
asic45_registers,ASIC45 Registers,luts + fmax + ffs + distram,4,Perceptron,0.6,0.1633
asic45_registers,ASIC45 Registers,luts + fmax + ffs + distram,4,SGDClassifier,0.5333,0.0943
asic45_registers,ASIC45 Registers,luts + fmax + ffs + unicontrolsets,4,LogisticRegression,0.4667,0.1886
asic45_registers,ASIC45 Registers,luts + fmax + ffs + unicontrolsets,4,Perceptron,0.4667,0.1886
asic45_registers,ASIC45 Registers,luts + fmax + ffs + unicontrolsets,4,SGDClassifier,0.3333,0.2494
asic45_registers,ASIC45 Registers,luts + fmax + distram + unicontrolsets,4,LogisticRegression,0.4,0.1633
asic45_registers,ASIC45 Registers,luts + fmax + distram + unicontrolsets,4,Perceptron,0.3333,0.1886
asic45_registers,ASIC45 Registers,luts + fmax + distram + unicontrolsets,4,SGDClassifier,0.4,0.1633
asic45_registers,ASIC45 Registers,luts + power + nets + ffs,4,LogisticRegression,0.5333,0.0943
asic45_registers,ASIC45 Registers,luts + power + nets + ffs,4,Perceptron,0.4,0.1633
asic45_registers,ASIC45 Registers,luts + power + nets + ffs,4,SGDClassifier,0.4667,0.0943
asic45_registers,ASIC45 Registers,luts + power + nets + distram,4,LogisticRegression,0.3333,0.0943
asic45_registers,ASIC45 Registers,luts + power + nets + distram,4,Perceptron,0.3333,0.0943
asic45_registers,ASIC45 Registers,luts + power + nets + distram,4,SGDClassifier,0.3333,0.0943
asic45_registers,ASIC45 Registers,luts + power + nets + unicontrolsets,4,LogisticRegression,0.5333,0.1886
asic45_registers,ASIC45 Registers,luts + power + nets + unicontrolsets,4,Perceptron,0.5333,0.0943
asic45_registers,ASIC45 Registers,luts + power + nets + unicontrolsets,4,SGDClassifier,0.4667,0.0943
asic45_registers,ASIC45 Registers,luts + power + ffs + distram,4,LogisticRegression,0.4667,0.0943
asic45_registers,ASIC45 Registers,luts + power + ffs + distram,4,Perceptron,0.4,0.0
asic45_registers,ASIC45 Registers,luts + power + ffs + distram,4,SGDClassifier,0.4,0.0
asic45_registers,ASIC45 Registers,luts + power + ffs + unicontrolsets,4,LogisticRegression,0.6,0.1633
asic45_registers,ASIC45 Registers,luts + power + ffs + unicontrolsets,4,Perceptron,0.4667,0.0943
asic45_registers,ASIC45 Registers,luts + power + ffs + unicontrolsets,4,SGDClassifier,0.4667,0.0943
asic45_registers,ASIC45 Registers,luts + power + distram + unicontrolsets,4,LogisticRegression,0.4,0.0
asic45_registers,ASIC45 Registers,luts + power + distram + unicontrolsets,4,Perceptron,0.2667,0.0943
asic45_registers,ASIC45 Registers,luts + power + distram + unicontrolsets,4,SGDClassifier,0.4,0.1633
asic45_registers,ASIC45 Registers,luts + nets + ffs + distram,4,LogisticRegression,0.5333,0.1886
asic45_registers,ASIC45 Registers,luts + nets + ffs + distram,4,Perceptron,0.4667,0.0943
asic45_registers,ASIC45 Registers,luts + nets + ffs + distram,4,SGDClassifier,0.4667,0.0943
asic45_registers,ASIC45 Registers,luts + nets + ffs + unicontrolsets,4,LogisticRegression,0.6667,0.0943
asic45_registers,ASIC45 Registers,luts + nets + ffs + unicontrolsets,4,Perceptron,0.5333,0.0943
asic45_registers,ASIC45 Registers,luts + nets + ffs + unicontrolsets,4,SGDClassifier,0.4667,0.0943
asic45_registers,ASIC45 Registers,luts + nets + distram + unicontrolsets,4,LogisticRegression,0.5333,0.1886
asic45_registers,ASIC45 Registers,luts + nets + distram + unicontrolsets,4,Perceptron,0.5333,0.0943
asic45_registers,ASIC45 Registers,luts + nets + distram + unicontrolsets,4,SGDClassifier,0.4667,0.1886
asic45_registers,ASIC45 Registers,luts + ffs + distram + unicontrolsets,4,LogisticRegression,0.6,0.1633
asic45_registers,ASIC45 Registers,luts + ffs + distram + unicontrolsets,4,Perceptron,0.5333,0.0943
asic45_registers,ASIC45 Registers,luts + ffs + distram + unicontrolsets,4,SGDClassifier,0.5333,0.0943
asic45_registers,ASIC45 Registers,fmax + power + nets + ffs,4,LogisticRegression,0.4,0.1633
asic45_registers,ASIC45 Registers,fmax + power + nets + ffs,4,Perceptron,0.5333,0.0943
asic45_registers,ASIC45 Registers,fmax + power + nets + ffs,4,SGDClassifier,0.5333,0.1886
asic45_registers,ASIC45 Registers,fmax + power + nets + distram,4,LogisticRegression,0.3333,0.0943
asic45_registers,ASIC45 Registers,fmax + power + nets + distram,4,Perceptron,0.4667,0.2494
asic45_registers,ASIC45 Registers,fmax + power + nets + distram,4,SGDClassifier,0.4,0.1633
asic45_registers,ASIC45 Registers,fmax + power + nets + unicontrolsets,4,LogisticRegression,0.3333,0.0943
asic45_registers,ASIC45 Registers,fmax + power + nets + unicontrolsets,4,Perceptron,0.4667,0.3399
asic45_registers,ASIC45 Registers,fmax + power + nets + unicontrolsets,4,SGDClassifier,0.4,0.2828
asic45_registers,ASIC45 Registers,fmax + power + ffs + distram,4,LogisticRegression,0.4,0.0
asic45_registers,ASIC45 Registers,fmax + power + ffs + distram,4,Perceptron,0.6,0.0
asic45_registers,ASIC45 Registers,fmax + power + ffs + distram,4,SGDClassifier,0.6,0.0
asic45_registers,ASIC45 Registers,fmax + power + ffs + unicontrolsets,4,LogisticRegression,0.4,0.1633
asic45_registers,ASIC45 Registers,fmax + power + ffs + unicontrolsets,4,Perceptron,0.4,0.1633
asic45_registers,ASIC45 Registers,fmax + power + ffs + unicontrolsets,4,SGDClassifier,0.5333,0.2494
asic45_registers,ASIC45 Registers,fmax + power + distram + unicontrolsets,4,LogisticRegression,0.2667,0.0943
asic45_registers,ASIC45 Registers,fmax + power + distram + unicontrolsets,4,Perceptron,0.4,0.0
asic45_registers,ASIC45 Registers,fmax + power + distram + unicontrolsets,4,SGDClassifier,0.4667,0.0943
asic45_registers,ASIC45 Registers,fmax + nets + ffs + distram,4,LogisticRegression,0.4667,0.0943
asic45_registers,ASIC45 Registers,fmax + nets + ffs + distram,4,Perceptron,0.6,0.0
asic45_registers,ASIC45 Registers,fmax + nets + ffs + distram,4,SGDClassifier,0.6,0.0
asic45_registers,ASIC45 Registers,fmax + nets + ffs + unicontrolsets,4,LogisticRegression,0.4667,0.1886
asic45_registers,ASIC45 Registers,fmax + nets + ffs + unicontrolsets,4,Perceptron,0.4667,0.1886
asic45_registers,ASIC45 Registers,fmax + nets + ffs + unicontrolsets,4,SGDClassifier,0.4667,0.3399
asic45_registers,ASIC45 Registers,fmax + nets + distram + unicontrolsets,4,LogisticRegression,0.4,0.1633
asic45_registers,ASIC45 Registers,fmax + nets + distram + unicontrolsets,4,Perceptron,0.4,0.1633
asic45_registers,ASIC45 Registers,fmax + nets + distram + unicontrolsets,4,SGDClassifier,0.5333,0.0943
asic45_registers,ASIC45 Registers,fmax + ffs + distram + unicontrolsets,4,LogisticRegression,0.4,0.1633
asic45_registers,ASIC45 Registers,fmax + ffs + distram + unicontrolsets,4,Perceptron,0.5333,0.0943
asic45_registers,ASIC45 Registers,fmax + ffs + distram + unicontrolsets,4,SGDClassifier,0.6,0.0
asic45_registers,ASIC45 Registers,power + nets + ffs + distram,4,LogisticRegression,0.4,0.0
asic45_registers,ASIC45 Registers,power + nets + ffs + distram,4,Perceptron,0.4667,0.0943
asic45_registers,ASIC45 Registers,power + nets + ffs + distram,4,SGDClassifier,0.3333,0.0943
asic45_registers,ASIC45 Registers,power + nets + ffs + unicontrolsets,4,LogisticRegression,0.6,0.1633
asic45_registers,ASIC45 Registers,power + nets + ffs + unicontrolsets,4,Perceptron,0.5333,0.0943
asic45_registers,ASIC45 Registers,power + nets + ffs + unicontrolsets,4,SGDClassifier,0.4,0.1633
asic45_registers,ASIC45 Registers,power + nets + distram + unicontrolsets,4,LogisticRegression,0.4,0.0
asic45_registers,ASIC45 Registers,power + nets + distram + unicontrolsets,4,Perceptron,0.2,0.1633
asic45_registers,ASIC45 Registers,power + nets + distram + unicontrolsets,4,SGDClassifier,0.3333,0.0943
asic45_registers,ASIC45 Registers,power + ffs + distram + unicontrolsets,4,LogisticRegression,0.5333,0.1886
asic45_registers,ASIC45 Registers,power + ffs + distram + unicontrolsets,4,Perceptron,0.4,0.0
asic45_registers,ASIC45 Registers,power + ffs + distram + unicontrolsets,4,SGDClassifier,0.5333,0.1886
asic45_registers,ASIC45 Registers,nets + ffs + distram + unicontrolsets,4,LogisticRegression,0.6667,0.1886
asic45_registers,ASIC45 Registers,nets + ffs + distram + unicontrolsets,4,Perceptron,0.5333,0.1886
asic45_registers,ASIC45 Registers,nets + ffs + distram + unicontrolsets,4,SGDClassifier,0.6,0.1633
asic45_registers,ASIC45 Registers,luts + fmax + power + nets + ffs,5,LogisticRegression,0.4667,0.1886
asic45_registers,ASIC45 Registers,luts + fmax + power + nets + ffs,5,Perceptron,0.5333,0.0943
asic45_registers,ASIC45 Registers,luts + fmax + power + nets + ffs,5,SGDClassifier,0.5333,0.0943
asic45_registers,ASIC45 Registers,luts + fmax + power + nets + distram,5,LogisticRegression,0.3333,0.0943
asic45_registers,ASIC45 Registers,luts + fmax + power + nets + distram,5,Perceptron,0.4,0.1633
asic45_registers,ASIC45 Registers,luts + fmax + power + nets + distram,5,SGDClassifier,0.5333,0.2494
asic45_registers,ASIC45 Registers,luts + fmax + power + nets + unicontrolsets,5,LogisticRegression,0.4,0.1633
asic45_registers,ASIC45 Registers,luts + fmax + power + nets + unicontrolsets,5,Perceptron,0.4667,0.2494
asic45_registers,ASIC45 Registers,luts + fmax + power + nets + unicontrolsets,5,SGDClassifier,0.4,0.1633
asic45_registers,ASIC45 Registers,luts + fmax + power + ffs + distram,5,LogisticRegression,0.4,0.0
asic45_registers,ASIC45 Registers,luts + fmax + power + ffs + distram,5,Perceptron,0.5333,0.0943
asic45_registers,ASIC45 Registers,luts + fmax + power + ffs + distram,5,SGDClassifier,0.5333,0.0943
asic45_registers,ASIC45 Registers,luts + fmax + power + ffs + unicontrolsets,5,LogisticRegression,0.4,0.1633
asic45_registers,ASIC45 Registers,luts + fmax + power + ffs + unicontrolsets,5,Perceptron,0.4667,0.1886
asic45_registers,ASIC45 Registers,luts + fmax + power + ffs + unicontrolsets,5,SGDClassifier,0.4667,0.0943
asic45_registers,ASIC45 Registers,luts + fmax + power + distram + unicontrolsets,5,LogisticRegression,0.2667,0.0943
asic45_registers,ASIC45 Registers,luts + fmax + power + distram + unicontrolsets,5,Perceptron,0.4667,0.1886
asic45_registers,ASIC45 Registers,luts + fmax + power + distram + unicontrolsets,5,SGDClassifier,0.4,0.1633
asic45_registers,ASIC45 Registers,luts + fmax + nets + ffs + distram,5,LogisticRegression,0.4,0.1633
asic45_registers,ASIC45 Registers,luts + fmax + nets + ffs + distram,5,Perceptron,0.5333,0.0943
asic45_registers,ASIC45 Registers,luts + fmax + nets + ffs + distram,5,SGDClassifier,0.6,0.1633
asic45_registers,ASIC45 Registers,luts + fmax + nets + ffs + unicontrolsets,5,LogisticRegression,0.4667,0.1886
asic45_registers,ASIC45 Registers,luts + fmax + nets + ffs + unicontrolsets,5,Perceptron,0.3333,0.2494
asic45_registers,ASIC45 Registers,luts + fmax + nets + ffs + unicontrolsets,5,SGDClassifier,0.4667,0.1886
asic45_registers,ASIC45 Registers,luts + fmax + nets + distram + unicontrolsets,5,LogisticRegression,0.4,0.1633
asic45_registers,ASIC45 Registers,luts + fmax + nets + distram + unicontrolsets,5,Perceptron,0.4667,0.1886
asic45_registers,ASIC45 Registers,luts + fmax + nets + distram + unicontrolsets,5,SGDClassifier,0.4667,0.1886
asic45_registers,ASIC45 Registers,luts + fmax + ffs + distram + unicontrolsets,5,LogisticRegression,0.4,0.1633
asic45_registers,ASIC45 Registers,luts + fmax + ffs + distram + unicontrolsets,5,Perceptron,0.5333,0.0943
asic45_registers,ASIC45 Registers,luts + fmax + ffs + distram + unicontrolsets,5,SGDClassifier,0.5333,0.0943
asic45_registers,ASIC45 Registers,luts + power + nets + ffs + distram,5,LogisticRegression,0.4,0.0
asic45_registers,ASIC45 Registers,luts + power + nets + ffs + distram,5,Perceptron,0.3333,0.0943
asic45_registers,ASIC45 Registers,luts + power + nets + ffs + distram,5,SGDClassifier,0.3333,0.0943
asic45_registers,ASIC45 Registers,luts + power + nets + ffs + unicontrolsets,5,LogisticRegression,0.6,0.0
asic45_registers,ASIC45 Registers,luts + power + nets + ffs + unicontrolsets,5,Perceptron,0.4,0.1633
asic45_registers,ASIC45 Registers,luts + power + nets + ffs + unicontrolsets,5,SGDClassifier,0.5333,0.0943
asic45_registers,ASIC45 Registers,luts + power + nets + distram + unicontrolsets,5,LogisticRegression,0.4,0.0
asic45_registers,ASIC45 Registers,luts + power + nets + distram + unicontrolsets,5,Perceptron,0.4,0.1633
asic45_registers,ASIC45 Registers,luts + power + nets + distram + unicontrolsets,5,SGDClassifier,0.2667,0.0943
asic45_registers,ASIC45 Registers,luts + power + ffs + distram + unicontrolsets,5,LogisticRegression,0.5333,0.1886
asic45_registers,ASIC45 Registers,luts + power + ffs + distram + unicontrolsets,5,Perceptron,0.5333,0.0943
asic45_registers,ASIC45 Registers,luts + power + ffs + distram + unicontrolsets,5,SGDClassifier,0.5333,0.0943
asic45_registers,ASIC45 Registers,luts + nets + ffs + distram + unicontrolsets,5,LogisticRegression,0.6667,0.1886
asic45_registers,ASIC45 Registers,luts + nets + ffs + distram + unicontrolsets,5,Perceptron,0.4,0.0
asic45_registers,ASIC45 Registers,luts + nets + ffs + distram + unicontrolsets,5,SGDClassifier,0.4667,0.0943
asic45_registers,ASIC45 Registers,fmax + power + nets + ffs + distram,5,LogisticRegression,0.4,0.0
asic45_registers,ASIC45 Registers,fmax + power + nets + ffs + distram,5,Perceptron,0.6,0.0
asic45_registers,ASIC45 Registers,fmax + power + nets + ffs + distram,5,SGDClassifier,0.5333,0.0943
asic45_registers,ASIC45 Registers,fmax + power + nets + ffs + unicontrolsets,5,LogisticRegression,0.4667,0.1886
asic45_registers,ASIC45 Registers,fmax + power + nets + ffs + unicontrolsets,5,Perceptron,0.4667,0.2494
asic45_registers,ASIC45 Registers,fmax + power + nets + ffs + unicontrolsets,5,SGDClassifier,0.5333,0.1886
asic45_registers,ASIC45 Registers,fmax + power + nets + distram + unicontrolsets,5,LogisticRegression,0.2667,0.0943
asic45_registers,ASIC45 Registers,fmax + power + nets + distram + unicontrolsets,5,Perceptron,0.4,0.1633
asic45_registers,ASIC45 Registers,fmax + power + nets + distram + unicontrolsets,5,SGDClassifier,0.4667,0.1886
asic45_registers,ASIC45 Registers,fmax + power + ffs + distram + unicontrolsets,5,LogisticRegression,0.3333,0.0943
asic45_registers,ASIC45 Registers,fmax + power + ffs + distram + unicontrolsets,5,Perceptron,0.4667,0.0943
asic45_registers,ASIC45 Registers,fmax + power + ffs + distram + unicontrolsets,5,SGDClassifier,0.4667,0.1886
asic45_registers,ASIC45 Registers,fmax + nets + ffs + distram + unicontrolsets,5,LogisticRegression,0.4,0.1633
asic45_registers,ASIC45 Registers,fmax + nets + ffs + distram + unicontrolsets,5,Perceptron,0.4667,0.1886
asic45_registers,ASIC45 Registers,fmax + nets + ffs + distram + unicontrolsets,5,SGDClassifier,0.6,0.0
asic45_registers,ASIC45 Registers,power + nets + ffs + distram + unicontrolsets,5,LogisticRegression,0.5333,0.1886
asic45_registers,ASIC45 Registers,power + nets + ffs + distram + unicontrolsets,5,Perceptron,0.6,0.0
asic45_registers,ASIC45 Registers,power + nets + ffs + distram + unicontrolsets,5,SGDClassifier,0.4667,0.0943
asic45_registers,ASIC45 Registers,luts + fmax + power + nets + ffs + distram,6,LogisticRegression,0.3333,0.0943
asic45_registers,ASIC45 Registers,luts + fmax + power + nets + ffs + distram,6,Perceptron,0.5333,0.0943
asic45_registers,ASIC45 Registers,luts + fmax + power + nets + ffs + distram,6,SGDClassifier,0.4667,0.0943
asic45_registers,ASIC45 Registers,luts + fmax + power + nets + ffs + unicontrolsets,6,LogisticRegression,0.4667,0.1886
asic45_registers,ASIC45 Registers,luts + fmax + power + nets + ffs + unicontrolsets,6,Perceptron,0.5333,0.2494
asic45_registers,ASIC45 Registers,luts + fmax + power + nets + ffs + unicontrolsets,6,SGDClassifier,0.4667,0.0943
asic45_registers,ASIC45 Registers,luts + fmax + power + nets + distram + unicontrolsets,6,LogisticRegression,0.2667,0.0943
asic45_registers,ASIC45 Registers,luts + fmax + power + nets + distram + unicontrolsets,6,Perceptron,0.3333,0.0943
asic45_registers,ASIC45 Registers,luts + fmax + power + nets + distram + unicontrolsets,6,SGDClassifier,0.4,0.1633
asic45_registers,ASIC45 Registers,luts + fmax + power + ffs + distram + unicontrolsets,6,LogisticRegression,0.3333,0.0943
asic45_registers,ASIC45 Registers,luts + fmax + power + ffs + distram + unicontrolsets,6,Perceptron,0.4,0.1633
asic45_registers,ASIC45 Registers,luts + fmax + power + ffs + distram + unicontrolsets,6,SGDClassifier,0.4667,0.0943
asic45_registers,ASIC45 Registers,luts + fmax + nets + ffs + distram + unicontrolsets,6,LogisticRegression,0.4,0.1633
asic45_registers,ASIC45 Registers,luts + fmax + nets + ffs + distram + unicontrolsets,6,Perceptron,0.4,0.1633
asic45_registers,ASIC45 Registers,luts + fmax + nets + ffs + distram + unicontrolsets,6,SGDClassifier,0.5333,0.0943
asic45_registers,ASIC45 Registers,luts + power + nets + ffs + distram + unicontrolsets,6,LogisticRegression,0.5333,0.1886
asic45_registers,ASIC45 Registers,luts + power + nets + ffs + distram + unicontrolsets,6,Perceptron,0.4667,0.1886
asic45_registers,ASIC45 Registers,luts + power + nets + ffs + distram + unicontrolsets,6,SGDClassifier,0.4667,0.0943
asic45_registers,ASIC45 Registers,fmax + power + nets + ffs + distram + unicontrolsets,6,LogisticRegression,0.3333,0.0943
asic45_registers,ASIC45 Registers,fmax + power + nets + ffs + distram + unicontrolsets,6,Perceptron,0.4,0.1633
asic45_registers,ASIC45 Registers,fmax + power + nets + ffs + distram + unicontrolsets,6,SGDClassifier,0.4667,0.0943
asic45_registers,ASIC45 Registers,luts + fmax + power + nets + ffs + distram + unicontrolsets,7,LogisticRegression,0.3333,0.0943
asic45_registers,ASIC45 Registers,luts + fmax + power + nets + ffs + distram + unicontrolsets,7,Perceptron,0.4667,0.0943
asic45_registers,ASIC45 Registers,luts + fmax + power + nets + ffs + distram + unicontrolsets,7,SGDClassifier,0.5333,0.0943
